object_id,right_ascension,declination,segmentation_area,flux_detection_total,fluxerr_detection_total,vis_det,ellipticity,det_quality_flag,flux_vis_1fwhm_aper,fluxerr_vis_1fwhm_aper,flux_y_1fwhm_aper,fluxerr_y_1fwhm_aper,set_id,role,grade,field,tile_id,mag_total,log_area,reference_rank,match_distance_arcsec,match_delta_mag,match_delta_log_area,match_cost,nearest_published_candidate_arcsec,snr_total,color_vis_y,path_vis,candidate_neighbour_fraction
-506975229268471008,50.69752295797399,-26.847100801153484,2070,32.84154510498047,0.2093684524297714,1,0.1832843720912933,0,7.219400405883789,0.038761019706726,20.67236328125,0.2734038829803467,set_-506975229268471008,candidate,C,fornax,102045463.0,20.10894104675743,3.315970345456918,0,0.0,0.0,0.0,0.0,0.0,156.86004612369445,1.1422224970717507,data/raw/cutouts/-506975229268471008_VIS.fits,0.8
-507160367278169879,50.71603674183437,-27.81698793575472,1190,27.42662811279297,0.1371272802352905,1,0.1861773282289505,2,6.476994514465332,0.034329567104578,10.89027976989746,0.1983657628297805,set_-507160367278169879,candidate,C,fornax,102044181.0,20.304568955471144,3.0755469613925306,0,0.0,0.0,0.0,0.0,0.0,200.0085472834644,0.5641637690752909,data/raw/cutouts/-507160367278169879_VIS.fits,0.3
-507194923268535853,50.719492394710414,-26.853585327501964,1436,28.517087936401367,0.2299486100673675,1,0.5033652782440186,0,4.538867950439453,0.0371440425515174,10.914362907409668,0.1597554087638855,set_-506975229268471008,reference,unlabelled,fornax,,20.262237062909705,3.1571544399062814,1,74.32445887513872,0.1532960161522751,-0.1588159055506364,0.8964057719029047,74.32445887514034,124.01504809290556,0.9526271055012504,data/raw/cutouts/-507194923268535853_VIS.fits,0.0
-507209387278417771,50.72093871120807,-27.84177713926964,1522,32.46506118774414,0.1542773842811584,1,0.3650141656398773,514,8.79486083984375,0.0393345542252063,20.50125503540039,0.2721357345581054,set_-507160367278169879,reference,unlabelled,fornax,,20.121459435660903,3.182414652434554,1,90.59541251205394,-0.1831095198102375,0.1068676910420234,0.6650997315829228,67.24196177477633,210.4330543262201,0.9188786905904446,data/raw/cutouts/-507209387278417771_VIS.fits,0.1
-508246535276082598,50.824653561926,-27.60825980706444,1187,17.747997283935547,0.223901942372322,1,0.1810033768415451,0,3.242032051086426,0.0335223339498043,8.885958671569824,0.1755281686782837,set_-508273837276359918,reference,unlabelled,fornax,,20.777126616044317,3.074450718954591,1,100.21439116783326,-0.0513678538093458,0.0499650512554241,0.100341251957244,100.21439116784582,79.26683036283251,1.0947174624926097,data/raw/cutouts/-508246535276082598_VIS.fits,0.2
-508273837276359918,50.82738370107642,-27.635991838592243,1058,16.927865982055664,0.1557128280401229,1,0.4039446711540222,514,2.49939513206482,0.0277675129473209,7.911242961883545,0.204705074429512,set_-508273837276359918,candidate,C,fornax,102044821.0,20.82849446985366,3.024485667699167,0,0.0,0.0,0.0,0.0,0.0,108.7120836164752,1.2510245067085182,data/raw/cutouts/-508273837276359918_VIS.fits,0.7
-508494462270317269,50.84944620516868,-27.03172698203618,970,14.27371883392334,0.1576436161994934,1,0.1062553822994232,0,3.429227352142334,0.030295256525278,10.973199844360352,0.1753999590873718,set_-508678065270519062,reference,unlabelled,fornax,,21.013657155748596,2.9867717342662448,1,93.5049615795448,-0.1371052799203305,-0.0466520212207051,0.2707712293414798,93.5049615795444,90.54422359774064,1.2628425239500174,data/raw/cutouts/-508494462270317269_VIS.fits,0.8
-508678065270519062,50.86780657868912,-27.05190625945093,1080,12.580416679382324,0.1522771716117859,1,0.1191296651959419,2,2.579996109008789,0.0297605711966753,6.337722301483154,0.1529078185558319,set_-508678065270519062,candidate,C,fornax,102045463.0,21.150762435668923,3.03342375548695,0,0.0,0.0,0.0,0.0,0.0,82.6152505081637,0.9757853872561326,data/raw/cutouts/-508678065270519062_VIS.fits,1.0
-509449559274572380,50.94495595239306,-27.4572380334476,1240,19.34413146972656,0.2155076712369918,1,0.0616910606622695,0,3.023499250411988,0.030644217506051,11.794233322143556,0.217390090227127,set_-509449559274572380,candidate,A,fornax,102044821.0,20.68362691212653,3.093421685162235,0,0.0,0.0,0.0,0.0,0.0,89.7607558872185,1.4778996244655862,data/raw/cutouts/-509449559274572380_VIS.fits,0.9
-509462977274422830,50.94629777289976,-27.44228307102697,730,13.20129108428955,0.2216397821903228,1,0.4506213068962097,0,2.6647253036499023,0.0388853289186954,6.019197463989258,0.1756588518619537,set_-509462977274422830,candidate,C,fornax,102044821.0,21.0984589819545,2.863322860120456,0,0.0,0.0,0.0,0.0,0.0,59.56192049021939,0.8847153624549131,data/raw/cutouts/-509462977274422830_VIS.fits,0.6
-509632615274425848,50.96326150909042,-27.442584819144173,821,18.90532875061035,0.1501982063055038,1,0.1336066275835037,0,5.693118572235107,0.040998637676239,14.41322898864746,0.2076779901981353,set_-509449559274572380,reference,unlabelled,fornax,,20.708539415386696,2.9143431571194407,1,78.75727556008493,0.0249125032601646,-0.1790785280427944,0.813941723105315,54.208453653735575,125.86920453734868,1.008527643528748,data/raw/cutouts/-509632615274425848_VIS.fits,0.2
-509712708272035105,50.9712708979522,-27.203510554074345,2629,48.41415023803711,0.2533759176731109,1,0.4486404061317444,0,10.20443344116211,0.048268012702465,27.01190948486328,0.2514715194702148,set_-510020362271915172,reference,unlabelled,fornax,,19.687569216129614,3.419790586106363,1,107.5560202361391,-0.1008730298523374,-0.0400540562818449,0.1630857822666651,107.55602023614767,191.07636859355316,1.0569159710911071,data/raw/cutouts/-509712708272035105_VIS.fits,0.1
-509723477268505347,50.97234775299801,-26.85053475645937,846,11.963826179504396,0.2042863965034485,1,0.2472515255212783,0,1.4422236680984497,0.0294438078999519,4.486949920654297,0.1565082520246505,set_-509723477268505347,candidate,C,fornax,102045463.0,21.205324763472923,2.9273703630390235,0,0.0,0.0,0.0,0.0,0.0,58.56398851943349,1.2322965098290748,data/raw/cutouts/-509723477268505347_VIS.fits,1.0
-509726963274402122,50.97269639466852,-27.44021229171636,741,11.870615005493164,0.1573416590690612,1,0.5134888291358948,2,3.077164649963379,0.0358618684113025,4.260932922363281,0.12652088701725,set_-509462977274422830,reference,unlabelled,fornax,,21.21381695017608,2.869818207979328,1,84.67087771900394,0.1153579682215806,0.006495347858872,0.1550618115711572,84.67087771899807,75.4448318120432,0.3533849067584721,data/raw/cutouts/-509726963274402122_VIS.fits,0.5
-509865277268371629,50.98652777988416,-26.83716294658068,716,12.011813163757324,0.1198985502123832,1,0.1491392403841018,0,3.600576400756836,0.031240776181221,11.426380157470703,0.2117779105901718,set_-509723477268505347,reference,unlabelled,fornax,,21.200978578999045,2.854913022307856,1,66.27112645454733,-0.0043461844738779,-0.0724573407311681,0.1352268509321902,66.2711264545428,100.18313934972616,1.2538415958657734,data/raw/cutouts/-509865277268371629_VIS.fits,0.0
-510020362271915172,51.0020362232379,-27.191517292522285,2883,44.11874008178711,0.3299869000911712,1,0.3625105917453766,2,3.6148605346679688,0.032423011958599,12.777450561523438,0.1771518290042877,set_-510020362271915172,candidate,B,fornax,102045463.0,19.78844224598195,3.459844642388208,0,0.0,0.0,0.0,0.0,0.0,133.6984591497349,1.3708816571723426,data/raw/cutouts/-510020362271915172_VIS.fits,0.9
-510804908276453302,51.080490803663785,-27.64533020943393,1496,26.54339027404785,0.1718020737171173,1,0.1162285357713699,0,7.162627696990967,0.0398674421012401,21.424604415893555,0.2909749746322632,set_-510804908276453302,candidate,C,fornax,102044821.0,20.340109018366515,3.1749315935284423,0,0.0,0.0,0.0,0.0,0.0,154.49982470964338,1.1896010852606906,data/raw/cutouts/-510804908276453302_VIS.fits,0.9
-510849997278655468,51.08499979386874,-27.86554685372998,1230,23.564393997192383,0.1612403392791748,1,0.4557487368583679,2,5.945194721221924,0.0353550687432289,19.68355941772461,0.2577736973762512,set_-510849997278655468,candidate,C,fornax,102044182.0,20.46935931115482,3.089905111439398,0,0.0,0.0,0.0,0.0,0.0,146.1445324571819,1.2998438800895684,data/raw/cutouts/-510849997278655468_VIS.fits,0.3
-510911791276293747,51.09117919595653,-27.62937474749016,1369,27.355512619018555,0.2394513338804245,1,0.4951708614826202,0,4.527811050415039,0.0360465534031391,10.252154350280762,0.1847855597734451,set_-510804908276453302,reference,unlabelled,fornax,,20.307387856253463,3.13640344813399,1,66.79296241863402,-0.0327211621130523,-0.0385281453944523,0.052831677998611,66.79296241863423,114.24247330640954,0.8873171024382662,data/raw/cutouts/-510911791276293747_VIS.fits,0.0
-510977247277111006,51.09772478483481,-27.71110068212445,2089,30.029829025268555,0.2161979973316192,1,0.1084204018115997,0,6.159246444702148,0.0359117947518825,19.70989227294922,0.2662129700183868,set_-510977247277111006,candidate,C,fornax,102044821.0,20.20611785112041,3.3199384399803087,0,0.0,0.0,0.0,0.0,0.0,138.89966325269313,1.2628916727421324,data/raw/cutouts/-510977247277111006_VIS.fits,0.7
-511007554277211483,51.10075545329866,-27.72114838517664,1504,28.63043212890625,0.2228948324918747,1,0.6010451912879944,0,4.820162296295166,0.0358065962791442,8.142152786254883,0.1736093014478683,set_-510977247277111006,reference,unlabelled,fornax,,20.257930242434377,3.177247836255624,1,37.43904680411649,0.051812391313966,-0.1426906037246853,0.5400449696316314,37.43904680411996,128.44816458429978,0.5691939657010052,data/raw/cutouts/-511007554277211483_VIS.fits,0.0
-511033523266174541,51.10335237637548,-26.61745412323133,1028,40.20847702026367,0.3357704281806946,1,0.0140592288225889,0,12.000526428222656,0.1029814109206199,29.673973083496094,24.97959327697754,set_-511033523266174541,candidate,C,fornax,102046109.0,19.88920594098195,3.011993114659257,0,0.0,0.0,0.0,0.0,0.0,119.74990542831698,0.982938501778672,data/raw/cutouts/-511033523266174541_VIS.fits,0.7
-511175611278596163,51.11756118030224,-27.85961633626487,1161,23.95413589477539,0.1690244227647781,1,0.3314050436019897,0,6.807351112365723,0.0440642088651657,13.395477294921877,5.864897727966309,set_-510849997278655468,reference,unlabelled,fornax,,20.451548727418416,3.064832219738574,1,105.80804445128274,-0.0178105837364057,-0.025072891700824,0.0288390811359808,105.80804445126655,141.7199686468448,0.734950102964931,data/raw/cutouts/-511175611278596163_VIS.fits,0.1
-511337878266121416,51.13378784106353,-26.61214164665232,1383,32.540470123291016,0.2393408566713333,1,0.3465398252010345,2,7.85750150680542,0.0512012243270874,15.61803913116455,1.6481691598892212,set_-511033523266174541,reference,unlabelled,fornax,,20.11894044238264,3.1408221801093106,1,99.80720516376503,0.2297345014006886,0.1288290654500534,1.0098851327426237,99.8072051637654,135.95869328727318,0.745855084127436,data/raw/cutouts/-511337878266121416_VIS.fits,0.7
-511661845285501478,51.16618456311025,-28.55014781908495,1389,22.8834171295166,0.2014089375734329,1,0.4022080898284912,2,5.80109977722168,0.0416305884718894,16.38915252685547,0.2655344903469085,set_-511883643285469911,reference,unlabelled,fornax,,20.50119780703109,3.1427022457376155,1,71.05342877689641,0.0019227123372616,0.0028231593363789,0.0045686834967931,71.05342877689908,113.61669151932942,1.1276154044414417,data/raw/cutouts/-511661845285501478_VIS.fits,0.8
-511883643285469911,51.18836434027842,-28.54699111097565,1380,22.92397689819336,0.1649240553379058,1,0.244311511516571,0,6.083645820617676,0.0381212309002876,16.910356521606445,0.2768835425376892,set_-511883643285469911,candidate,C,fornax,102043545.0,20.49927509469383,3.1398790864012365,0,0.0,0.0,0.0,0.0,0.0,138.99716964408503,1.1099721042476716,data/raw/cutouts/-511883643285469911_VIS.fits,1.0
-512044375278623730,51.2044375835224,-27.862373032127344,764,12.09747314453125,0.1591441184282302,1,0.0474372170865535,0,2.995398759841919,0.03451818972826,10.093329429626465,0.2059188485145568,set_-512061540278527911,reference,unlabelled,fornax,,21.193263333297327,2.8830933585756897,1,34.92457722184332,-0.0020433602485283,-0.0745139284844054,0.1399002494418302,34.924577221853106,76.01583560869635,1.318949506232291,data/raw/cutouts/-512044375278623730_VIS.fits,0.0
-512061540278527911,51.20615401023922,-27.85279118357624,907,12.074727058410645,0.1542241871356964,1,0.2472856342792511,2,2.4968466758728027,0.0281733088195323,10.631566047668455,0.1716940402984619,set_-512061540278527911,candidate,A,fornax,102044182.0,21.195306693545856,2.957607287060095,0,0.0,0.0,0.0,0.0,0.0,78.29334219662003,1.5730134178608677,data/raw/cutouts/-512061540278527911_VIS.fits,1.0
-512155988278187113,51.21559885127147,-27.818711364320755,951,14.523449897766112,0.1574490517377853,1,0.1074849516153335,2,3.4430019855499268,0.0323487259447574,9.265647888183594,0.1657846122980117,set_-512155988278187113,candidate,C,fornax,102044182.0,20.99482552286404,2.978180516937414,0,0.0,0.0,0.0,0.0,0.0,92.24221891125376,1.0748462975642492,data/raw/cutouts/-512155988278187113_VIS.fits,0.8
-512242621284961742,51.22426211154576,-28.496174200604944,1119,19.700729370117188,0.224589928984642,1,0.8234001398086548,0,3.701504230499268,0.0388936139643192,6.279168605804443,0.1766560673713684,set_-512397850284711467,reference,unlabelled,fornax,,20.66379423719076,3.04883008652835,1,102.6175782158448,-0.0742664649857332,0.036414711765917,0.1034622937923161,102.61757821585152,87.71866779237627,0.5738097366066632,data/raw/cutouts/-512242621284961742_VIS.fits,0.0
-512351888278250700,51.23518887231387,-27.82507003869889,812,13.555305480957031,0.2346151024103164,1,0.2683627605438232,0,2.9793035984039307,0.0430290326476097,5.649430751800537,0.1628166139125824,set_-512155988278187113,reference,unlabelled,fornax,,21.06972672689464,2.9095560292411755,1,66.43971189572167,0.0749012040305956,-0.0686244876962383,0.1838529515908952,66.43971189572261,57.77678138234371,0.6947248211796222,data/raw/cutouts/-512351888278250700_VIS.fits,0.1
-512397850284711467,51.23978507378795,-28.4711467996231,1029,18.3982162475586,0.1614654213190078,1,0.1730979830026626,0,4.646315574645996,0.0344939604401588,8.580448150634766,0.1863253265619278,set_-512397850284711467,candidate,C,fornax,102043545.0,20.73806070217649,3.012415374762433,0,0.0,0.0,0.0,0.0,0.0,113.94524039428345,0.6660031696819564,data/raw/cutouts/-512397850284711467_VIS.fits,0.6
-512422645270221464,51.24226454312596,-27.02214645082399,3254,46.35843276977539,0.3390305042266845,1,0.2083230018615722,0,7.065893650054932,0.0431159101426601,24.540239334106445,0.2787423133850097,set_-512422645270221464,candidate,B,fornax,102045464.0,19.734678136416456,3.51241754860084,0,0.0,0.0,0.0,0.0,0.0,136.7382350314382,1.351779243638187,data/raw/cutouts/-512422645270221464_VIS.fits,0.9
-512480787270309874,51.24807870816311,-27.030987402125945,3607,47.42678451538086,0.3472245931625366,1,0.1018926426768302,0,4.528982639312744,0.0315017104148864,6.869429588317871,0.1654500514268875,set_-512422645270221464,reference,unlabelled,fornax,,19.709940797613687,3.5571461423183632,1,36.8867197350852,-0.0247373388027689,0.0447285937175232,0.0579819865200221,36.886719735087766,136.5882067379377,0.4523000511017642,data/raw/cutouts/-512480787270309874_VIS.fits,0.1
-512721271271374932,51.27212715678155,-27.137493296207943,1264,21.392826080322266,0.1943434774875641,1,0.6932018399238586,0,3.2549939155578613,0.0284153297543525,5.856449127197266,0.1397023946046829,set_-512953668271400542,reference,unlabelled,fornax,,20.574329598877775,3.1017470739463664,1,75.02075519262623,0.0416821458496379,-0.0214510010856323,0.0356332952536637,75.02075519262223,110.07740705726118,0.637710484972711,data/raw/cutouts/-512721271271374932_VIS.fits,0.0
-512725711273898590,51.27257118988285,-27.389859026075364,974,10.69651222229004,0.1694662421941757,1,0.1470502316951751,0,2.2751946449279785,0.0289214700460433,6.492904186248779,0.183911457657814,set_-512725711273898590,candidate,C,fornax,102044821.0,21.32689452063209,2.988558956878616,0,0.0,0.0,0.0,0.0,0.0,63.11883761506847,1.1385510932758955,data/raw/cutouts/-512725711273898590_VIS.fits,1.0
-512845742273922311,51.28457424642288,-27.39223110136628,976,9.794626235961914,0.1645815372467041,1,0.6035645008087158,2,1.6566916704177856,0.0239573493599891,3.966665506362915,0.1482066512107849,set_-512725711273898590,reference,unlabelled,fornax,,21.42253033019822,2.989449817666692,1,39.30535567703927,0.0956358095661293,0.0008908607880759,0.1029688871111793,39.3053556770362,59.51230253293834,0.9479597273715056,data/raw/cutouts/-512845742273922311_VIS.fits,0.1
-512953668271400542,51.295366885301085,-27.14005429170613,1328,22.230079650878903,0.2080349922180175,1,0.1246527433395385,0,4.75181770324707,0.0381780974566936,14.953699111938477,0.2392353862524032,set_-512953668271400542,candidate,C,fornax,102045464.0,20.53264745302814,3.1231980750319988,0,0.0,0.0,0.0,0.0,0.0,106.85740612128424,1.2447221665575678,data/raw/cutouts/-512953668271400542_VIS.fits,1.0
-512964195287278076,51.29641951097143,-28.72780764565758,1919,42.68657684326172,0.1711783409118652,1,0.0902717113494873,0,12.410531044006348,0.0464697666466236,27.489574432373047,0.3061916530132293,set_-512964195287278076,candidate,C,fornax,102043546.0,19.82427167774125,3.2830749747354715,0,0.0,0.0,0.0,0.0,0.0,249.3690300762981,0.8634441282322741,data/raw/cutouts/-512964195287278076_VIS.fits,0.3
-513155012291247643,51.315501257199614,-29.12476430741213,2537,72.60538482666016,0.2285591214895248,1,0.5740540623664856,0,14.123188018798828,0.0460709147155284,37.75556945800781,0.3433608710765838,set_-513191949291330728,reference,unlabelled,fornax,,19.247577920915727,3.404320467221731,1,32.08693243112516,0.1132259747779684,-0.1738601424060468,0.8990122122604646,32.08693243112732,317.6656628424596,1.0676207104868594,data/raw/cutouts/-513155012291247643_VIS.fits,0.0
-513191949291330728,51.31919493021542,-29.13307284409737,3786,80.58592987060547,0.2576753795146942,1,0.1069363132119178,2,16.292634963989258,0.0521364845335483,47.28273010253906,0.3132307529449463,set_-513191949291330728,candidate,C,fornax,102042912.0,19.13435194613776,3.5781806096277777,0,0.0,0.0,0.0,0.0,0.0,312.74206337594615,1.1567780436833932,data/raw/cutouts/-513191949291330728_VIS.fits,0.9
-513219172287365732,51.32191724567646,-28.73657322395472,1950,44.24833297729492,0.2036357820034027,1,0.2445889562368393,2,11.945562362670898,0.0498076118528842,26.0671501159668,0.2673750817775726,set_-512964195287278076,reference,unlabelled,fornax,,19.785257715940787,3.290034611362518,1,86.45484501821099,-0.0390139618004674,0.0069596366270463,0.0245311437092323,86.45484501821488,217.29154150597924,0.8472173826799747,data/raw/cutouts/-513219172287365732_VIS.fits,0.7
-513425281289348802,51.34252810985024,-28.93488022316903,914,12.727110862731934,0.1501738578081131,1,0.085265889763832,0,3.579841375350952,0.0314676277339458,10.23020839691162,0.1747041642665863,set_-513425281289348802,candidate,C,fornax,102042912.0,21.13817543210288,2.960946195733831,0,0.0,0.0,0.0,0.0,0.0,84.74917704381139,1.140051743620402,data/raw/cutouts/-513425281289348802_VIS.fits,0.6
-513530513288379324,51.3530513183966,-28.837932453344227,1584,16.199779510498047,0.2601973116397857,1,0.2545569241046905,2,2.3566811084747314,0.0340481512248516,12.702170372009276,0.256007969379425,set_-513530513288379324,candidate,C,fornax,102042912.0,20.87622724111652,3.1997551772534747,0,0.0,0.0,0.0,0.0,0.0,62.25959602889688,1.828942782761351,data/raw/cutouts/-513530513288379324_VIS.fits,0.9
-513580413286027888,51.358041371826,-28.602788836423088,928,19.355939865112305,0.1528453379869461,1,0.17581707239151,0,5.417389392852783,0.0363169200718402,13.40522575378418,0.1913405358791351,set_-513580413286027888,candidate,C,fornax,102043546.0,20.68296433956033,2.967547976218862,0,0.0,0.0,0.0,0.0,0.0,126.63742394789573,0.9837101978731002,data/raw/cutouts/-513580413286027888_VIS.fits,1.0
-513607122285943720,51.360712203449296,-28.594372033893244,733,18.113178253173828,0.1105576306581497,1,0.2112623751163482,2,6.499269962310791,0.0440964698791503,16.37542152404785,0.2655660510063171,set_-513580413286027888,reference,unlabelled,fornax,,20.75501334733599,2.865103974641128,1,31.45449995934482,0.0720490077756608,-0.1024440015777341,0.3208960142642015,31.45449995934824,163.8347181044497,1.0033197783058678,data/raw/cutouts/-513607122285943720_VIS.fits,0.3
-513643659288504093,51.36436592067165,-28.850409344103525,1655,16.489511489868164,0.2238464653491974,1,0.247817575931549,0,2.7374167442321777,0.0296280290931463,10.113936424255373,0.2750768363475799,set_-513530513288379324,reference,unlabelled,fornax,,20.856980525897374,3.2187979981117376,1,57.363023652933286,-0.0192467152191433,0.0190428208582629,0.0160027692501214,57.36302365293657,73.66438180806097,1.41894824982275,data/raw/cutouts/-513643659288504093_VIS.fits,0.0
-513692843289254338,51.36928437321964,-28.925433833492008,943,12.182372093200684,0.1808262169361114,1,0.097945712506771,0,2.437227964401245,0.0279317591339349,4.979155540466309,0.1648681908845901,set_-513425281289348802,reference,unlabelled,fornax,,21.185670349314396,2.9745116927373285,1,90.90314112875475,0.047494917211516,0.0135654970034972,0.036749164665422,90.90314112874375,67.37060753477411,0.7756488515133038,data/raw/cutouts/-513692843289254338_VIS.fits,0.1
-514389250280709420,51.43892502504004,-28.070942091048742,2673,43.52116394042969,0.3204971849918365,1,0.0460230484604835,0,5.96658992767334,0.0411507673561573,17.759410858154297,0.2682819366455078,set_-514389250280709420,candidate,C,fornax,102044182.0,19.803248745697356,3.426998958756537,0,0.0,0.0,0.0,0.0,0.0,135.79265584357077,1.1842559099327403,data/raw/cutouts/-514389250280709420_VIS.fits,0.9
-514579721280660642,51.45797212869461,-28.0660642541832,3049,39.59894561767578,0.3671096861362457,1,0.2634388506412506,2,3.698058605194092,0.0368423350155353,5.431590557098389,0.1720113009214401,set_-514389250280709420,reference,unlabelled,fornax,,19.905790944183785,3.484157424365381,1,63.001530531761226,0.1025421984864323,0.0571584656088437,0.2019124475553958,63.00153053175409,107.86679598254835,0.4173830880901014,data/raw/cutouts/-514579721280660642_VIS.fits,0.1
-515596854290228591,51.55968541095926,-29.022859166356096,1669,21.84701538085937,0.1874687373638153,1,0.0490129403769969,0,4.834662914276123,0.0331674106419086,18.46132469177246,0.2541512548923492,set_-515596854290228591,candidate,B,fornax,102042913.0,20.551519713914608,3.222456336679247,0,0.0,0.0,0.0,0.0,0.0,116.53684602602024,1.4547416532541133,data/raw/cutouts/-515596854290228591_VIS.fits,1.0
-515787441281897369,51.57874416555804,-28.189736933084728,1915,20.30730056762696,0.217004656791687,1,0.1592483669519424,2,3.124002456665039,0.0316359885036945,10.3263521194458,0.2137738168239593,set_-515787441281897369,candidate,A,fornax,102044183.0,20.630869507896165,3.2821687783046416,0,0.0,0.0,0.0,0.0,0.0,93.58002205049864,1.2980889082316729,data/raw/cutouts/-515787441281897369_VIS.fits,1.0
-515827693282054604,51.58276932384523,-28.205460419672608,1579,24.65285301208496,0.1998383998870849,1,0.1339057385921478,0,4.82534646987915,0.0333390906453132,8.491593360900879,0.1593954414129257,set_-515787441281897369,reference,unlabelled,fornax,,20.420332034201497,3.1983821300082944,1,58.02732590612787,-0.2105374736946679,-0.0837866482963471,0.6709032871774098,58.02732590612406,123.36394319617555,0.6136517169443461,data/raw/cutouts/-515827693282054604_VIS.fits,0.3
-515833282290307846,51.58332820666913,-29.030784664649268,2057,22.58858108520508,0.2477690577507019,1,0.0414163433015346,0,3.560526132583618,0.0314227864146232,12.572457313537598,0.2099090069532394,set_-515596854290228591,reference,unlabelled,fornax,,20.51527762170525,3.313234291694724,1,79.70484917639313,-0.0362420922093598,0.090777955015477,0.2260568089490994,79.70484917638856,91.16788549090364,1.369764980321999,data/raw/cutouts/-515833282290307846_VIS.fits,0.0
-516189629287098857,51.61896298489231,-28.709885738903736,1054,12.432254791259766,0.2185403257608413,1,0.1491942256689071,0,2.358203172683716,0.0333409830927848,5.340096473693848,0.1642397940158844,set_-516189629287098857,candidate,C,fornax,102043546.0,21.163625244647747,3.022840610876528,0,0.0,0.0,0.0,0.0,0.0,56.88769222786349,0.8874197092513813,data/raw/cutouts/-516189629287098857_VIS.fits,0.7
-516213198286897856,51.621319880973466,-28.6897856077916,1008,14.646039009094238,0.2918544113636017,1,0.1612221002578735,3,2.488898992538452,0.056042231619358,5.912097930908203,0.1615706384181976,set_-516189629287098857,reference,unlabelled,fornax,,20.98569953368244,3.0034605321095067,1,72.74220152496433,-0.177925710965308,-0.0193800787670213,0.3656768842252896,72.74220152497601,50.18268848726678,0.9393358685097636,data/raw/cutouts/-516213198286897856_VIS.fits,0.3
-516491980286274828,51.64919806855087,-28.6274828694209,1279,20.61471939086914,0.2282764315605163,1,0.6920446753501892,0,3.3126108646392822,0.0345730260014534,10.772102355957031,0.1700062304735183,set_-516559001286493665,reference,unlabelled,fornax,,20.614556431179903,3.106870544478654,1,81.57738084745145,0.097745787185314,-0.0689310883696254,0.2306510613284053,23.05184285286308,90.3059472672901,1.2803251237140825,data/raw/cutouts/-516491980286274828_VIS.fits,0.0
-516559001286493665,51.65590011467211,-28.6493665056946,1499,22.55670928955078,0.1849352717399597,1,0.4231584668159485,3,5.117490291595459,0.0340454950928688,18.454973220825195,0.2252183705568313,set_-516559001286493665,candidate,B,fornax,102043546.0,20.51681064399459,3.1758016328482794,0,0.0,0.0,0.0,0.0,0.0,121.97083378052466,1.3926409797825092,data/raw/cutouts/-516559001286493665_VIS.fits,0.7
-517271456270021957,51.72714563254655,-27.002195704203945,1433,48.14530563354492,0.225387617945671,1,0.069966472685337,0,11.005118370056152,0.0559650734066963,24.406980514526367,0.2830723226070404,set_-517271456270021957,candidate,C,fornax,102045465.0,19.69361512995905,3.1562461903973444,0,0.0,0.0,0.0,0.0,0.0,213.61113832415677,0.8647983407029232,data/raw/cutouts/-517271456270021957_VIS.fits,0.9
-517507927269931722,51.75079273509555,-26.99317227676189,1581,54.07341384887695,0.2342099398374557,1,0.2304814457893371,0,11.273238182067873,0.0495804846286773,18.20769119262696,0.2346791625022888,set_-517271456270021957,reference,unlabelled,fornax,,19.5675405274699,3.198931869932209,1,82.51571759003095,-0.1260746024891439,0.0426856795348644,0.2279981157246632,82.51571759004551,230.87582826930617,0.5205154902778798,data/raw/cutouts/-517507927269931722_VIS.fits,0.2
-518232630268505392,51.82326302252094,-26.850539228126653,726,6.541695594787598,0.217184841632843,1,0.2426078468561172,0,0.9901136755943298,0.0289869643747806,4.37223482131958,0.1558240801095962,set_-518232630268505392,candidate,C,fornax,102045465.0,21.860774171996496,2.8609366207000937,0,0.0,0.0,0.0,0.0,0.0,30.120405943645533,1.612546049088361,data/raw/cutouts/-518232630268505392_VIS.fits,1.0
-518312799268302808,51.83127998444577,-26.83028084261105,779,7.451075553894043,0.1644843965768814,1,0.3054744899272918,2,1.3639389276504517,0.0257165376096963,3.225877046585083,0.1137421950697898,set_-518232630268505392,reference,unlabelled,fornax,,21.71945258208686,2.8915374576725643,1,77.34317709446914,-0.1413215899096371,0.0306008369724706,0.2504476506485983,77.34317709448842,45.29958895165687,0.9346322144130602,data/raw/cutouts/-518312799268302808_VIS.fits,0.1
-518495362266147268,51.84953628065392,-26.614726818475344,1495,15.184684753417969,0.2026760280132293,1,0.1217053234577179,2,1.943200945854187,0.026097796857357,9.910320281982422,0.1638749986886978,set_-518495362266147268,candidate,B,fornax,102046110.0,20.9464855499096,3.1746411926604483,0,0.0,0.0,0.0,0.0,0.0,74.92097068542718,1.7689249426548843,data/raw/cutouts/-518495362266147268_VIS.fits,1.0
-518636893266014768,51.86368935119123,-26.601476895049263,1374,17.34615707397461,0.2358128428459167,1,0.1610388904809951,0,2.7240633964538574,0.0308164935559034,5.74376392364502,0.1547511518001556,set_-518495362266147268,reference,unlabelled,fornax,,20.801991813195336,3.137986732723532,1,65.95839793527205,-0.14449373671426,-0.0366544599369165,0.2693012632713619,65.95839793526937,73.55900070849331,0.8099484273309886,data/raw/cutouts/-518636893266014768_VIS.fits,0.0
-518739946265668767,51.87399461238526,-26.566876798486405,2208,28.237648010253903,0.2357672303915023,1,0.1814013570547104,2,5.090839385986328,0.0336940288543701,16.701433181762695,0.2488558888435363,set_-518918004265695954,reference,unlabelled,fornax,,20.27292869917691,3.343999069057161,1,58.16138989736457,0.0537033734118708,-0.0356689649764923,0.0667520628515821,58.16138989736256,119.76918065909328,1.2899108623801294,data/raw/cutouts/-518739946265668767_VIS.fits,0.3
-518918004265695954,51.89180041399258,-26.56959549189044,2397,29.66947555541992,0.2398054152727127,1,0.2770574986934662,2,5.24330997467041,0.0348799638450145,17.901405334472656,0.2573086023330688,set_-518918004265695954,candidate,C,fornax,102046110.0,20.21922532576504,3.379668034033654,0,0.0,0.0,0.0,0.0,0.0,123.72312577545028,1.333203982711477,data/raw/cutouts/-518918004265695954_VIS.fits,0.7
-518943592296848247,51.89435924531992,-29.68482473084603,1094,15.902545928955078,0.1958802938461303,1,0.0830054208636283,2,2.6656672954559326,0.0316243097186088,9.1672945022583,0.2256085276603698,set_-518943592296848247,candidate,C,fornax,102042283.0,20.89633335360386,3.039017321997412,0,0.0,0.0,0.0,0.0,0.0,81.18502181463437,1.3410880992049423,data/raw/cutouts/-518943592296848247_VIS.fits,0.6
-518999793268281803,51.89997933780288,-26.828180367730013,1272,16.796709060668945,0.2396221309900283,1,0.2939375638961792,0,3.046158790588379,0.0347144342958927,4.729053974151611,0.1556135416030883,set_-519142776268102947,reference,unlabelled,fornax,,20.836939500565716,3.104487111312395,1,79.09520533222538,0.0234180491286224,0.0034277564042795,0.011750682834109,79.0952053322418,70.09665172107132,0.4775543305685659,data/raw/cutouts/-518999793268281803_VIS.fits,0.1
-519067594296660134,51.9067594554621,-29.66601345123552,1101,15.644536018371582,0.1723775863647461,1,0.096048891544342,0,3.74788761138916,0.0344106778502464,12.104949951171877,0.2310684472322464,set_-518943592296848247,reference,unlabelled,fornax,,20.914093281302296,3.041787318971752,1,78.04116183609607,0.0177599276984352,0.0027699969743397,0.0089179895651292,78.04116183609902,90.75736787071718,1.2729410975437814,data/raw/cutouts/-519067594296660134_VIS.fits,0.0
-519142776268102947,51.91427766545261,-26.810294779115143,1262,17.16292953491211,0.208448052406311,1,0.2752202451229095,0,3.863356351852417,0.0380955636501312,13.84897518157959,16.713319778442383,set_-519142776268102947,candidate,C,fornax,102045465.0,20.81352145143709,3.101059354908116,0,0.0,0.0,0.0,0.0,0.0,82.33672292345429,1.386132170319005,data/raw/cutouts/-519142776268102947_VIS.fits,0.3
-519478292279356539,51.94782925529316,-27.935653920240608,2260,41.405555725097656,0.2834818363189697,1,0.7237399220466614,0,6.16131067276001,0.0428140610456466,20.28872299194336,0.2359322905540466,set_-519554955279346048,reference,unlabelled,fornax,,19.857353455236904,3.3541084391474008,1,24.67370130953877,-0.0780788651251711,-0.0350576452171318,0.0989846714799718,24.67370130954984,146.06070097030383,1.2939540119644477,data/raw/cutouts/-519478292279356539_VIS.fits,0.1
-519542607274535286,51.95426076761392,-27.45352863430144,1309,21.911739349365234,0.1978230774402618,1,0.0711349844932556,0,3.999425411224365,0.0316161029040813,5.034415721893311,0.129967525601387,set_-519633334274259646,reference,unlabelled,fornax,,20.548307867160617,3.116939646550756,1,103.3774986029546,0.0725184116379189,-0.0393065438465884,0.1062198548942788,103.3774986029488,110.76432352025306,0.2498786833235694,data/raw/cutouts/-519542607274535286_VIS.fits,0.7
-519554955279346048,51.9554955850204,-27.934604819676206,2450,38.53248977661133,0.2856139540672302,1,0.2256268411874771,2,6.449422836303711,0.0433163791894912,17.273475646972656,0.2068970054388046,set_-519554955279346048,candidate,C,fornax,102044183.0,19.935432320362075,3.3891660843645326,0,0.0,0.0,0.0,0.0,0.0,134.9110896995643,1.069647202497354,data/raw/cutouts/-519554955279346048_VIS.fits,0.9
-519633334274259646,51.963333406311975,-27.425964645733604,1433,23.425249099731445,0.20200777053833,1,0.2408604174852371,2,4.732502937316895,0.0361296311020851,14.438587188720703,0.2223976105451584,set_-519633334274259646,candidate,A,fornax,102044823.0,20.475789455522698,3.1562461903973444,0,0.0,0.0,0.0,0.0,0.0,115.96211886951455,1.2110845188580888,data/raw/cutouts/-519633334274259646_VIS.fits,1.0
-519650421297493173,51.96504211730843,-29.7493173101082,1182,26.31240463256836,0.1911176443099975,1,0.8014751672744751,0,4.250604152679443,0.0346095114946365,9.443829536437988,20.65561294555664,set_-519778522297335533,reference,unlabelled,fornax,,20.34959865221685,3.0726174765452368,1,69.45439648961484,0.0878645034262781,-0.0842344245247743,0.2673013622799444,69.4543964896157,137.67648051317016,0.866743692938611,data/raw/cutouts/-519650421297493173_VIS.fits,0.0
-519778522297335533,51.977852218303845,-29.733553368383685,1435,28.53030014038086,0.1547923684120178,1,0.1188680604100227,2,8.036565780639648,0.0393359176814556,19.51660919189453,0.3036299645900726,set_-519778522297335533,candidate,C,fornax,102042283.0,20.261734148790573,3.156851901070011,0,0.0,0.0,0.0,0.0,0.0,184.31335105901653,0.9633346547488436,data/raw/cutouts/-519778522297335533_VIS.fits,0.4
-520090567294950561,52.00905670740055,-29.49505610738697,913,12.59593391418457,0.1548774391412735,1,0.8071344494819641,2,2.1024065017700195,0.0269132908433675,4.914504051208496,0.1667210906744003,set_-520282549294949401,reference,unlabelled,fornax,,21.149424066496373,2.960470777534299,1,60.15795527367076,-0.0311092971879247,-0.0094108662122009,0.0160700058858082,60.15795527367077,81.32839737035569,0.9219075161387368,data/raw/cutouts/-520090567294950561_VIS.fits,0.0
-520145650284173702,52.01456502620324,-28.41737027806313,909,12.497838973999023,0.1966797560453415,1,0.2497877776622772,0,2.25740385055542,0.0347581095993518,9.113741874694824,0.2114910334348678,set_-520145650284173702,candidate,C,fornax,102043547.0,21.157912688040582,2.9585638832219674,0,0.0,0.0,0.0,0.0,0.0,63.544104514334656,1.5152186563646195,data/raw/cutouts/-520145650284173702_VIS.fits,0.2
-520282549294949401,52.028254968071145,-29.49494014136376,933,12.240147590637209,0.1547449678182602,1,0.2746633887290954,0,2.903349161148072,0.0287481732666492,8.9874906539917,0.2080342322587967,set_-520282549294949401,candidate,C,fornax,102042283.0,21.180533363684297,2.9698816437465,0,0.0,0.0,0.0,0.0,0.0,79.09884090714095,1.226847959726524,data/raw/cutouts/-520282549294949401_VIS.fits,1.0
-520394180283980953,52.03941807649334,-28.39809539687234,832,12.106904029846191,0.1396094411611557,1,0.5724637508392334,0,3.093177556991577,0.0310048889368772,6.8373003005981445,0.1564394384622573,set_-520145650284173702,reference,unlabelled,fornax,,21.19241725045258,2.920123326290724,1,104.9198455009408,0.0345045624119961,-0.0384405569312433,0.0596081434037252,104.91984550093454,86.7198086973989,0.8611995112692401,data/raw/cutouts/-520394180283980953_VIS.fits,0.0
-520607933275720823,52.06079332363328,-27.572082338741527,813,13.73386287689209,0.1784670799970626,1,0.2228816449642181,0,3.3367340564727783,0.0374905653297901,9.377010345458984,9.730291366577148,set_-520607933275720823,candidate,C,fornax,102044823.0,21.05551823262437,2.910090545594068,0,0.0,0.0,0.0,0.0,0.0,76.95460068668203,1.1218570028756518,data/raw/cutouts/-520607933275720823_VIS.fits,0.8
-520708634275704908,52.07086342411038,-27.570490883844304,859,13.230908393859863,0.1899255961179733,1,0.0703184902667999,0,3.1657357215881348,0.0372614189982414,3.891660690307617,0.1596785634756088,set_-520607933275720823,reference,unlabelled,fornax,,21.09602584363225,2.9339931638312424,1,32.64210738974595,0.0405076110078788,0.0239026182371744,0.0334287301798353,32.64210738974054,69.66364020593313,0.2241507770679868,data/raw/cutouts/-520708634275704908_VIS.fits,0.4
-520788638263629965,52.07886383440095,-26.36299655683842,1545,20.169965744018555,0.2092595994472503,1,0.1715059131383896,0,3.558763027191162,0.0299702379852533,7.082685947418213,0.150607630610466,set_-520793931263872746,reference,unlabelled,fornax,,20.638237098443835,3.1889284837608534,1,87.41781313759198,-0.0056331747480236,-0.0055858581216137,0.0076843056460341,87.41781313761513,96.38729022370586,0.747247288220584,data/raw/cutouts/-520788638263629965_VIS.fits,0.2
-520793931263872746,52.0793931666776,-26.387274651501947,1565,20.065587997436523,0.1948454678058624,1,0.1136328279972076,256,4.341841220855713,0.0327260755002498,16.918380737304688,0.2230216264724731,set_-520793931263872746,candidate,C,fornax,102046111.0,20.643870273191855,3.194514341882467,0,0.0,0.0,0.0,0.0,0.0,102.98206175074708,1.4767121419843885,data/raw/cutouts/-520793931263872746_VIS.fits,1.0
-520866168294747332,52.08661689843178,-29.47473325248044,804,9.15971851348877,0.1788226515054702,1,0.6849355697631836,0,1.3698173761367798,0.0270298607647418,3.3271658420562744,0.1635039150714874,set_-521070591294671601,reference,unlabelled,fornax,,21.495294680982376,2.905256048748451,1,69.6290211280882,0.1289519575225739,0.0497368930806509,0.2507628177782455,69.62902112809118,51.22236157653983,0.9635294445321532,data/raw/cutouts/-520866168294747332_VIS.fits,0.0
-520915997268295662,52.09159974421815,-26.82956627273037,3434,51.45945358276367,0.3612799346446991,1,0.0916406661272049,0,4.190933704376221,0.0329994745552539,12.810129165649414,0.1815380752086639,set_-520915997268295662,candidate,C,fornax,102045465.0,19.621337074037967,3.5358002908248976,0,0.0,0.0,0.0,0.0,0.0,142.43651154712342,1.213106794834324,data/raw/cutouts/-520915997268295662_VIS.fits,0.9
-521070591294671601,52.10705916602482,-29.467160198695264,717,10.314849853515623,0.1398816108703613,1,0.4204592704772949,2,2.660370349884033,0.0292858257889747,8.636877059936523,0.2147210985422134,set_-521070591294671601,candidate,B,fornax,102042283.0,21.3663427234598,2.8555191556678,0,0.0,0.0,0.0,0.0,0.0,73.73985607783115,1.2785365970638307,data/raw/cutouts/-521070591294671601_VIS.fits,0.6
-521131438268149650,52.11314380489269,-26.81496503072473,3558,59.46363830566406,0.3178134262561798,1,0.3845678567886352,2,7.562416076660156,0.0366024747490882,11.805039405822754,0.1680195033550262,set_-520915997268295662,reference,unlabelled,fornax,,19.4643713046065,3.5512059437479064,1,86.9115592197921,-0.1569657694314656,0.0154056529230088,0.2861677286069128,86.91155921978604,187.1023480856099,0.4835171824428207,data/raw/cutouts/-521131438268149650_VIS.fits,0.1
-521157933294874588,52.11579338660928,-29.487458850037097,702,6.389531135559082,0.1683834642171859,1,0.1345506012439727,2,1.2605855464935305,0.0285854879766702,1.7622857093811035,0.1144656538963317,set_-521164941294977764,reference,unlabelled,fornax,,21.8863275231135,2.846337112129805,1,37.20816771838472,-0.1908501143022825,-0.0246517016307703,0.4210881131753494,37.2081677183968,37.946310020784935,0.3637599903993754,data/raw/cutouts/-521157933294874588_VIS.fits,0.3
-521164941294977764,52.11649415346062,-29.497776437904875,743,5.359557628631592,0.1595256179571151,1,0.2028908282518386,2,0.9734193086624146,0.0241872183978557,2.6294167041778564,0.1393927633762359,set_-521164941294977764,candidate,C,fornax,102042283.0,22.077177637415783,2.8709888137605755,0,0.0,0.0,0.0,0.0,0.0,33.59684605686586,1.0788986524349566,data/raw/cutouts/-521164941294977764_VIS.fits,0.5
-521580576264860027,52.158057654755126,-26.486002705394363,1661,29.734115600585938,0.1979929804801941,1,0.0938071236014366,0,6.864505290985107,0.0399529226124286,17.34821319580078,0.2572193741798401,set_-521680852264642631,reference,unlabelled,fornax,,20.216862436126604,3.220369632451394,1,84.67085963410891,-0.0776769257244396,-0.031511822101133,0.0980124320735527,84.6708596341032,150.17762512828247,1.006613766356918,data/raw/cutouts/-521580576264860027_VIS.fits,0.0
-521669450298481458,52.16694501111066,-29.848145860506893,1103,17.62628936767578,0.1773273050785064,1,0.4429183006286621,2,3.4489002227783203,0.030501265078783,6.34822940826416,0.1591971516609192,set_-521673237298384032,reference,unlabelled,fornax,,20.78459776104915,3.0425755124401905,1,35.093301423381504,-0.183453817351392,0.0513494367476958,0.4409227754721235,35.09330142338828,99.39974760160185,0.6624299557032632,data/raw/cutouts/-521669450298481458_VIS.fits,0.1
-521673237298384032,52.16732370354888,-29.838403256935337,980,14.886046409606934,0.1783033460378646,1,0.1672085076570511,0,3.4961726665496826,0.0372208058834075,9.533795356750488,0.2069362848997116,set_-521673237298384032,candidate,C,fornax,102041656.0,20.96805157840054,2.9912260756924947,0,0.0,0.0,0.0,0.0,0.0,83.48719606442901,1.08918238104585,data/raw/cutouts/-521673237298384032_VIS.fits,1.0
-521680852264642631,52.16808527293831,-26.464263181372043,1786,27.6811580657959,0.1801105439662933,1,0.1034800335764885,0,7.046182632446289,0.0377538502216339,20.10295295715332,0.2897937297821045,set_-521680852264642631,candidate,C,fornax,102046111.0,20.294539361851044,3.251881454552528,0,0.0,0.0,0.0,0.0,0.0,153.6898254606142,1.1382649018643658,data/raw/cutouts/-521680852264642631_VIS.fits,0.9
-521718578286130101,52.171857880552736,-28.61301010329764,895,9.009037971496582,0.158635213971138,1,0.1401881724596023,0,1.7889723777770996,0.0285192262381315,8.548377990722656,0.1875434219837188,set_-521718578286130101,candidate,C,fornax,102043547.0,21.513303956508285,2.951823035315912,0,0.0,0.0,0.0,0.0,0.0,56.79090881508617,1.698200206206355,data/raw/cutouts/-521718578286130101_VIS.fits,0.3
-521727718300586466,52.172771805419245,-30.05864662836268,1790,23.18421173095703,0.1988138705492019,1,0.1276629865169525,2,4.333052158355713,0.0315525121986866,12.85593032836914,0.188247337937355,set_-521727718300586466,candidate,C,fornax,102041656.0,20.487019164097536,3.2528530309798933,0,0.0,0.0,0.0,0.0,0.0,116.61264713026884,1.1807739833244952,data/raw/cutouts/-521727718300586466_VIS.fits,0.8
-521859782300785070,52.1859782805366,-30.078507085769136,2288,24.77821922302246,0.333367258310318,1,0.2029730230569839,2,2.3019397258758545,0.0339530855417251,3.4037461280822754,0.1423574835062027,set_-521727718300586466,reference,unlabelled,fornax,,20.414824772483133,3.3594560201209864,1,82.49147618169374,-0.0721943916144027,0.1066029891410931,0.3478504354171345,82.4914761817008,74.3270930343058,0.4246580311694402,data/raw/cutouts/-521859782300785070_VIS.fits,0.1
-521937709289701894,52.19377094129651,-28.97018946475542,1973,30.75714683532715,0.5873020887374878,1,0.8596692085266113,259,1.0677061080932615,0.0261763613671064,1.8732386827468872,0.1326853185892105,set_-522203871289877811,reference,unlabelled,fornax,,20.18013488504585,3.295127085252191,1,105.05604660879384,-0.2190089621099957,0.1855485383478043,1.40311237245253,105.05604660879014,52.37023233042676,0.6103534756068753,data/raw/cutouts/-521937709289701894_VIS.fits,0.1
-521951673286333739,52.19516736545653,-28.63337394565433,990,8.892330169677734,0.224243551492691,1,0.0392392240464687,2,1.087132453918457,0.0278324335813522,1.8176703453063965,0.10756566375494,set_-521718578286130101,reference,unlabelled,fornax,,21.527461051109217,2.99563519459755,1,103.92289812787251,0.0141570946009323,0.043812159281638,0.0594737908565051,103.92289812786412,39.654786550094265,0.5580816526786466,data/raw/cutouts/-521951673286333739_VIS.fits,0.2
-522203871289877811,52.22038715636024,-28.98778115699919,1287,25.13867950439453,0.1997342556715011,1,0.0804590657353401,0,6.243197917938232,0.0413105972111225,14.65340805053711,0.2494779676198959,set_-522203871289877811,candidate,C,fornax,102042914.0,20.399143847155848,3.1095785469043866,0,0.0,0.0,0.0,0.0,0.0,125.8606312666747,0.926328851522806,data/raw/cutouts/-522203871289877811_VIS.fits,1.0
-522512583300985077,52.25125831154715,-30.098507791795257,1102,20.24410057067871,0.164430171251297,1,0.0776157528162002,0,5.379266262054443,0.0372887812554836,14.365396499633787,0.2097153812646865,set_-522512583300985077,candidate,C,fornax,102041656.0,20.634253784565217,3.042181594515766,0,0.0,0.0,0.0,0.0,0.0,123.11670307598143,1.0664864400326657,data/raw/cutouts/-522512583300985077_VIS.fits,0.8
-522624012296479450,52.26240120363959,-29.6479450162653,779,9.922625541687012,0.1312206387519836,1,0.2253556698560714,0,2.5460000038146973,0.0305393561720848,10.569231033325195,0.1706338673830032,set_-522870565296302838,reference,unlabelled,fornax,,21.408433494161844,2.8915374576725643,1,99.96955938518974,0.206335785306905,-0.0363459526581424,0.5146433907036302,99.96955938518052,75.61787258513111,1.545462478250275,data/raw/cutouts/-522624012296479450_VIS.fits,0.9
-522664414262984794,52.26644143051973,-26.298479474544152,829,12.511673927307127,0.1771345436573028,1,0.0350779071450233,0,2.635293245315552,0.0313210822641849,9.5032377243042,0.1676546186208725,set_-522664414262984794,candidate,C,fornax,102046111.0,21.15671145623017,2.9185545305502734,0,0.0,0.0,0.0,0.0,0.0,70.63373224091801,1.3926066111347626,data/raw/cutouts/-522664414262984794_VIS.fits,1.0
-522672944287918967,52.26729444421292,-28.79189677536971,5826,80.0865707397461,0.3691889643669128,1,0.6122918128967285,2,8.144088745117188,0.0420292690396308,24.94568634033203,0.262576550245285,set_-522883003288071416,reference,unlabelled,fornax,,19.141100755438146,3.765370480291649,1,86.04304822584203,0.1903289531179552,-0.1200472848192877,0.7691322189160701,86.04304822584612,216.9256897401551,1.2153823997018636,data/raw/cutouts/-522672944287918967_VIS.fits,0.2
-522748893299676777,52.27488935033008,-29.96767778336197,1025,17.800718307495117,0.1893639862537384,1,0.5876868367195129,0,3.0616097450256348,0.0318187549710273,6.599020481109619,0.1650048047304153,set_-522901423299700475,reference,unlabelled,fornax,,20.773906180929,3.010723865391773,1,48.32804132634442,0.1031300757672362,0.0569641736585442,0.2013010219551405,48.32804132632837,94.00265942671398,0.8338241117483098,data/raw/cutouts/-522748893299676777_VIS.fits,0.0
-522824527301048706,52.282452776788,-30.104870616824943,935,22.60456657409668,0.1360176801681518,1,0.1444758474826812,0,5.93553638458252,0.0338299982249736,14.673776626586914,0.2078296244144439,set_-522512583300985077,reference,unlabelled,fornax,,20.514509539566117,2.9708116108725178,1,99.81867992002486,-0.1197442449991044,-0.0713699836432484,0.2952029034209183,99.81867992002408,166.18844363579643,0.9827048303756754,data/raw/cutouts/-522824527301048706_VIS.fits,0.1
-522870565296302838,52.28705651850122,-29.630283812739982,847,11.999438285827637,0.1377241015434265,1,0.3659436106681824,0,3.249481439590454,0.0306264758110046,10.76594066619873,0.2045399993658065,set_-522870565296302838,candidate,C,fornax,102042283.0,21.20209770885494,2.9278834103307068,0,0.0,0.0,0.0,0.0,0.0,87.12664051792002,1.3005948031907049,data/raw/cutouts/-522870565296302838_VIS.fits,0.9
-522883003288071416,52.28830033305185,-28.807141695477657,7681,95.431396484375,0.5105509161949158,1,0.4230416417121887,2,6.6611833572387695,0.0396692343056201,21.01685333251953,0.2179119437932968,set_-522883003288071416,candidate,C,fornax,102042914.0,18.95077180232019,3.885417765110936,0,0.0,0.0,0.0,0.0,0.0,186.91847072886583,1.2475407629501032,data/raw/cutouts/-522883003288071416_VIS.fits,0.8
-522901423299700475,52.29014236168837,-29.970047548819345,899,19.57444953918457,0.1479777097702026,1,0.3508010506629944,2,5.336147785186768,0.0385979190468788,15.883706092834473,5.309818744659424,set_-522901423299700475,candidate,C,fornax,102041656.0,20.670776105161764,2.9537596917332287,0,0.0,0.0,0.0,0.0,0.0,132.27971678695462,1.184309983771297,data/raw/cutouts/-522901423299700475_VIS.fits,0.5
-522921113263066365,52.29211131462458,-26.30663655752556,868,12.033695220947266,0.1570719182491302,1,0.2986408472061157,2,2.6806135177612305,0.0314711183309555,6.542047500610352,0.1483593583106994,set_-522664414262984794,reference,unlabelled,fornax,,21.19900248035276,2.938519725176492,1,87.89450807728812,0.0422910241225906,0.0199651946262187,0.0364611119989181,84.79286799949108,76.61264569176994,0.9686987245476832,data/raw/cutouts/-522921113263066365_VIS.fits,0.0
-523174873303047590,52.31748730695234,-30.304759000337256,1675,21.69562149047852,0.2441332191228866,1,0.6130463480949402,0,2.771829128265381,0.0280263349413871,4.546188354492188,0.1293224543333053,set_-523182921302976501,reference,unlabelled,fornax,,20.55906976150696,3.224014811372864,1,25.71385426763712,-0.025726746790518,-0.0452645783990344,0.0591429869578492,25.71385426763479,88.86796138774477,0.5372024270742386,data/raw/cutouts/-523174873303047590_VIS.fits,0.1
-523182921302976501,52.3182921637738,-30.297650146116908,1859,21.18758201599121,0.2484368234872818,1,0.2070968300104141,0,3.575208902359009,0.0315375849604606,10.614563941955566,0.1745666265487671,set_-523182921302976501,candidate,C,fornax,102041032.0,20.58479650829748,3.2692793897718984,0,0.0,0.0,0.0,0.0,0.0,85.28358122835147,1.181501836280986,data/raw/cutouts/-523182921302976501_VIS.fits,1.0
-523239931294827285,52.3239931821545,-29.48272857492165,5054,101.0748519897461,0.4033946394920349,1,0.0942466259002685,0,16.179275512695312,0.0600587204098701,37.486446380615234,0.3081845939159393,set_-523340389294981588,reference,unlabelled,fornax,,18.88839221489627,3.703635237583896,1,63.8485589297486,-0.0486831746461291,-0.1305946652677816,0.4562031308178419,63.84855892974519,250.56072167201376,0.9122880045147898,data/raw/cutouts/-523239931294827285_VIS.fits,0.0
-523340389294981588,52.33403892944576,-29.49815888388931,6827,96.64287567138672,0.3648082613945007,1,0.1564101129770279,0,14.556361198425291,0.0466660894453525,36.19357299804688,0.3645650446414947,set_-523340389294981588,candidate,C,fornax,102042284.0,18.9370753895424,3.8342299028516775,0,0.0,0.0,0.0,0.0,0.0,264.914164229625,0.9889465871500456,data/raw/cutouts/-523340389294981588_VIS.fits,0.2
-523386520266853221,52.33865202878585,-26.685322109647675,729,9.177657127380373,0.2905138731002807,1,0.9753422141075134,256,0.1302563697099685,0.0235278233885765,0.3704267740249634,0.0967257469892501,set_-523431303267007144,reference,unlabelled,fornax,,21.493170428400145,2.8627275283179747,1,57.2538340135941,0.0872567003825111,-0.0963138640031187,0.3193163875009888,57.25383401358888,31.591114838816644,1.1347584984625123,data/raw/cutouts/-523386520266853221_VIS.fits,0.3
-523391342291255623,52.339134257587205,-29.125562321233023,1291,16.488277435302734,0.1831392049789428,1,0.2863276600837707,2,2.915916204452514,0.028258865699172,11.879387855529783,0.2348409444093704,set_-523479785291521247,reference,unlabelled,fornax,,20.857061784087485,3.1109262422664203,1,99.58667261068528,0.0532724501649433,0.0081496273829788,0.0416958946377701,99.58667261067414,90.03139135172366,1.525047556662725,data/raw/cutouts/-523391342291255623_VIS.fits,1.0
-523431303267007144,52.34313037177775,-26.70071443451933,910,9.945680618286133,0.1588431447744369,1,0.3349353969097137,2,1.5610411167144775,0.0259914714843034,5.570432662963867,0.1450551450252533,set_-523431303267007144,candidate,C,fornax,102046111.0,21.405913728017637,2.959041392321093,0,0.0,0.0,0.0,0.0,0.0,62.61321904958105,1.3811864662410824,data/raw/cutouts/-523431303267007144_VIS.fits,0.8
-523479785291521247,52.34797854483788,-29.15212478307529,1267,17.317462921142578,0.2295842915773391,1,0.2002286911010742,0,2.855332136154175,0.0330089852213859,10.00881290435791,0.2714789807796478,set_-523479785291521247,candidate,A,fornax,102042914.0,20.80378933392254,3.102776614883441,0,0.0,0.0,0.0,0.0,0.0,75.42965070547484,1.361814844423144,data/raw/cutouts/-523479785291521247_VIS.fits,1.0
-523815599301753675,52.38155998359103,-30.175367552837827,942,20.891700744628903,0.1289535909891128,1,0.1658369302749633,0,6.424245834350586,0.0361830331385135,7.48200798034668,0.2098280787467956,set_-523929135301977427,reference,unlabelled,fornax,,20.60006550919932,2.974050902792877,1,87.95813914107735,0.001564938157248,-0.0228983457025035,0.0197684842316077,87.95813914107877,162.00945304728066,0.1654900387515707,data/raw/cutouts/-523815599301753675_VIS.fits,0.5
-523861041287486239,52.38610410148034,-28.74862395170958,1493,22.603673934936523,0.170610100030899,1,0.0750873982906341,2,5.918737411499023,0.0370865240693092,13.741477012634276,19.893388748168945,set_-523861041287486239,candidate,C,fornax,102042914.0,20.514552415406587,3.1740598077250253,0,0.0,0.0,0.0,0.0,0.0,132.48731423780183,0.9145108575956468,data/raw/cutouts/-523861041287486239_VIS.fits,0.2
-523866560267024518,52.38665600029223,-26.702451849465344,1581,29.40597915649414,0.193303495645523,1,0.0883909463882446,0,6.376273155212402,0.0383820720016956,18.79502868652344,0.2188282012939453,set_-523866560267024518,candidate,C,fornax,102046111.0,20.22891088734909,3.198931869932209,0,0.0,0.0,0.0,0.0,0.0,152.12336982471533,1.173690198097788,data/raw/cutouts/-523866560267024518_VIS.fits,1.0
-523929135301977427,52.39291356415835,-30.197742736377528,993,20.92183494567871,0.1803669184446334,1,0.0949658080935478,0,5.479530811309815,0.0434600003063678,,,set_-523929135301977427,candidate,C,fornax,102041656.0,20.598500571042077,2.996949248495381,0,0.0,0.0,0.0,0.0,0.0,115.99596603465292,,data/raw/cutouts/-523929135301977427_VIS.fits,0.5
-523941152286326989,52.39411529116592,-28.63269895891013,1103,18.6584529876709,0.1514283269643783,1,0.1285775154829025,0,5.324686527252197,0.03621057420969,16.034563064575195,0.2725088596343994,set_-523941152286326989,candidate,C,fornax,102043548.0,20.722810918457963,3.0425755124401905,0,0.0,0.0,0.0,0.0,0.0,123.2163978940352,1.1969077120426936,data/raw/cutouts/-523941152286326989_VIS.fits,0.9
-524029841286271621,52.402984172491394,-28.62716217225141,1146,18.38995361328125,0.1741773784160614,1,0.2398661375045776,0,4.352709770202637,0.034016229212284,11.541910171508787,0.2078058123588562,set_-523941152286326989,reference,unlabelled,fornax,,20.73854841555644,3.059184617631371,1,34.389813003128936,0.015737497098474,0.0166091051911805,0.010662374778936,34.38981300314227,105.58175683040054,1.0587949492517914,data/raw/cutouts/-524029841286271621_VIS.fits,0.0
-524053899298458795,52.40538990185616,-29.84587951955764,724,13.395097732543944,0.1477141827344894,1,0.2361093461513519,0,3.8132805824279785,0.0358238331973552,11.82713508605957,0.1760897189378738,set_-524316861298325813,reference,unlabelled,fornax,,21.082635283424292,2.859738566197147,1,95.0522488660131,-0.1100797191598559,-0.1475823867255976,0.6868994021453118,95.05224886601373,90.68254303394224,1.228951988110774,data/raw/cutouts/-524053899298458795_VIS.fits,0.1
-524073599287695837,52.40735998380092,-28.76958377032656,1491,25.527767181396484,0.1982595324516296,1,0.1616472899913787,0,6.064914703369141,0.0398055054247379,16.67576789855957,0.3196279406547546,set_-523861041287486239,reference,unlabelled,fornax,,20.382467924133657,3.1734776434529945,1,100.9630927360537,-0.1320844912729306,-0.0005821642720307,0.2025957160516109,100.96309273605134,128.75934319891843,1.098152861057891,data/raw/cutouts/-524073599287695837_VIS.fits,0.4
-524115445266824208,52.41154454191939,-26.682420835670523,1302,26.195560455322266,0.1834928840398788,1,0.2209320068359375,0,6.978968143463135,0.0439723655581474,18.15703392028809,0.213057279586792,set_-523866560267024518,reference,unlabelled,fornax,,20.35443076341134,3.114610984232173,1,107.74106066395136,0.1255198760622491,-0.0843208857000359,0.3627606141827437,107.7410606639503,142.7606339743897,1.0381342224496384,data/raw/cutouts/-524115445266824208_VIS.fits,0.1
-524123925265900516,52.41239254942887,-26.59005165803409,1866,25.327756881713867,0.2348269522190094,1,0.276875764131546,0,3.780531406402588,0.0307822655886411,9.52171230316162,0.1606236845254898,set_-524278724265812710,reference,unlabelled,fornax,,20.39100817801384,3.2709116394104814,1,59.01500753004121,0.0520414526332402,-0.0053203185113521,0.0337859239621482,59.01500753002391,107.85711198130336,1.002905512333515,data/raw/cutouts/-524123925265900516_VIS.fits,0.1
-524278724265812710,52.42787244504301,-26.58127102127123,1889,26.57133102416992,0.2033549100160598,1,0.272782951593399,2,5.773311614990234,0.0359932482242584,21.11357307434082,0.274783730506897,set_-524278724265812710,candidate,C,fornax,102046111.0,20.3389667253806,3.276231957921833,0,0.0,0.0,0.0,0.0,0.0,130.66481169336635,1.407841841176218,data/raw/cutouts/-524278724265812710_VIS.fits,1.0
-524288820265975659,52.42888208176716,-26.59756599541527,1775,19.925899505615234,0.2622742056846618,1,0.3191142380237579,2,2.1359221935272217,0.0318484231829643,3.896257162094116,0.1469573080539703,set_-524435442265816573,reference,unlabelled,fornax,,20.651455160838715,3.249198357391113,1,74.21548724098824,0.2031498364924004,-0.0397212482706135,0.5027205649388403,58.75188181591621,75.97353866194754,0.6526554631416281,data/raw/cutouts/-524288820265975659_VIS.fits,0.3
-524316861298325813,52.43168618863652,-29.832581360958628,1017,12.10358428955078,0.286619484424591,1,0.1894995272159576,2,1.2774815559387207,0.0289388503879308,4.785355567932129,0.1497054696083068,set_-524316861298325813,candidate,C,fornax,102041656.0,21.19271500258415,3.0073209529227447,0,0.0,0.0,0.0,0.0,0.0,42.228756059099,1.4338989356572271,data/raw/cutouts/-524316861298325813_VIS.fits,0.8
-524393829263067783,52.4393829905219,-26.30677832859765,915,11.760600090026855,0.2105251997709274,1,0.1960517466068267,0,2.270195722579956,0.033473752439022,5.831070899963379,0.1644869446754455,set_-524506177262911107,reference,unlabelled,fornax,,21.2239262940472,2.9614210940664485,1,67.05239029643657,-0.0644857578715303,0.0659985480270406,0.1589544121712164,67.05239029644699,55.86314656308875,1.0242125524503998,data/raw/cutouts/-524393829263067783_VIS.fits,0.1
-524435442265816573,52.44354425391187,-26.58165733195546,1945,24.02580070495605,0.2124163061380386,1,0.1502616554498672,2,2.514133214950561,0.0286314208060503,3.865039587020874,0.1277217119932174,set_-524435442265816573,candidate,C,fornax,102046111.0,20.448305324346315,3.2889196056617265,0,0.0,0.0,0.0,0.0,0.0,113.10713919176666,0.4669141519766564,data/raw/cutouts/-524435442265816573_VIS.fits,0.5
-524506177262911107,52.45061778531361,-26.29111079753021,786,11.08243465423584,0.1303867101669311,1,0.1800719946622848,2,2.9123730659484863,0.0279692187905311,9.948622703552246,0.1589241027832031,set_-524506177262911107,candidate,C,fornax,102046111.0,21.288412051918726,2.895422546039408,0,0.0,0.0,0.0,0.0,0.0,84.9966583254325,1.333789887004019,data/raw/cutouts/-524506177262911107_VIS.fits,0.9
-524597409266538336,52.459740934087165,-26.653833693681705,1764,25.0710678100586,0.1987450420856475,1,0.0862723290920257,0,5.001209259033203,0.0328552238643169,14.781163215637209,0.2059868574142456,set_-524620086266476783,reference,unlabelled,fornax,,20.402067921173437,3.246498580795801,1,23.32940627873092,0.1963804373186555,-0.0383831338596518,0.4658013088357811,23.32940627872388,126.14688420380536,1.1765839650469043,data/raw/cutouts/-524597409266538336_VIS.fits,0.3
-524620086266476783,52.46200860662302,-26.64767839090005,1927,30.04173469543457,0.2109347581863403,1,0.2027952671051025,0,5.80708646774292,0.0343111678957939,17.06482696533203,0.2027763277292251,set_-524620086266476783,candidate,C,fornax,102046111.0,20.205687483854778,3.284881714655453,0,0.0,0.0,0.0,0.0,0.0,142.4219268258085,1.1703589905397875,data/raw/cutouts/-524620086266476783_VIS.fits,1.0
-524846527263742206,52.484652754902186,-26.37422068224872,1778,25.43558120727539,0.2499159276485443,1,0.3060280084609985,0,3.9800100326538086,0.0355111248791217,13.548705101013184,0.2186180055141449,set_-524846527263742206,candidate,C,fornax,102046111.0,20.38639583554464,3.249931756634195,0,0.0,0.0,0.0,0.0,0.0,101.776551205033,1.3300340581603969,data/raw/cutouts/-524846527263742206_VIS.fits,0.9
-524876480300521862,52.48764800206593,-30.052186253736533,822,32.447853088378906,0.1537774503231048,1,0.4849280118942261,0,9.102746963500977,0.04539680108428,21.85342025756836,0.2360664308071136,set_-525074554300540761,reference,unlabelled,fornax,,20.122035082499195,2.9148718175400505,1,62.09411774576312,-0.1707219303728102,-0.0651315540436958,0.4332028015401762,62.09411774577387,211.0052743116893,0.9508673679328622,data/raw/cutouts/-524876480300521862_VIS.fits,0.8
-525074554300540761,52.50745540247147,-30.05407610588284,955,27.72663688659668,0.1312875598669052,1,0.2113040089607238,2,8.208080291748047,0.0396162904798984,19.766725540161133,0.2453817576169967,set_-525074554300540761,candidate,C,fornax,102041656.0,20.29275701287201,2.9800033715837464,0,0.0,0.0,0.0,0.0,0.0,211.19013038786755,0.9542328402049454,data/raw/cutouts/-525074554300540761_VIS.fits,0.8
-525078224263527402,52.50782242022345,-26.35274029464389,1483,23.301708221435547,0.2002657502889633,1,0.2613604962825775,0,4.055796146392822,0.0301350783556699,5.1170501708984375,0.1517419517040252,set_-524846527263742206,reference,unlabelled,fornax,,20.48153060044463,3.1711411510283822,1,107.54186733644612,0.0951347648999885,-0.0787906056058127,0.2656768121049931,78.63433831236178,116.3539356470766,0.2523588921533573,data/raw/cutouts/-525078224263527402_VIS.fits,0.3
-525520444262649062,52.55204449217535,-26.26490629304089,3481,73.1283950805664,0.3344862461090088,1,0.6398524045944214,2,9.64079475402832,0.0465663261711597,15.626534461975098,0.233867809176445,set_-525674252262710433,reference,unlabelled,fornax,,19.239784894393104,3.5417040232842885,1,54.3463042882366,-0.00075353025451,0.072766217618827,0.134911537669467,54.34630428824223,218.62900472366184,0.5243745923314601,data/raw/cutouts/-525520444262649062_VIS.fits,0.0
-525674252262710433,52.56742527162064,-26.27104331001816,2944,73.0776596069336,0.2777908742427826,1,0.2246192246675491,2,14.115147590637209,0.0537960417568683,37.00763320922852,0.3592451214790344,set_-525674252262710433,candidate,B,fornax,102046111.0,19.24053842464761,3.4689378056654614,0,0.0,0.0,0.0,0.0,0.0,263.06717168493253,1.046514718721372,data/raw/cutouts/-525674252262710433_VIS.fits,1.0
-525695349297092862,52.569534997822,-29.70928622170952,4128,73.76482391357422,0.2639347910881042,1,0.0806285440921783,0,15.621164321899414,0.0488915182650089,37.88616943359375,0.3462339341640472,set_-525695349297092862,candidate,C,fornax,102042284.0,19.230376724919186,3.615739688619155,0,0.0,0.0,0.0,0.0,0.0,279.48124462663486,0.9619182408275286,data/raw/cutouts/-525695349297092862_VIS.fits,0.3
-525837444266602281,52.58374448255608,-26.660228155709977,1568,17.935056686401367,0.236349806189537,1,0.1672751456499099,2,3.037752151489258,0.0323837250471115,8.845182418823242,0.1724529564380645,set_-525837444266602281,candidate,C,fornax,102046112.0,20.765743115834628,3.19534605834842,0,0.0,0.0,0.0,0.0,0.0,75.88352609867863,1.1603861422342443,data/raw/cutouts/-525837444266602281_VIS.fits,0.9
-525848900288834704,52.584890021004725,-28.88347043178852,1918,34.6562614440918,0.2444781064987182,1,0.0772964209318161,0,7.692172527313232,0.0428659915924072,15.759453773498535,0.2306099832057953,set_-526075323288694011,reference,unlabelled,fornax,,20.050545721898093,3.282848602834645,1,87.52183129237937,0.0145811300897555,0.0029536228230067,0.0091476995518627,87.5218312923698,141.75609399311796,0.7787303605483769,data/raw/cutouts/-525848900288834704_VIS.fits,0.4
-525913919266616086,52.59139190097498,-26.661608611644976,1046,15.637964248657228,0.1749131381511688,1,0.4301717579364776,386,2.611792802810669,29.68732643127441,5.990561008453369,0.131167322397232,set_-525837444266602281,reference,unlabelled,fornax,,20.91454946021077,3.0195316845312554,1,25.10046511036584,0.1488063443761476,-0.1758143738171642,1.0193444822503757,25.10046511037172,89.40417177320384,0.9013219366087056,data/raw/cutouts/-525913919266616086_VIS.fits,0.6
-525954348297282185,52.59543488243819,-29.728218563232243,5485,76.24998474121094,0.3818504810333252,1,0.118449866771698,514,11.286578178405762,0.0479344017803669,27.86641311645508,0.31458580493927,set_-525695349297092862,reference,unlabelled,fornax,,19.194400597225357,3.73917663191073,1,105.84122814627918,-0.0359761276938321,0.1234369432915749,0.4049021056034301,105.84122814628792,199.6854489612556,0.9812969426228176,data/raw/cutouts/-525954348297282185_VIS.fits,0.9
-525966206289410013,52.59662065106207,-28.941001361340067,1729,26.261085510253903,0.5416234731674194,1,0.7852950692176819,386,0.5015156269073486,0.0259308535605669,0.7034383416175842,0.0881113335490226,set_-525966206289410013,candidate,C,fornax,102042914.0,20.35171831544024,3.2377949932739227,0,0.0,0.0,0.0,0.0,0.0,48.48587037167872,0.3673539159476342,data/raw/cutouts/-525966206289410013_VIS.fits,0.1
-525982962282852014,52.59829623055686,-28.285201495052387,1613,32.91911315917969,0.3010220527648926,1,0.4740281701087951,0,4.833514213562012,0.0482735857367515,7.295454025268555,0.153671383857727,set_-526169302282698220,reference,unlabelled,fornax,,20.10637968298588,3.2076343673889616,1,80.96583582328087,0.0395516789709091,-0.191173362814303,0.936683125657339,34.20977811786456,109.35781234901924,0.4469733123086561,data/raw/cutouts/-525982962282852014_VIS.fits,0.2
-526058326289213867,52.6058326761851,-28.921386728186302,2316,29.62820243835449,0.2626473903656006,1,0.3199861943721771,0,4.24741268157959,0.0314807519316673,11.8341064453125,0.1773807108402252,set_-525966206289410013,reference,unlabelled,fornax,,20.220736741598973,3.3647385550553985,1,76.34510604882327,-0.130981573841268,0.1269435617814758,0.5984879017001263,76.34510604879645,112.80600350573653,1.112527529877502,data/raw/cutouts/-526058326289213867_VIS.fits,0.0
-526073002265222219,52.60730029742269,-26.522221925865992,1206,17.261484146118164,0.163046047091484,1,0.0495392829179763,2,3.649510145187378,0.0302516128867864,10.7962007522583,0.1901227384805679,set_-526073002265222219,candidate,C,fornax,102046112.0,20.807304665706265,3.0813473078041325,0,0.0,0.0,0.0,0.0,0.0,105.86876808140504,1.1775909406694371,data/raw/cutouts/-526073002265222219_VIS.fits,1.0
-526075323288694011,52.60753233101427,-28.869401194831426,1905,35.12482452392578,0.2035489231348037,1,0.0437603555619716,0,9.279696464538574,0.0470228344202041,22.843595504760746,0.287350594997406,set_-526075323288694011,candidate,C,fornax,102042914.0,20.035964591808337,3.279894980011638,0,0.0,0.0,0.0,0.0,0.0,172.56207492025774,0.9780767264998358,data/raw/cutouts/-526075323288694011_VIS.fits,0.8
-526089996282864116,52.60899962024457,-28.28641162357333,1979,29.47133445739746,0.2217746526002884,1,0.2707401812076568,2,6.226612091064453,0.0406777150928974,23.47425079345703,0.237520158290863,set_-526089996282864116,candidate,C,fornax,102043548.0,20.22650049729723,3.296445794206396,0,0.0,0.0,0.0,0.0,0.0,132.88865121351176,1.4408498238190035,data/raw/cutouts/-526089996282864116_VIS.fits,0.8
-526108999283085354,52.61089992360171,-28.30853544402048,1835,32.96207046508789,0.1839624345302581,1,0.4361926913261413,386,6.708563804626465,0.0372654162347316,15.471169471740724,0.2095886468887329,set_-526089996282864116,reference,unlabelled,fornax,,20.104963791335862,3.263636068588108,1,79.87320864152038,-0.1215367059613647,-0.0328097256182879,0.1965056631726346,79.87320864152105,179.17826837449414,0.9072339718946628,data/raw/cutouts/-526108999283085354_VIS.fits,0.1
-526160809272093912,52.61608096269949,-27.20939129869196,1828,29.65979385375977,0.1820637434720993,1,0.3597786128520965,0,7.611284255981445,0.0388525687158107,23.191665649414062,0.3030332922935486,set_-526160809272093912,candidate,C,fornax,102045466.0,20.219579679500185,3.2619761913978125,0,0.0,0.0,0.0,0.0,0.0,162.90884328820275,1.2096849988700962,data/raw/cutouts/-526160809272093912_VIS.fits,0.1
-526169302282698220,52.61693020769098,-28.26982208099156,2505,34.14041519165039,0.2632105052471161,1,0.1358705013990402,0,5.990557193756104,0.039106149226427,20.323013305664062,0.272150844335556,set_-526169302282698220,candidate,C,fornax,102043548.0,20.06682800401497,3.3988077302032647,0,0.0,0.0,0.0,0.0,0.0,129.70764658347335,1.326302206564208,data/raw/cutouts/-526169302282698220_VIS.fits,0.9
-526284599294375424,52.62845995842899,-29.43754243408277,781,16.35178565979004,0.13047456741333,1,0.1927965730428695,0,4.554835319519043,0.0341309979557991,13.057279586791992,0.2271826118230819,set_-526284599294375424,candidate,C,fornax,102042284.0,20.866087035666983,2.8926510338773004,0,0.0,0.0,0.0,0.0,0.0,125.32546368204667,1.14345005958195,data/raw/cutouts/-526284599294375424_VIS.fits,0.9
-526294674265262356,52.62946740398772,-26.526235653690183,824,17.309307098388672,0.1542111188173294,1,0.4461846053600311,0,4.537556171417236,0.0381784997880458,,,set_-526073002265222219,reference,unlabelled,fornax,,20.80430079209217,2.915927211697116,1,72.84948755584263,-0.0030038736140873,-0.1654200961070167,0.6887454014410125,72.84948755583588,112.24422227876052,,data/raw/cutouts/-526294674265262356_VIS.fits,0.1
-526307644271854626,52.63076444596611,-27.185462687069275,1490,26.784990310668945,0.2387587279081344,1,0.6479275226593018,0,4.069457054138184,0.0353409498929977,7.362281322479248,0.1677888184785843,set_-526160809272093912,reference,unlabelled,fornax,,20.33027126598716,3.173186268412274,1,98.1383296030795,0.1106915864869755,-0.0887899229855384,0.3414887072607435,98.13832960308916,112.18434000441997,0.6436898468873248,data/raw/cutouts/-526307644271854626_VIS.fits,0.0
-526364571294435792,52.63645710453187,-29.443579213746563,1077,14.312304496765137,0.1858800202608108,1,0.1131969466805458,2,2.278644561767578,0.0270147677510976,7.812729835510254,0.1677289307117462,set_-526364571294435792,candidate,C,fornax,102042284.0,21.010726081629564,3.032215703297981,0,0.0,0.0,0.0,0.0,0.0,76.99754108420768,1.3378155508673228,data/raw/cutouts/-526364571294435792_VIS.fits,0.8
-526399905287783617,52.63999052359203,-28.77836170680732,795,9.192046165466309,0.1552464663982391,1,0.3913748264312744,0,2.3290603160858154,0.0298090130090713,5.2370452880859375,0.1710259318351745,set_-526588221287770665,reference,unlabelled,fornax,,21.491469507862927,2.9003671286564705,1,59.603420944890594,0.2260484997998482,0.0133127506055137,0.5752312015133849,59.60342094489168,59.20937447868746,0.8797639846481048,data/raw/cutouts/-526399905287783617_VIS.fits,0.2
-526400623298942575,52.64006236289213,-29.89425756101037,989,14.883875846862791,0.1424905955791473,1,0.1746948212385177,514,4.160680770874023,0.0341249145567417,12.788046836853027,0.2315807491540908,set_-526400623298942575,candidate,C,fornax,102041657.0,20.96820990320501,2.9951962915971797,0,0.0,0.0,0.0,0.0,0.0,104.4551451719875,1.2190995562344913,data/raw/cutouts/-526400623298942575_VIS.fits,1.0
-526410090299037532,52.64100908204141,-29.903753216816288,1072,14.561098098754885,0.1524686217308044,1,0.4315296411514282,514,2.921072006225586,0.0290845315903425,6.719143390655518,0.1777178198099136,set_-526400623298942575,reference,unlabelled,fornax,,20.99201468064688,3.030194785356751,1,34.31180639099566,0.0238047774418674,0.0349984937595717,0.0379280139459746,34.31180639098786,95.50226094693552,0.904429116419962,data/raw/cutouts/-526410090299037532_VIS.fits,0.3
-526416583274572330,52.6416583465498,-27.457233036706647,1263,29.866947174072266,0.1455308943986892,1,0.3253107666969299,2,8.58885669708252,0.0402496643364429,22.51077079772949,0.2882926166057586,set_-526416583274572330,candidate,C,fornax,102044824.0,20.212022915469205,3.101403350555331,0,0.0,0.0,0.0,0.0,0.0,205.22753809407823,1.046137523372855,data/raw/cutouts/-526416583274572330_VIS.fits,0.7
-526431951274679878,52.64319518089233,-27.467987852104933,1487,33.892189025878906,0.4122459292411804,1,0.1247644796967506,0,5.167459011077881,4423.791015625,14.272313117980955,0.2306735068559646,set_-526416583274572330,reference,unlabelled,fornax,,20.07475095020236,3.172310968521954,1,39.02732083681316,-0.1372719652668443,0.0709076179666232,0.3363763465635138,39.027320836824366,82.21352018748647,1.103043311544301,data/raw/cutouts/-526431951274679878_VIS.fits,0.9
-526475544294135756,52.64755449165162,-29.4135756898782,982,16.52604866027832,0.1386398524045944,1,0.5865241289138794,2,4.39637565612793,0.0326123349368572,16.669130325317383,0.2417868077754974,set_-526284599294375424,reference,unlabelled,fornax,,20.85457743203812,2.992111487786949,1,105.01903407732138,-0.0115096036288626,0.099460453909649,0.2582370347494147,105.01903407733025,119.20128573168232,1.4470453691824503,data/raw/cutouts/-526475544294135756_VIS.fits,0.6
-526588221287770665,52.65882210413717,-28.7770665115202,771,11.319613456726074,0.1728793531656265,1,0.4813616275787353,2,2.6124308109283447,0.0351404249668121,6.9166646003723145,0.1886418610811233,set_-526588221287770665,candidate,C,fornax,102042915.0,21.26542100806308,2.8870543780509568,0,0.0,0.0,0.0,0.0,0.0,65.47695401128297,1.0571297985301773,data/raw/cutouts/-526588221287770665_VIS.fits,0.1
-526633631294297455,52.66336318601735,-29.429745576158577,973,15.247471809387209,0.162367358803749,1,0.1490945219993591,0,4.239025115966797,0.0376807153224945,10.779889106750488,0.2140382975339889,set_-526364571294435792,reference,unlabelled,fornax,,20.942005402310286,2.988112840268352,1,97.96044283842092,-0.0687206793192771,-0.0441028630296296,0.1093263746134062,97.9604428384242,93.90724787127073,1.013370758801707,data/raw/cutouts/-526633631294297455_VIS.fits,0.0
-526793203294738037,52.67932039383986,-29.4738037612088,2335,27.80746459960937,0.249031513929367,1,0.4106396734714508,2,4.2161173820495605,0.0328985452651977,12.32541561126709,0.2224231362342834,set_-526888815294982643,reference,unlabelled,fornax,,20.289596517465228,3.368286884902131,1,93.01597549211375,0.1428109396996753,0.0890763723007359,0.4323933904076397,93.01597549211009,111.66243244016266,1.164722197157791,data/raw/cutouts/-526793203294738037_VIS.fits,0.1
-526888815294982643,52.68888150861861,-29.498264398459888,1902,31.716537475585938,0.2221457362174987,1,0.1143777891993522,2,5.336310386657715,0.0396912470459938,18.30379295349121,0.2573995888233185,set_-526888815294982643,candidate,A,fornax,102042284.0,20.146785577765552,3.279210512601395,0,0.0,0.0,0.0,0.0,0.0,142.77355944627664,1.3382500303719211,data/raw/cutouts/-526888815294982643_VIS.fits,0.7
-527026224287703474,52.70262242655624,-28.770347416397275,1714,32.36446762084961,0.2262841016054153,1,0.1427845954895019,2,7.375351428985596,0.045655507594347,21.19401741027832,0.3061952888965606,set_-527026224287703474,candidate,C,fornax,102042915.0,20.124828831280578,3.23401081758718,0,0.0,0.0,0.0,0.0,0.0,143.025813087326,1.1460764196702398,data/raw/cutouts/-527026224287703474_VIS.fits,1.0
-527046324287860615,52.7046324382136,-28.786061541333183,1780,28.15973663330078,0.2031275182962417,1,0.2040994018316269,0,5.770570278167725,0.0351881459355354,15.471254348754885,0.2431691884994506,set_-527026224287703474,reference,unlabelled,fornax,,20.275928528231688,3.250420002308894,1,56.92526710407744,0.1510996969511104,0.0164091847217147,0.263188821596429,56.92526710409008,138.63083086670977,1.070766978693939,data/raw/cutouts/-527046324287860615_VIS.fits,0.3
-527182513282277606,52.71825136546124,-28.22776061590684,2081,27.97356033325196,0.2909905612468719,1,0.3382568359375,0,5.164338111877441,0.0388855375349521,18.34992027282715,0.2723298370838165,set_-527182513282277606,candidate,C,fornax,102044185.0,20.283130638264733,3.318272080211627,0,0.0,0.0,0.0,0.0,0.0,96.132191413314,1.3765487841260435,data/raw/cutouts/-527182513282277606_VIS.fits,0.8
-527266115297376373,52.726611583003965,-29.73763738307605,5079,99.21083068847656,0.4219074547290802,1,0.6741451025009155,512,9.79964828491211,0.0476014427840709,15.416687965393066,0.1877207309007644,set_-527593902297425560,reference,unlabelled,fornax,,18.908602285050968,3.705778212828598,1,103.97932489671749,-0.0704427081971132,-0.138201631649562,0.541896844206319,103.9793248967196,235.1483235871784,0.4919514836489739,data/raw/cutouts/-527266115297376373_VIS.fits,0.4
-527295548282191946,52.72955488420644,-28.219194640880296,1581,25.68537139892578,0.1996837556362152,1,0.1271824836730957,0,6.189589977264404,0.0402939990162849,19.719762802124023,0.2680981457233429,set_-527182513282277606,reference,unlabelled,fornax,,20.375785375478085,3.198931869932209,1,47.291774716121004,0.0926547372133512,-0.1193402102794181,0.4533573746832275,47.291774716126895,128.6302499524273,1.2580995153801813,data/raw/cutouts/-527295548282191946_VIS.fits,0.9
-527328938275654558,52.73289382131123,-27.5654558063288,1082,15.75715160369873,0.1679671853780746,1,0.8363751173019409,0,2.993788003921509,0.0312485713511705,8.299365043640137,0.2792031764984131,set_-527398094275545945,reference,unlabelled,fornax,,20.906305716259297,3.0342272607705505,1,44.89981653796367,-0.0247599939172893,-0.0298561751930455,0.0308249172037965,44.89981653795584,93.81089269449396,1.1070595585102518,data/raw/cutouts/-527328938275654558_VIS.fits,0.0
-527330118300603942,52.73301189004299,-30.060394203188203,1029,15.954975128173828,0.1974579840898513,1,0.3896434009075165,2,3.058283567428589,0.0313310772180557,11.620868682861328,0.2204441279172897,set_-527330118300603942,candidate,B,fornax,102041657.0,20.892759671202857,3.012415374762433,0,0.0,0.0,0.0,0.0,0.0,80.8018738858069,1.4494021060750977,data/raw/cutouts/-527330118300603942_VIS.fits,0.4
-527379187300560745,52.73791874548739,-30.056074530571884,3347,45.36083984375,0.2860727310180664,1,0.1831616908311844,0,6.914824485778809,0.037147544324398,19.75445556640625,0.2802659869194031,set_-527379187300560745,candidate,C,fornax,102041657.0,19.758297282987957,3.5246557123577773,0,0.0,0.0,0.0,0.0,0.0,158.5640116145335,1.1397097595525654,data/raw/cutouts/-527379187300560745_VIS.fits,0.9
-527398094275545945,52.73980944581625,-27.554594530889368,1159,15.40187931060791,0.2269433587789535,1,0.297892302274704,0,2.789721727371216,0.0338913910090923,8.999600410461426,0.2246647477149963,set_-527398094275545945,candidate,C,fornax,102044824.0,20.931065710176583,3.064083435963596,0,0.0,0.0,0.0,0.0,0.0,67.866622726817,1.2716558548814314,data/raw/cutouts/-527398094275545945_VIS.fits,1.0
-527416229300859659,52.74162296738126,-30.08596597930804,923,14.870776176452637,0.1307573467493057,1,0.2711110413074493,0,4.114317893981934,0.0312904305756092,5.9988203048706055,0.1792442798614502,set_-527330118300603942,reference,unlabelled,fornax,,20.969165907485788,2.965201701025912,1,95.88758251872376,0.0764062362829314,-0.0472136737365209,0.128476714525773,95.88758251869676,113.72803552647493,0.4094200206532369,data/raw/cutouts/-527416229300859659_VIS.fits,0.1
-527508262300385990,52.75082629263581,-30.038599007268065,3616,53.84691619873047,0.3063503503799438,1,0.1995623707771301,0,5.901752471923828,0.03529042750597,10.750977516174316,30.92515563964844,set_-527379187300560745,reference,unlabelled,fornax,,19.57209790901268,3.5582284218033258,1,74.67099754284625,-0.1861993739752776,0.0335727094455484,0.4181830049301827,74.67099754285518,175.76907005964935,0.6511674075094047,data/raw/cutouts/-527508262300385990_VIS.fits,0.2
-527593902297425560,52.75939029595949,-29.74255605439272,6982,92.97838592529295,0.3966155350208282,1,0.1171596199274063,512,11.382938385009766,0.0424315780401229,35.02650833129883,0.2847575843334198,set_-527593902297425560,candidate,C,fornax,102041657.0,18.97904499324808,3.84397984447816,0,0.0,0.0,0.0,0.0,0.0,234.429510988293,1.220356152854603,data/raw/cutouts/-527593902297425560_VIS.fits,1.0
-527680080265815494,52.76800804820341,-26.58154943643391,1027,12.41378688812256,0.1981823295354843,1,0.0463251993060112,0,2.52273178100586,0.0325184538960456,7.541445255279541,0.1528074592351913,set_-527688212265912072,reference,unlabelled,fornax,,21.16523928643464,3.0115704435972783,1,34.86641583416141,0.1191632755163496,0.0133111051735794,0.1632483901815258,34.86641583416172,62.63821258544591,1.1889587608998633,data/raw/cutouts/-527680080265815494_VIS.fits,0.9
-527688212265912072,52.768821239543584,-26.591207212331227,996,13.853821754455566,0.1786246746778488,1,0.2719236612319946,2,2.6001155376434326,0.0305817350745201,10.380829811096191,0.1683265715837478,set_-527688212265912072,candidate,C,fornax,102046112.0,21.04607601091829,2.998259338423699,0,0.0,0.0,0.0,0.0,0.0,77.55827563824012,1.5030985612919925,data/raw/cutouts/-527688212265912072_VIS.fits,1.0
-527733674273469346,52.77336747106035,-27.34693460550416,865,12.38029956817627,0.1796867847442627,1,0.090269349515438,2,2.984220266342163,0.0377035737037658,10.79853057861328,0.2189884334802627,set_-527733674273469346,candidate,C,fornax,102044824.0,21.16817211623162,2.9370161074648142,0,0.0,0.0,0.0,0.0,0.0,68.8993327238639,1.396334467546051,data/raw/cutouts/-527733674273469346_VIS.fits,0.8
-527927635273589248,52.79276355938357,-27.358924886638096,821,12.480334281921388,0.153070256114006,1,0.2576255798339844,0,3.132687330245972,0.0317142456769943,10.144444465637209,0.177502155303955,set_-527733674273469346,reference,unlabelled,fornax,,21.15943445513367,2.9143431571194407,1,75.56164686534872,-0.0087376610979497,-0.0226729503453735,0.0185948933977082,75.56164686535372,81.53337296715631,1.2757780459183348,data/raw/cutouts/-527927635273589248_VIS.fits,0.0
-528027863292809472,52.80278633123587,-29.280947230576963,1067,22.477792739868164,0.1658289134502411,1,0.1996816545724868,0,6.505457401275635,0.0444682948291301,16.97722625732422,0.2213411778211593,set_-528356577292866317,reference,unlabelled,fornax,,20.520615843962943,3.0281644194244697,1,105.22375630525596,0.0735324921796554,0.0911483119596554,0.2772709403790693,105.22375630525023,135.54809153720282,1.0414722479887175,data/raw/cutouts/-528027863292809472_VIS.fits,0.0
-528301862294413134,52.83018624600558,-29.441313408028,2847,44.91843032836914,0.2781935632228851,1,0.2951862812042236,0,5.110531330108643,0.0329193696379661,9.176716804504396,0.163311019539833,set_-528614674294431936,reference,unlabelled,fornax,,19.76893857134471,3.454387467146955,1,98.30192264886136,0.1283890894952541,-0.0121836052393993,0.1951485707158674,98.30192264886573,161.46466441562157,0.6355531860358389,data/raw/cutouts/-528301862294413134_VIS.fits,0.8
-528356577292866317,52.83565776408496,-29.28663177075172,865,24.0528564453125,0.163607507944107,1,0.5409677624702454,0,6.775405883789063,0.0435269325971603,19.018585205078125,0.2800034582614898,set_-528356577292866317,candidate,B,fornax,102042284.0,20.447083351783288,2.9370161074648142,0,0.0,0.0,0.0,0.0,0.0,147.01560305856896,1.1206072241176248,data/raw/cutouts/-528356577292866317_VIS.fits,0.5
-528469577293543249,52.8469577478342,-29.35432498316033,922,8.167705535888672,0.1584666967391967,1,0.049602061510086,0,1.224919080734253,0.023009605705738,3.280857563018799,0.1446829140186309,set_-528469577293543249,candidate,C,fornax,102042284.0,21.61974981982365,2.964730921053629,0,0.0,0.0,0.0,0.0,0.0,51.54209498877244,1.0696999408291028,data/raw/cutouts/-528469577293543249_VIS.fits,0.5
-528614674294431936,52.86146744117295,-29.443193659367665,2928,50.5568733215332,0.2738365232944488,1,0.228231593966484,0,10.493612289428713,0.0561595000326633,30.892213821411133,0.2671941816806793,set_-528614674294431936,candidate,C,fornax,102042284.0,19.64054948184945,3.4665710723863543,0,0.0,0.0,0.0,0.0,0.0,184.624288656962,1.1723100450156607,data/raw/cutouts/-528614674294431936_VIS.fits,0.3
-528751732293618873,52.875173270578,-29.36188733081515,852,7.953358650207519,0.1715390086174011,1,0.1594768911600113,0,1.5751991271972656,0.0273105334490537,2.073862075805664,0.1402727365493774,set_-528469577293543249,reference,unlabelled,fornax,,21.648623582377454,2.9304395947667,1,92.62215677191762,0.0288737625538075,-0.0342913262869291,0.0460156380290156,92.62215677192054,46.36472318635472,0.2986110183724928,data/raw/cutouts/-528751732293618873_VIS.fits,0.2
-529209996299100136,52.92099965374398,-29.91001367205823,2848,39.14692306518555,0.250118613243103,1,0.1290273070335388,0,6.770232677459717,0.0357528701424598,22.730812072753903,0.2316135764122009,set_-529209996299100136,candidate,A,fornax,102041657.0,19.918255919157232,3.4545399849648186,0,0.0,0.0,0.0,0.0,0.0,156.51343399676,1.3150283919917185,data/raw/cutouts/-529209996299100136_VIS.fits,1.0
-529355913299125730,52.935591389821695,-29.91257301745826,2611,51.5866813659668,0.2716739773750305,1,0.0805698335170745,0,11.893197059631348,0.061637956649065,27.99369430541992,0.3280431926250458,set_-529209996299100136,reference,unlabelled,fornax,,19.618656024802394,3.4168068718229443,1,46.45598039932961,-0.2995998943548379,-0.0377331131418743,1.0347793761658814,46.45598039932455,189.8845147570181,0.9294040023237168,data/raw/cutouts/-529355913299125730_VIS.fits,0.1
-529406479288349008,52.94064791001836,-28.834900896073968,742,9.824320793151855,0.1608901470899582,1,0.1093619018793106,0,2.5419816970825195,0.0318621546030044,7.991921424865723,0.1742954552173614,set_-529406479288349008,candidate,C,fornax,102042915.0,21.4192436624278,2.870403905279027,0,0.0,0.0,0.0,0.0,0.0,61.062289834683305,1.2436969653390415,data/raw/cutouts/-529406479288349008_VIS.fits,0.9
-529502454288405135,52.95024547823601,-28.840513589457068,738,10.479846000671388,0.1397913247346878,1,0.4287224411964416,0,2.747974872589112,0.0308558978140354,4.237926483154297,0.1301626414060592,set_-529406479288349008,reference,unlabelled,fornax,,21.34911274794896,2.868056361823041,1,36.3913831853474,-0.0701309144788382,-0.0023475434559854,0.055921455519986,36.3913831853356,74.96778516521863,0.4703516533705947,data/raw/cutouts/-529502454288405135_VIS.fits,0.0
-529678875271736883,52.967887588733255,-27.17368831855387,763,8.75076675415039,0.1744679659605026,1,0.0887058079242706,0,2.0768373012542725,0.0323296971619129,6.144711017608643,0.1407936066389084,set_-529760884271850076,reference,unlabelled,fornax,,21.544884729585007,2.8825245379548803,1,48.47973401513127,0.1224375938898809,-0.0286330707850961,0.1890775798834872,48.4797340151305,50.156868087356834,1.177747469223363,data/raw/cutouts/-529678875271736883_VIS.fits,0.1
-529694362267335557,52.96943623038122,-26.733555758705897,1343,17.6510009765625,0.2318652421236038,1,0.1415287852287292,0,3.179927587509156,0.0328176841139793,4.830986022949219,0.1573012918233871,set_-529841104267449884,reference,unlabelled,fornax,,20.78307665256418,3.1280760126687155,1,62.6077756508733,-0.1106517869953584,-0.0752289034697675,0.2808876595243539,62.60777565087788,76.12611883911873,0.4540463763216472,data/raw/cutouts/-529694362267335557_VIS.fits,0.2
-529760884271850076,52.97608846859429,-27.18500763947275,815,9.795376777648926,0.1790008395910263,1,0.4147477447986603,2,1.8265231847763064,0.0307942889630794,8.62035083770752,0.200745552778244,set_-529760884271850076,candidate,B,fornax,102045467.0,21.422447135695126,2.9111576087399764,0,0.0,0.0,0.0,0.0,0.0,54.722518620745,1.684749380459578,data/raw/cutouts/-529760884271850076_VIS.fits,1.0
-529832623289988980,52.98326231972947,-28.99889807916662,1089,17.23600196838379,0.1734514683485031,1,0.3075291514396667,0,4.519610404968262,0.0384460538625717,16.123615264892578,0.2107331305742263,set_-530140974290054600,reference,unlabelled,fornax,,20.80890866246605,3.037027879755775,1,99.91907115536102,-0.1633855175822454,0.077033041427359,0.453520946759034,99.91907115535646,99.3707469443428,1.380903567126134,data/raw/cutouts/-529832623289988980_VIS.fits,0.2
-529841104267449884,52.98411048333682,-26.74498845864553,1597,15.94074535369873,0.2139550298452377,1,0.2992697358131408,2,2.43027400970459,0.0272862277925014,9.332944869995115,29.00089836120605,set_-529841104267449884,candidate,C,fornax,102046112.0,20.89372843955954,3.203304916138483,0,0.0,0.0,0.0,0.0,0.0,74.50512084352171,1.460908645105331,data/raw/cutouts/-529841104267449884_VIS.fits,1.0
-529964798269418977,52.99647982866794,-26.941897743959466,1283,20.50623321533203,0.212184801697731,1,0.2989301681518554,0,4.211301803588867,0.0377038493752479,14.319270133972168,0.1956513971090316,set_-529964798269418977,candidate,C,fornax,102045467.0,20.620285269366143,3.1082266563749283,0,0.0,0.0,0.0,0.0,0.0,96.6432706360576,1.328761289602487,data/raw/cutouts/-529964798269418977_VIS.fits,1.0
-530140974290054600,53.014097464710574,-29.005460005638056,912,14.827991485595703,0.2129491716623306,1,0.4566569030284881,2,1.7543336153030396,0.0286816786974668,6.616792678833008,0.1581262201070785,set_-530140974290054600,candidate,C,fornax,102042915.0,20.972294180048294,2.959994838328416,0,0.0,0.0,0.0,0.0,0.0,69.63159973736909,1.441338355476796,data/raw/cutouts/-530140974290054600_VIS.fits,1.0
-530200034269475804,53.02000340549706,-26.947580446262137,1190,22.063066482543945,0.1788079291582107,1,0.1251823455095291,2,5.732938289642334,0.0415083542466163,13.260035514831545,0.2348334342241287,set_-529964798269418977,reference,unlabelled,fornax,,20.540835315880223,3.0755469613925306,1,78.21466603677241,-0.0794499534859234,-0.0326796949823977,0.1020804732931963,78.21466603676238,123.3897545059222,0.910418550698414,data/raw/cutouts/-530200034269475804_VIS.fits,0.1
-530314685300999078,53.03146854882237,-30.099907849975352,4712,91.41325378417967,0.3278709053993225,1,0.66140216588974,2,10.312110900878906,0.0408829897642135,22.43514633178711,0.2569309175014496,set_-530594758301039621,reference,unlabelled,fornax,,18.997477081014548,3.673205281779045,1,88.44093958209744,-0.1117093949373249,0.1287651444613526,0.559872925726027,88.44093958210613,278.80867829014926,0.8439533289392219,data/raw/cutouts/-530314685300999078_VIS.fits,0.0
-530356670294509826,53.0356670815343,-29.45098264874235,4634,67.97355651855469,0.3850529789924621,1,0.2612402141094208,0,10.858299255371094,0.0512071549892425,27.63976287841797,0.3119477033615112,set_-530356670294509826,candidate,C,fornax,102042285.0,19.31915001572051,3.6659560294539566,0,0.0,0.0,0.0,0.0,0.0,176.53040030079953,1.014431265596586,data/raw/cutouts/-530356670294509826_VIS.fits,0.9
-530422588281158203,53.04225880928372,-28.11582034268222,1205,18.399948120117188,0.1835779249668121,1,0.3690092861652374,0,4.480688095092773,0.0391697697341442,16.14557647705078,0.2519403398036957,set_-530422588281158203,candidate,C,fornax,102044185.0,20.7379585037776,3.080987046910887,0,0.0,0.0,0.0,0.0,0.0,100.22963340196594,1.3917721069393474,data/raw/cutouts/-530422588281158203_VIS.fits,0.9
-530520925294591109,53.05209253602312,-29.4591109835074,4077,71.16291809082031,0.2912397682666778,1,0.3335510194301605,2,14.199920654296877,0.0482866764068603,36.38199615478516,0.3646212220191955,set_-530356670294509826,reference,unlabelled,fornax,,19.269365629099667,3.6103407114521566,1,59.22262070379761,-0.0497843866208427,-0.0556153180017999,0.1078722743784146,59.22262070378954,244.34478338706472,1.021501514913162,data/raw/cutouts/-530520925294591109_VIS.fits,0.7
-530594758301039621,53.0594758402077,-30.10396216544011,3503,82.4755859375,0.2708442807197571,1,0.3186094164848327,2,17.807472229003906,0.0568294152617454,44.69013595581055,5.548840522766113,set_-530594758301039621,candidate,C,fornax,102041657.0,19.109186475951876,3.5444401373176926,0,0.0,0.0,0.0,0.0,0.0,304.5129316311375,0.9990235003475444,data/raw/cutouts/-530594758301039621_VIS.fits,0.8
-530608697288576682,53.06086977893339,-28.857668206272784,1269,15.324749946594238,0.206796333193779,1,0.0718212723731994,2,3.600616216659546,0.0434139929711818,11.926066398620604,0.2361325174570083,set_-530608697288576682,candidate,C,fornax,102042915.0,20.936516507798792,3.103461622094705,0,0.0,0.0,0.0,0.0,0.0,74.10552068268127,1.3003009745141727,data/raw/cutouts/-530608697288576682_VIS.fits,1.0
-530656076288760773,53.06560767628035,-28.876077300153128,897,14.073626518249512,0.1534550786018371,1,0.6087651252746582,2,3.421403169631958,0.0328491404652595,11.402195930480955,0.2126930207014084,set_-530608697288576682,reference,unlabelled,fornax,,21.028984945836488,2.952792443044092,1,67.93520187735527,0.0924684380376952,-0.1506691790506127,0.6664913990087481,67.93520187737415,91.71170251566394,1.3069606152065454,data/raw/cutouts/-530656076288760773_VIS.fits,0.9
-530696095281016903,53.06960958852749,-28.10169034785557,870,16.992603302001953,0.1946906596422195,1,0.8486731052398682,0,3.339507579803467,0.0345279909670352,7.811293601989746,0.1907883882522583,set_-530422588281158203,reference,unlabelled,fornax,,20.82435020305036,2.9395192526186187,1,100.6499085480066,0.0863916992727631,-0.1414677942922684,0.5919416726095932,100.6499085480099,87.28001298690467,0.922601320854396,data/raw/cutouts/-530696095281016903_VIS.fits,0.0
-530725017297838627,53.07250179620278,-29.78386277907249,2844,39.64251327514648,0.2389128059148788,1,0.2554970979690552,0,8.475181579589844,0.0434125028550624,19.791973114013672,12.321327209472656,set_-530725017297838627,candidate,C,fornax,102041657.0,19.90459704925808,3.4539295920577286,0,0.0,0.0,0.0,0.0,0.0,165.9287919847651,0.920850201633694,data/raw/cutouts/-530725017297838627_VIS.fits,0.9
-530846554263472708,53.084655434802805,-26.347270808036704,1309,18.08903884887696,0.1797612756490707,1,0.1082504764199256,2,3.93784761428833,0.0319470986723899,11.668710708618164,0.184608057141304,set_-530846554263472708,candidate,C,fornax,102046112.0,20.756461271313505,3.116939646550756,0,0.0,0.0,0.0,0.0,0.0,100.6281179501102,1.1794099174956083,data/raw/cutouts/-530846554263472708_VIS.fits,1.0
-530871001289997331,53.08710016405642,-28.99973315666351,726,10.62735366821289,0.1515150666236877,1,0.0921031907200813,0,2.91055965423584,0.0343422777950763,10.649019241333008,0.1808260083198547,set_-530871001289997331,candidate,C,fornax,102042915.0,21.333937165684542,2.8609366207000937,0,0.0,0.0,0.0,0.0,0.0,70.1405735088224,1.4083327670609982,data/raw/cutouts/-530871001289997331_VIS.fits,0.9
-530876045294449536,53.08760458965715,-29.44495368249769,3162,46.48633575439453,0.2909981608390808,1,0.1429836750030517,0,8.635906219482422,0.0478361770510673,20.99823570251465,0.2788412272930145,set_-530876045294449536,candidate,C,fornax,102042285.0,19.73168671339601,3.49996186559619,0,0.0,0.0,0.0,0.0,0.0,159.7478678915123,0.964687221974872,data/raw/cutouts/-530876045294449536_VIS.fits,1.0
-530884609297822564,53.08846097461792,-29.782256417009183,2373,42.72951126098633,0.2156670689582824,1,0.3369905054569244,2,7.907358169555664,0.0372751355171203,16.050935745239258,0.2564495503902435,set_-530725017297838627,reference,unlabelled,fornax,,19.823180186507827,3.375297738217339,1,50.198415554130285,-0.0814168627502525,-0.0786318538403896,0.2303868864770336,50.198415554135245,198.1271942321974,0.768672363152479,data/raw/cutouts/-530884609297822564_VIS.fits,0.2
-530891315294538066,53.0891315043862,-29.45380664865849,2622,46.04496765136719,0.2205104082822799,1,0.096580870449543,0,10.679037094116213,0.0431689098477363,28.594226837158203,0.3048736155033111,set_-530876045294449536,reference,unlabelled,fornax,,19.742044569512995,3.4186326873540653,1,32.22812539119796,0.0103578561169825,-0.0813291782421248,0.1674434151683169,32.22812539119327,208.81085845355688,1.0693656576094055,data/raw/cutouts/-530891315294538066_VIS.fits,0.2
-530935980286398103,53.09359800526675,-28.63981034887633,1836,27.10306739807129,0.2049676179885864,1,0.3188717365264892,2,5.988624095916748,0.0373625233769416,18.783540725708008,0.2583096921443939,set_-530935980286398103,candidate,C,fornax,102043549.0,20.31745388732784,3.2638726768652235,0,0.0,0.0,0.0,0.0,0.0,132.23097220937856,1.2411260185032011,data/raw/cutouts/-530935980286398103_VIS.fits,0.7
-530972233289723524,53.0972233124065,-28.97235241128692,876,13.967548370361328,0.1522188484668731,1,0.7403827905654907,0,2.74450421333313,0.0306064262986183,5.823721408843994,0.1581723242998123,set_-531128644289613349,reference,unlabelled,fornax,,21.03719953995088,2.942504106168081,1,63.246229334766845,0.1309787206688035,-0.0828017590966898,0.3654485476543391,63.24622933476734,91.75965073340468,0.8168417237014258,data/raw/cutouts/-530972233289723524_VIS.fits,0.0
-530993987298631985,53.09939877716654,-29.863198504076884,2199,26.64807891845703,0.3242430388927459,1,0.0343566425144672,128,2.761147975921631,0.0347727723419666,4.951320648193359,0.1679670810699463,set_-531065475298376465,reference,unlabelled,fornax,,20.335835235372684,3.3422252293607904,1,94.6565632165103,0.0652707801405583,-0.0803646104906916,0.2164797915395967,45.50289369846896,82.18550815911814,0.6340784254081162,data/raw/cutouts/-530993987298631985_VIS.fits,0.0
-531008650290085966,53.10086506415006,-29.00859661574101,766,9.776249885559082,0.1375637799501419,1,0.2211640030145645,0,2.3916471004486084,0.0298337563872337,4.701711177825928,0.1751873344182968,set_-530871001289997331,reference,unlabelled,fornax,,21.42456926546952,2.884228769632604,1,53.81825654962035,0.0906320997849761,0.0232921489325104,0.1073149442845163,53.81825654959978,71.0670344265209,0.7338971238815157,data/raw/cutouts/-531008650290085966_VIS.fits,0.2
-531012570280206683,53.101257033835154,-28.02066832362332,1499,20.74907493591309,0.2311566174030304,1,0.3029194474220276,0,4.113387107849121,0.0368997678160667,14.275395393371582,0.2353708744049072,set_-531012570280206683,candidate,C,fornax,102044185.0,20.607503152100676,3.1758016328482794,0,0.0,0.0,0.0,0.0,0.0,89.76197683208127,1.350971408515441,data/raw/cutouts/-531012570280206683_VIS.fits,0.9
-531065475298376465,53.10654754534171,-29.83764652617048,2646,28.299203872680664,0.2919196486473083,1,0.1153383031487464,2,4.425192832946777,0.0381715446710586,15.03777027130127,0.2532295286655426,set_-531065475298376465,candidate,C,fornax,102041657.0,20.27056445523213,3.422589839851482,0,0.0,0.0,0.0,0.0,0.0,96.94175778784668,1.3281281139593992,data/raw/cutouts/-531065475298376465_VIS.fits,1.0
-531087548292015173,53.1087548035456,-29.20151738621332,3508,44.331424713134766,0.3632354438304901,1,0.3032097220420837,0,5.938921928405762,0.0407111309468746,11.815009117126465,0.1890937387943267,set_-531310919292142818,reference,unlabelled,fornax,,19.78322077805044,3.5450595846940027,1,83.89395284364569,0.0654830491281757,0.0353195691236205,0.0848656918542245,83.89395284364251,122.04597724726104,0.7468161122689104,data/raw/cutouts/-531087548292015173_VIS.fits,0.8
-531097278263730690,53.10972782822617,-26.373069057696224,966,9.348814964294434,0.1764503568410873,1,0.2070215791463852,2,1.7381268739700315,0.0253600571304559,4.000030994415283,0.12382073700428,set_-531166573263953150,reference,unlabelled,fornax,,21.47310858968626,2.9849771264154934,1,83.14500841770112,0.0832951375166679,0.0701053088754428,0.2058854978606914,83.14500841770459,52.98269230882914,0.9049547051139734,data/raw/cutouts/-531097278263730690_VIS.fits,0.2
-531107553280201805,53.11075532160647,-28.020180562999368,1511,21.19780921936035,0.2456023395061493,1,0.2012623995542526,0,3.529724359512329,0.0344031602144241,6.004197597503662,0.1675004065036773,set_-531012570280206683,reference,unlabelled,fornax,,20.584272552053918,3.1792644643390253,1,30.236670234932944,-0.0232306000467588,0.0034628314907458,0.0070798382759361,30.23667023493774,86.30947596828413,0.5767854606657566,data/raw/cutouts/-531107553280201805_VIS.fits,0.3
-531128644289613349,53.11286442871516,-28.96133490806245,1060,15.758383750915527,0.1852498203516006,1,0.0469257645308971,0,3.631613492965698,0.0365110523998737,11.063782691955566,0.2224935591220855,set_-531128644289613349,candidate,C,fornax,102042915.0,20.90622081928208,3.0253058652647704,0,0.0,0.0,0.0,0.0,0.0,85.06558182354195,1.2095100400587642,data/raw/cutouts/-531128644289613349_VIS.fits,1.0
-531152835286176481,53.11528353115128,-28.61764819130283,1835,23.41081428527832,0.2782685160636902,1,0.138694018125534,0,4.241978645324707,0.0392776280641555,9.86500358581543,0.2026519179344177,set_-530935980286398103,reference,unlabelled,fornax,,20.476458700545624,3.263636068588108,1,105.1709281913047,0.1590048132177877,-0.0002366082771154,0.2904013661979195,105.17092819130082,84.13030197034595,0.9163219238961682,data/raw/cutouts/-531152835286176481_VIS.fits,0.1
-531164378263491757,53.116437856637816,-26.349175756096948,1170,18.105260848999023,0.2182955592870712,1,0.1477402299642563,2,3.24097228050232,0.0337781980633735,5.248383522033691,0.1538442522287368,set_-530846554263472708,reference,unlabelled,fornax,,20.755488034413084,3.0681858617461617,1,102.75942043305288,-0.0009732369004211,-0.0487537848045942,0.0684868806298202,102.75942043305407,82.93920823734928,0.523375616749247,data/raw/cutouts/-531164378263491757_VIS.fits,0.1
-531166573263953150,53.11665730249199,-26.395315013863005,822,10.094263076782228,0.1923011541366577,1,0.1713237315416336,2,1.6483491659164429,0.0296515803784132,4.257343292236328,0.1492145359516143,set_-531166573263953150,candidate,C,fornax,102046112.0,21.38981345216959,2.9148718175400505,0,0.0,0.0,0.0,0.0,0.0,52.49195264636217,1.0302236459535798,data/raw/cutouts/-531166573263953150_VIS.fits,0.8
-531310919292142818,53.131091993387386,-29.214281899776903,3234,47.08742141723633,0.2448185384273529,1,0.2382786124944687,2,8.975757598876953,0.0400293990969657,23.63489151000977,0.2870343923568725,set_-531310919292142818,candidate,B,fornax,102042915.0,19.717737728922263,3.509740015570382,0,0.0,0.0,0.0,0.0,0.0,192.3360122959356,1.051206244246547,data/raw/cutouts/-531310919292142818_VIS.fits,1.0
-531474680299049838,53.14746800670998,-29.90498385922166,3578,55.12947845458984,0.2571175694465637,1,0.0539615973830223,0,10.499109268188477,0.0418886244297027,32.89016342163086,0.3372339308261871,set_-531705854298885278,reference,unlabelled,fornax,,19.54654029022234,3.553640336231354,1,93.35364531801224,0.226201696701775,-0.0215475086963068,0.5876035317994704,93.35364531801643,214.41350185930136,1.2397839393993175,data/raw/cutouts/-531474680299049838_VIS.fits,0.1
-531562152278711874,53.15621520567498,-27.871187425984484,925,13.737594604492188,0.2334472239017486,1,0.1859704703092575,0,3.6132333278656006,0.0461422279477119,5.910963535308838,0.1781018078327179,set_-531734672278660141,reference,unlabelled,fornax,,21.055223259429784,2.9661417327390325,1,57.97684209708523,0.0653796684482195,0.0221528576652607,0.0626449688071867,57.97684209710178,58.8466822388685,0.5344056818960858,data/raw/cutouts/-531562152278711874_VIS.fits,0.1
-531705854298885278,53.17058542511963,-29.88852780095017,3760,67.89918518066406,0.2741367518901825,1,0.1260461658239364,0,13.8279390335083,0.0475249923765659,34.48081588745117,0.2740081250667572,set_-531705854298885278,candidate,C,fornax,102041658.0,19.320338593520564,3.575187844927661,0,0.0,0.0,0.0,0.0,0.0,247.6836276511515,0.9920501937052904,data/raw/cutouts/-531705854298885278_VIS.fits,0.8
-531734672278660141,53.17346723833221,-27.86601419492517,879,14.59024429321289,0.2282475531101226,1,0.185717761516571,2,3.211606979370117,0.0506135039031505,12.633639335632324,0.2305867373943328,set_-531734672278660141,candidate,C,fornax,102044185.0,20.989843590981565,2.943988875073772,0,0.0,0.0,0.0,0.0,0.0,63.922894657159965,1.4870152037057636,data/raw/cutouts/-531734672278660141_VIS.fits,1.0
-531782867262094267,53.17828670361266,-26.2094267877214,850,8.78403377532959,0.1757646203041076,1,0.4067023992538452,2,1.427445888519287,0.0260792300105094,5.979875564575195,0.164158433675766,set_-531782867262094267,candidate,A,fornax,102046761.0,21.540765007482264,2.929418925714293,0,0.0,0.0,0.0,0.0,0.0,49.976120109561705,1.555331231994415,data/raw/cutouts/-531782867262094267_VIS.fits,0.8
-531991545262198630,53.19915453150474,-26.21986302629703,771,8.137419700622559,0.2000657469034195,1,0.1058345288038253,0,1.5791242122650146,0.0306820403784513,4.050286293029785,0.1328904628753662,set_-531782867262094267,reference,unlabelled,fornax,,21.623783209960635,2.8870543780509568,1,77.16176547025259,0.083018202478371,-0.042364547663336,0.1265514362783285,77.16176547026399,40.67372764489689,1.0226735743640083,data/raw/cutouts/-531991545262198630_VIS.fits,0.5
-532020950261969455,53.20209508963684,-26.19694558334184,2131,28.043642044067383,0.2283585220575332,1,0.0729738920927047,2,4.913426876068115,0.0329846888780593,17.175907135009766,0.2390989512205124,set_-532020950261969455,candidate,A,fornax,102046761.0,20.280413962415423,3.328583449714202,0,0.0,0.0,0.0,0.0,0.0,122.8053229255092,1.3588379656825729,data/raw/cutouts/-532020950261969455_VIS.fits,0.8
-532056366289526323,53.20563662551474,-28.952632389167288,827,8.595333099365234,0.2073202431201934,1,0.0856032371520996,0,1.4141172170639038,0.0332888253033161,4.670905590057373,0.1495412290096283,set_-532056366289526323,candidate,C,fornax,102042916.0,21.56434322053333,2.9175055095525466,0,0.0,0.0,0.0,0.0,0.0,41.45920808313017,1.297289198431408,data/raw/cutouts/-532056366289526323_VIS.fits,1.0
-532208508261875528,53.22085081570063,-26.18755287737158,2303,32.47901916503906,0.2450868040323257,1,0.5670379996299744,0,4.82131814956665,0.0325865522027015,8.50438117980957,0.1473791599273681,set_-532020950261969455,reference,unlabelled,fornax,,20.1209927362652,3.362293937964231,1,69.38451105589475,-0.1594212261502221,0.0337104882500289,0.3149276387527377,69.38451105588572,132.5204728719513,0.6161923175641469,data/raw/cutouts/-532208508261875528_VIS.fits,0.0
-532310322289430950,53.23103224392492,-28.94309500383477,742,8.375858306884766,0.1874956935644149,1,0.6466946005821228,0,1.647940158843994,0.0326088815927505,4.1485772132873535,0.1336481720209121,set_-532056366289526323,reference,unlabelled,fornax,,21.59242669540117,2.870403905279027,1,87.05825898679163,0.0280834748678344,-0.0471016042735197,0.0707250479191748,87.05825898677377,44.67227032074316,1.0023943508645077,data/raw/cutouts/-532310322289430950_VIS.fits,0.0
-532330660278991972,53.23306604758703,-27.899197212650336,715,10.96740436553955,0.1641544550657272,1,0.0819018334150314,0,2.673158645629883,0.0322478637099266,6.081284523010254,0.1720339208841323,set_-532330660278991972,candidate,C,fornax,102044185.0,21.29974035975672,2.8543060418010806,0,0.0,0.0,0.0,0.0,0.0,66.81149385283645,0.8924264730201946,data/raw/cutouts/-532330660278991972_VIS.fits,1.0
-532406933273857282,53.24069330455683,-27.38572827373356,1117,19.79149627685547,0.1522513329982757,1,0.3241819143295288,0,5.43345832824707,0.0365944541990757,15.016398429870604,0.2660717070102691,set_-532406933273857282,candidate,C,fornax,102044825.0,20.658803427544,3.048053173115609,0,0.0,0.0,0.0,0.0,0.0,129.99226927674658,1.1037236057368562,data/raw/cutouts/-532406933273857282_VIS.fits,0.8
-532637106278896780,53.26371065399482,-27.88967803012268,705,11.51246738433838,0.1555781960487365,1,0.5353522300720215,0,2.9556989669799805,0.0348874703049659,6.817171573638916,0.1876500397920608,set_-532330660278991972,reference,unlabelled,fornax,,21.24707896795341,2.848189116991399,1,103.34948274736846,-0.0526613918033085,-0.0061169248096817,0.0409063341143986,103.34948274736008,73.99794879182157,0.9073600614873,data/raw/cutouts/-532637106278896780_VIS.fits,0.0
-532644799284898719,53.2644799716351,-28.48987190213648,8287,159.5777130126953,0.5705577731132507,1,0.3192589282989502,2,19.49116516113281,0.0794178918004036,49.80730056762695,0.3229894042015075,set_-532644799284898719,candidate,C,fornax,102043549.0,18.39256940826957,3.9183973388437,0,0.0,0.0,0.0,0.0,0.0,279.68721229045553,1.018638007821193,data/raw/cutouts/-532644799284898719_VIS.fits,0.7
-532689691273984511,53.2689691357644,-27.39845112008048,1267,16.299116134643555,0.219492882490158,1,0.2427477240562439,0,2.8781657218933105,0.0336414724588394,9.265421867370604,0.1830127835273742,set_-532406933273857282,reference,unlabelled,fornax,,20.8695898644893,3.102776614883441,1,101.3230637375767,0.2107864369452983,0.0547234417678326,0.577345039838495,101.32306373757116,74.25806226484087,1.2693735039196865,data/raw/cutouts/-532689691273984511_VIS.fits,0.2
-532836971284843930,53.28369712030607,-28.48439306266679,6599,127.24307250976562,0.4957796335220337,1,0.0286274496465921,0,9.629676818847656,0.0465516746044158,19.06134986877441,0.1943377554416656,set_-532644799284898719,reference,unlabelled,fornax,,18.63841463156796,3.8194781283621215,1,63.92447543911428,0.2458452232983923,-0.0989192104815779,0.9196827852783984,63.924475439123846,256.65248006624824,0.7413548520466962,data/raw/cutouts/-532836971284843930_VIS.fits,0.0
-532929709288381745,53.29297091806423,-28.83817459799641,2161,36.38592147827149,0.2946391999721527,1,0.0394683443009853,0,6.5983076095581055,0.0444903597235679,19.31574058532715,0.2588244974613189,set_-532929709288381745,candidate,C,fornax,102042916.0,19.997666555095226,3.3346547668832414,0,0.0,0.0,0.0,0.0,0.0,123.49314511344872,1.166197014598925,data/raw/cutouts/-532929709288381745_VIS.fits,1.0
-532963651293165958,53.29636515729026,-29.3165958547305,1061,12.8422212600708,0.1691718995571136,1,0.2631990015506744,0,2.713738203048706,0.0291742235422134,8.171133041381836,0.1911951005458831,set_-533185073293389379,reference,unlabelled,fornax,,21.128399629616787,3.025715383901341,1,106.2960546007946,-0.056137480185658,-0.0008178806219558,0.0447194079032951,106.2960546007833,75.91226021396763,1.1967858328755066,data/raw/cutouts/-532963651293165958_VIS.fits,0.3
-533090479291546896,53.30904799417306,-29.154689624419845,1479,26.7062931060791,0.2033476382493972,1,0.1913954764604568,2,6.69434118270874,0.0417333841323852,19.82560920715332,0.2777227163314819,set_-533251142291509670,reference,unlabelled,fornax,,20.3334659721309,3.1699681739968923,1,52.259325937519904,-0.0750313084467535,0.018598323749432,0.0735410569593168,52.25932593752633,131.33318555352471,1.1787967463881217,data/raw/cutouts/-533090479291546896_VIS.fits,0.5
-533125474288409043,53.31254745488349,-28.84090433904189,1702,38.392120361328125,0.2548771500587463,1,0.1102324277162551,0,7.565286636352539,0.0442482382059097,12.655525207519531,18.019744873046875,set_-532929709288381745,reference,unlabelled,fornax,,19.93939475384332,3.230959555748569,1,62.511989183679695,-0.0582718012519087,-0.1036952111346725,0.3098966052806305,62.511989183669385,150.6299028864658,0.5586369645511606,data/raw/cutouts/-533125474288409043_VIS.fits,0.5
-533185073293389379,53.31850732867294,-29.338937984035795,1063,12.195094108581545,0.1666715145111084,1,0.1752244383096695,0,3.043550729751587,0.0295038595795631,10.49471378326416,0.194334790110588,set_-533185073293389379,candidate,C,fornax,102042285.0,21.184537109802445,3.0265332645232967,0,0.0,0.0,0.0,0.0,0.0,73.16843639630311,1.3439751346247155,data/raw/cutouts/-533185073293389379_VIS.fits,0.7
-533251142291509670,53.3251142778574,-29.15096706182251,1417,24.92304420471192,0.166609302163124,1,0.1587852984666824,2,5.966599941253662,0.036245509982109,17.969202041625977,0.3435746431350708,set_-533251142291509670,candidate,A,fornax,102042916.0,20.40849728057765,3.1513698502474603,0,0.0,0.0,0.0,0.0,0.0,149.58975207945016,1.1970046807921255,data/raw/cutouts/-533251142291509670_VIS.fits,1.0
-533350686291480772,53.33506866034395,-29.14807721944697,1332,17.83235740661621,0.1642060577869415,1,0.5120635032653809,2,3.405189037322998,0.0291040036827325,9.849204063415527,0.2090197652578354,set_-533443350291365668,reference,unlabelled,fornax,,20.7719781001366,3.1245042248342823,1,50.6554503268819,-0.0964606249802209,0.0129056999538881,0.1097488610885893,32.98102616617472,108.5974393816446,1.1531497725929782,data/raw/cutouts/-533350686291480772_VIS.fits,0.6
-533443350291365668,53.34433509135976,-29.136566857134017,1293,16.31640625,0.159031480550766,1,0.2955405414104461,2,3.515571594238281,0.0324443206191062,9.636900901794434,3.287108421325684,set_-533443350291365668,candidate,C,fornax,102042916.0,20.86843872511682,3.111598524880394,0,0.0,0.0,0.0,0.0,0.0,102.5985936463157,1.0948536158667468,data/raw/cutouts/-533443350291365668_VIS.fits,0.9
-533914855273081450,53.39148556983138,-27.30814507438481,776,6.025361061096191,0.1852561831474304,1,0.5932612419128418,0,1.193925142288208,0.0294055696576833,1.980005383491516,0.1406327486038208,set_-533989256272939751,reference,unlabelled,fornax,,21.950042308752693,2.8898617212581885,1,56.29100831101647,-0.1108745915367492,0.0159601233937269,0.1456756026699347,56.2910083110021,32.52448020210529,0.5492231829705067,data/raw/cutouts/-533914855273081450_VIS.fits,0.2
-533989256272939751,53.39892567648313,-27.29397514627413,748,5.440430164337158,0.1677473187446594,1,0.1412139683961868,0,1.088865041732788,0.0256102345883846,5.028582572937012,0.1626771390438079,set_-533989256272939751,candidate,C,fornax,102044825.0,22.06091690028944,2.873901597864461,0,0.0,0.0,0.0,0.0,0.0,32.43229283812541,1.661178827613794,data/raw/cutouts/-533989256272939751_VIS.fits,0.4
-534081174272937149,53.408117445209946,-27.2937149013282,1721,31.676244735717773,0.1801353245973587,1,0.337864339351654,0,8.02412223815918,0.039707962423563,22.945255279541016,0.2891056835651397,set_-534081174272937149,candidate,A,fornax,102044825.0,20.148165775662815,3.2357808703275603,0,0.0,0.0,0.0,0.0,0.0,175.84693511126156,1.1407383945178076,data/raw/cutouts/-534081174272937149_VIS.fits,1.0
-534186634272978405,53.41866346395229,-27.297840554404416,2614,36.11083221435547,0.3760757148265838,1,0.7799896597862244,2,3.039014339447021,0.0332571379840374,8.353198051452637,0.1810751408338546,set_-534081174272937149,reference,unlabelled,fornax,,20.00590625664426,3.4173055832445254,1,36.862724521420894,-0.1422595190185589,0.181524712916965,1.0498096582725682,36.86272452142955,96.02011188360544,1.0978000730443431,data/raw/cutouts/-534186634272978405_VIS.fits,0.0
-534239143282548201,53.42391432259361,-28.25482018047457,715,14.705026626586914,0.2078391909599304,1,0.245173305273056,2,3.91424822807312,0.0491957552731037,9.077715873718262,0.2157528102397918,set_-534239143282548201,candidate,C,fornax,102043549.0,20.98133546193354,2.8543060418010806,0,0.0,0.0,0.0,0.0,0.0,70.75194316658938,0.9133205546302116,data/raw/cutouts/-534239143282548201_VIS.fits,1.0
-534252609275202162,53.42526093026176,-27.52021620221413,1489,19.264299392700195,0.1905619353055954,1,0.3774844110012054,0,3.3699285984039307,0.0313560217618942,4.667267322540283,0.1298585534095764,set_-534380416275091390,reference,unlabelled,fornax,,20.68811695214745,3.1728946977521764,1,57.056033183117066,-0.1108351512188967,0.0457898993873686,0.1917025201132273,57.05603318312195,101.09206417224368,0.3536049426639485,data/raw/cutouts/-534252609275202162_VIS.fits,0.3
-534264558260612632,53.42645580108414,-26.06126322516176,1167,15.872631072998049,0.1881602257490158,1,0.0555450692772865,0,3.2927019596099854,0.0342306159436702,10.895709037780762,0.2062205821275711,set_-534264558260612632,candidate,B,fornax,102046761.0,20.89837769480559,3.0670708560453703,0,0.0,0.0,0.0,0.0,0.0,84.3569942043454,1.2992576876606576,data/raw/cutouts/-534264558260612632_VIS.fits,0.6
-534348827282778372,53.4348827889022,-28.27783727367332,974,15.074047088623049,0.164631962776184,1,0.2879713177680969,2,3.960402250289917,0.0368353463709354,11.312131881713867,8.517016410827637,set_-534239143282548201,reference,unlabelled,fornax,,20.954425331009848,2.988558956878616,1,89.86400578481212,-0.0269101309236923,0.1342529150775351,0.465565772001786,89.86400578480998,91.56209301298382,1.1395129026754105,data/raw/cutouts/-534348827282778372_VIS.fits,0.5
-534380416275091390,53.4380416600934,-27.50913909440813,1340,17.39478874206543,0.1868411004543304,1,0.3410217463970184,0,3.6155343055725098,0.0323327258229255,13.589035987854004,0.1951086074113845,set_-534380416275091390,candidate,C,fornax,102044825.0,20.798952103366343,3.127104798364808,0,0.0,0.0,0.0,0.0,0.0,93.09936999818323,1.437540405358671,data/raw/cutouts/-534380416275091390_VIS.fits,1.0
-534521619260731022,53.45216198228231,-26.073102226758547,979,13.068050384521484,0.1553315073251724,1,0.2619609832763672,0,3.135753631591797,0.0300609618425369,8.18623161315918,0.1582938432693481,set_-534264558260612632,reference,unlabelled,fornax,,21.10947299937322,2.9907826918031377,1,93.4178586380105,0.2110953045676318,-0.0762881642422326,0.6481037583035024,93.4178586380034,84.13006871274807,1.0418552351832222,data/raw/cutouts/-534521619260731022_VIS.fits,0.2
-534850868277647653,53.48508686860889,-27.76476531420212,1321,16.179521560668945,0.238861858844757,1,0.0239577442407608,0,2.093001127243042,0.0324743464589118,7.590409278869629,0.1519090235233307,set_-534850868277647653,candidate,C,fornax,102044186.0,20.87758581228426,3.1209028176145277,0,0.0,0.0,0.0,0.0,0.0,67.735894039008,1.398739329185792,data/raw/cutouts/-534850868277647653_VIS.fits,0.8
-534966034277398211,53.496603437705936,-27.739821154411857,1448,15.325626373291016,0.2825436592102051,1,0.1185015439987182,0,2.7808728218078613,0.0428077206015586,6.477599620819092,0.1465735137462616,set_-534850868277647653,reference,unlabelled,fornax,,20.936454416019828,3.1607685618611283,1,97.00540703220553,0.0588686037355685,0.039865744246601,0.0863052339200561,97.0054070321987,54.24162204216783,0.918082433001384,data/raw/cutouts/-534966034277398211_VIS.fits,0.5
-534976824260024813,53.49768249351134,-26.00248137493295,1047,18.53813743591309,0.1680540144443512,1,0.2971222400665283,2,4.727001190185547,0.0359509885311126,12.912508010864258,0.2267252951860427,set_-534976824260024813,candidate,C,fornax,102046762.0,20.729834756107135,3.0199466816788423,0,0.0,0.0,0.0,0.0,0.0,110.31058970657163,1.0910622307766111,data/raw/cutouts/-534976824260024813_VIS.fits,0.7
-535210776260211557,53.52107766849873,-26.02115573486012,757,17.44874382019043,0.1554920971393585,1,0.6923997402191162,0,4.386970520019531,0.0379583910107612,0.1980877518653869,7.901371479034424,set_-534976824260024813,reference,unlabelled,fornax,,20.795589583881902,2.8790958795000727,1,101.23595139362725,0.0657548277747679,-0.1408508021787695,0.5528014174872216,101.235951393622,112.21627427503368,-3.363267732173613,data/raw/cutouts/-535210776260211557_VIS.fits,0.0
-535213059295368790,53.52130595285387,-29.53687902235428,2235,34.15180969238281,0.2515932321548462,1,0.0923603475093841,0,5.980582237243652,0.0393949821591377,18.975509643554688,0.2606679201126098,set_-535213059295368790,candidate,C,fornax,102042286.0,20.06646569565216,3.349277527467956,0,0.0,0.0,0.0,0.0,0.0,135.74216364994928,1.2536249559342756,data/raw/cutouts/-535213059295368790_VIS.fits,1.0
-535240396295427758,53.52403968219349,-29.542775857853325,2147,33.980159759521484,0.2340096533298492,1,0.2277501672506332,0,6.463249683380127,0.0376715660095214,17.388917922973633,0.2736588716506958,set_-535213059295368790,reference,unlabelled,fornax,,20.071936459009137,3.331832044436249,1,22.890271864947017,0.0054707633569783,-0.0174454830317065,0.0083903843422311,22.890271864940665,145.20836758654832,1.074554059993274,data/raw/cutouts/-535240396295427758_VIS.fits,0.3
-535588787276363392,53.558878786312405,-27.63633920552284,942,12.199227333068848,0.1553152948617935,1,0.3368261456489563,2,2.5821526050567627,0.0294210854917764,9.082348823547363,0.1940252184867859,set_-535588787276363392,candidate,C,fornax,102044825.0,21.184169188807232,2.974050902792877,0,0.0,0.0,0.0,0.0,0.0,78.54491950663498,1.3655406806540156,data/raw/cutouts/-535588787276363392_VIS.fits,0.8
-535682147284814098,53.56821471972441,-28.481409887670523,1140,16.17290687561035,0.2017302960157394,1,0.3501460254192352,0,3.440507650375366,0.038348950445652,8.513493537902832,0.1821919530630111,set_-535684347284873382,reference,unlabelled,fornax,,20.87802978533348,3.0569048513364727,1,21.35338063933082,0.0221028044832856,0.0003811272573721,0.005822704721631,21.353380639333263,80.1709371127305,0.9837132070740536,data/raw/cutouts/-535682147284814098_VIS.fits,0.2
-535684347284873382,53.56843472086663,-28.487338229490124,1139,16.50551986694336,0.1453015655279159,1,0.174017921090126,0,4.642031669616699,0.0345609933137893,14.669994354248049,0.2446226328611374,set_-535684347284873382,candidate,C,fornax,102043550.0,20.8559269808502,3.056523724079101,0,0.0,0.0,0.0,0.0,0.0,113.59492106623074,1.249304619152807,data/raw/cutouts/-535684347284873382_VIS.fits,1.0
-535729168276572863,53.572916869754216,-27.65728638088734,915,11.794925689697266,0.1714380085468292,1,0.3515248000621795,2,2.3770008087158203,0.0318659394979476,4.479056358337402,0.1552130281925201,set_-535588787276363392,reference,unlabelled,fornax,,21.220761977271543,2.9614210940664485,1,87.69679698644244,0.0365927884643113,-0.0126298087264289,0.0254594967508327,87.69679698644653,68.79994576275902,0.6878929939060756,data/raw/cutouts/-535729168276572863_VIS.fits,0.0
-535831637285172777,53.58316373411247,-28.517277728459067,836,20.15777015686035,0.1521250158548355,1,0.3547962307929992,0,5.734475612640381,240.47267150878903,10.222691535949709,0.2022578716278076,set_-535896042285357229,reference,unlabelled,fornax,,20.638893777556795,2.9222062774390163,1,69.45729972504331,-0.0622065127159068,-0.0005191805542437,0.0471389261183385,69.45729972503335,132.50792477218735,0.6276788656735238,data/raw/cutouts/-535831637285172777_VIS.fits,0.3
-535896042285357229,53.58960422940589,-28.535722970121466,837,19.035306930541992,0.1260159909725189,1,0.3450618684291839,0,5.907036304473877,0.0368735417723655,17.432220458984375,0.2611747682094574,set_-535896042285357229,candidate,C,fornax,102043550.0,20.701100290272706,2.92272545799326,0,0.0,0.0,0.0,0.0,0.0,151.05469380225833,1.174957674027041,data/raw/cutouts/-535896042285357229_VIS.fits,0.3
-535940298284818126,53.594029840781566,-28.48181260140423,3571,43.08799362182617,0.3274397552013397,1,0.1325776278972625,0,6.625062942504883,0.0418727844953537,21.49687957763672,0.2395389825105667,set_-535940298284818126,candidate,C,fornax,102043550.0,19.81410932054936,3.552789850192782,0,0.0,0.0,0.0,0.0,0.0,131.59059930072254,1.2779635372382545,data/raw/cutouts/-535940298284818126_VIS.fits,1.0
-536095666284638591,53.60956663855051,-28.46385912946962,3337,51.46614456176758,0.2513369619846344,1,0.3520581424236297,0,10.614395141601562,0.0432181432843208,24.97254180908203,0.2939707338809967,set_-535940298284818126,reference,unlabelled,fornax,,19.621195911134063,3.5233562066547925,1,81.20812636477241,-0.1929134094152935,-0.0294336435379896,0.4408189115660506,81.20812636476809,204.76950208745652,0.9289187446080022,data/raw/cutouts/-536095666284638591_VIS.fits,0.2
-536775386294466519,53.67753861981216,-29.446651914920384,880,14.007917404174805,0.1755701899528503,1,0.2194413244724273,0,2.895780086517334,0.0306754410266876,9.969462394714355,0.1935193836688995,set_-536775386294466519,candidate,C,fornax,102042286.0,21.034066069192036,2.9444826721501687,0,0.0,0.0,0.0,0.0,0.0,79.78528364033016,1.342265405654197,data/raw/cutouts/-536775386294466519_VIS.fits,0.9
-536831965294394527,53.68319659450304,-29.439452755299307,821,14.204434394836426,0.1441598534584045,1,0.2394877076148986,0,3.769319772720337,0.0350910648703575,12.549534797668455,0.2302957624197006,set_-536775386294466519,reference,unlabelled,fornax,,21.01894013682937,2.9143431571194407,1,31.405820854577303,-0.0151259323626611,-0.0301395150307279,0.0260975280343076,31.40582085457813,98.53252520775442,1.3059116111436602,data/raw/cutouts/-536831965294394527_VIS.fits,0.0
-537369594270918252,53.7369594190393,-27.09182529710214,829,16.493349075317383,0.1183231472969055,1,0.0950237214565277,0,5.4100022315979,0.0357836745679378,10.283753395080566,0.1909206658601761,set_-537581789271144818,reference,unlabelled,fornax,,20.856727873131156,2.9185545305502734,1,106.19237877779209,0.0975615635929116,-0.0691117343760012,0.2348372822871572,106.19237877780054,139.39241350579533,0.6973855236037942,data/raw/cutouts/-537369594270918252_VIS.fits,0.2
-537581789271144818,53.75817891108607,-27.114481825241555,972,18.04402732849121,0.1761534363031387,1,0.2298449128866195,2,4.029067516326904,0.0368327870965004,13.734113693237305,0.2365990728139877,set_-537581789271144818,candidate,B,fornax,102045468.0,20.75916630953824,2.987666264926274,0,0.0,0.0,0.0,0.0,0.0,102.43358124129708,1.331490232944577,data/raw/cutouts/-537581789271144818_VIS.fits,0.7
-537688813283843457,53.768881311969245,-28.38434571482498,911,16.46626091003418,0.1721066832542419,1,0.1346528381109237,0,4.620935916900635,0.0418263860046863,14.41418170928955,0.2399598807096481,set_-537688813283843457,candidate,C,fornax,102043550.0,20.85851251854433,2.9595183769729982,0,0.0,0.0,0.0,0.0,0.0,95.67473266398176,1.2351501170745205,data/raw/cutouts/-537688813283843457_VIS.fits,0.9
-537773781263764571,53.77737818932458,-26.3764571290483,1233,22.80168533325196,0.1748877763748169,1,0.4956719875335693,2,4.2626729011535645,0.0335654094815254,9.461291313171388,0.1728772670030594,set_-537773781263764571,candidate,C,fornax,102046114.0,20.50508262988029,3.0909630765957314,0,0.0,0.0,0.0,0.0,0.0,130.37895389774826,0.8656710163677256,data/raw/cutouts/-537773781263764571_VIS.fits,0.8
-537806004283628779,53.7806004358422,-28.36287790826052,1265,17.166112899780273,0.201893150806427,1,0.273721694946289,0,2.839527606964112,0.0276266429573297,6.85925817489624,6.975837707519531,set_-537688813283843457,reference,unlabelled,fornax,,20.813320088727554,3.1020905255118367,1,85.73663905664917,-0.045192429816776,0.1425721485388384,0.5371653813019293,85.73663905665278,85.02573183494947,0.9575776352869138,data/raw/cutouts/-537806004283628779_VIS.fits,0.1
-537934646263849506,53.79346460747614,-26.38495064221745,1789,23.64789390563965,0.2502577006816864,1,0.1565883755683899,0,5.184588432312012,0.0409549549221992,13.494756698608398,0.2006724625825882,set_-537773781263764571,reference,unlabelled,fornax,,20.46551882926977,3.252610340567373,1,60.2204258391512,-0.039563800610523,0.1616472639716417,0.6737472467997022,60.22042583914398,94.49417077366354,1.0386269309738383,data/raw/cutouts/-537934646263849506_VIS.fits,0.3
-538075558272387251,53.80755585490986,-27.238725199488844,1614,31.59052848815918,0.1627148240804672,1,0.0950552150607109,2,8.630370140075684,0.040161520242691,19.251134872436523,0.2531460523605346,set_-538160433272657778,reference,unlabelled,fornax,,20.15110777145338,3.2079035303860515,1,101.10678883116196,0.0964769465085986,-0.015332742716946,0.1180615554320275,101.10678883116331,194.14659153942085,0.8710672862277193,data/raw/cutouts/-538075558272387251_VIS.fits,0.1
-538084615290336075,53.80846152484357,-29.03360756935968,1405,29.91814613342285,0.2139788120985031,1,0.1021600142121315,0,6.486965656280518,0.0412805080413818,14.490232467651367,0.2251823246479034,set_-538177472290137113,reference,unlabelled,fornax,,20.210163302166727,3.1476763242410986,1,77.36144427049115,-0.0963964587967254,-0.0088728270906828,0.1103466971421082,77.36144427048393,139.81826443475308,0.872584385682542,data/raw/cutouts/-538084615290336075_VIS.fits,1.0
-538160433272657778,53.81604336287655,-27.26577786413881,1672,34.5261116027832,0.2099301666021347,1,0.1522316634654998,2,8.514755249023438,0.0470583327114582,20.626365661621094,0.2396054565906524,set_-538160433272657778,candidate,C,fornax,102044826.0,20.05463082494478,3.223236273102997,0,0.0,0.0,0.0,0.0,0.0,164.46474635643014,0.9606263590699344,data/raw/cutouts/-538160433272657778_VIS.fits,1.0
-538177472290137113,53.81774726156274,-29.01371130791849,1434,27.376384735107425,0.1804600059986114,1,0.0695609897375106,0,6.451062202453613,0.03544881939888,17.656082153320312,0.2564079463481903,set_-538177472290137113,candidate,C,fornax,102042917.0,20.30655976096345,3.1565491513317814,0,0.0,0.0,0.0,0.0,0.0,151.70333495011675,1.0931577786249989,data/raw/cutouts/-538177472290137113_VIS.fits,1.0
-538217418279056886,53.82174185431455,-27.90568865868445,1923,18.40473747253418,0.2409419417381286,1,0.3560067415237427,2,2.3826849460601807,0.0285769887268543,12.557353019714355,0.1809635907411575,set_-538217418279056886,candidate,C,fornax,102044186.0,20.737675932509177,3.28397928423848,0,0.0,0.0,0.0,0.0,0.0,76.38660724556478,1.804578706589062,data/raw/cutouts/-538217418279056886_VIS.fits,0.8
-538348755282446372,53.83487559587728,-28.24463721048137,1063,20.15931510925293,0.1645595878362655,1,0.6133562326431274,0,4.137749195098877,0.0317886546254158,7.22454833984375,0.1489669680595398,set_-538533000282255459,reference,unlabelled,fornax,,20.63881056664326,3.0265332645232967,1,90.2129352664422,-0.1203478239298014,-0.0222968220050532,0.1803349252043656,90.2129352664521,122.5046524138792,0.6051163460924457,data/raw/cutouts/-538348755282446372_VIS.fits,0.0
-538388300279185752,53.838830018692896,-27.918575268421712,1485,20.461933135986328,0.2640227079391479,1,0.1634552329778671,0,2.803168296813965,0.0345311574637889,5.363244533538818,0.1641468405723571,set_-538217418279056886,reference,unlabelled,fornax,,20.62263334705913,3.171726453653231,1,71.46538833466379,-0.1150425854500483,-0.1122528305852488,0.4664494314781167,71.46538833466339,77.50065627196888,0.7044460650869022,data/raw/cutouts/-538388300279185752_VIS.fits,0.1
-538403686280024363,53.84036868589829,-28.002436375910943,1081,10.894773483276367,0.1853190660476684,1,0.1703087985515594,0,2.2694575786590576,0.028504341840744,6.4876790046691895,0.184651032090187,set_-538510259280237822,reference,unlabelled,fornax,,21.30695448719869,3.03382569395331,1,83.97867587658149,0.0399633083457651,-0.0150043925750398,0.0294197845763959,83.97867587658602,58.78927471215496,1.1404182116243893,data/raw/cutouts/-538403686280024363_VIS.fits,0.6
-538443312280285128,53.84433127262354,-28.028512844726432,1480,15.885858535766602,0.2195016592741012,1,0.1497178822755813,2,2.4036638736724854,0.03133000805974,7.92108154296875,0.1768905073404312,set_-538575988280255664,reference,unlabelled,fornax,,20.897473272949743,3.170261715394957,1,43.47575395714352,0.0287679832177474,0.0418624466771508,0.0546276231053073,27.25137938441766,72.37238473869232,1.294776869803519,data/raw/cutouts/-538443312280285128_VIS.fits,1.0
-538510259280237822,53.85102594721731,-28.02378222346944,1119,11.303255081176758,0.2067082524299621,1,0.1908837854862213,0,2.147315263748169,0.0319072715938091,5.301194667816162,0.1738960444927215,set_-538510259280237822,candidate,C,fornax,102044187.0,21.26699117885293,3.04883008652835,0,0.0,0.0,0.0,0.0,0.0,54.68216652359625,0.98119485314428,data/raw/cutouts/-538510259280237822_VIS.fits,1.0
-538533000282255459,53.85330005751175,-28.22554594493343,1119,18.044158935546875,0.170674592256546,1,0.1738162636756897,0,4.46954870223999,0.0347091220319271,11.52974796295166,0.2136071771383285,set_-538533000282255459,candidate,B,fornax,102044187.0,20.759158390573063,3.04883008652835,0,0.0,0.0,0.0,0.0,0.0,105.7225841115482,1.028890349832745,data/raw/cutouts/-538533000282255459_VIS.fits,1.0
-538575988280255664,53.85759887222229,-28.02556642635688,1344,16.312400817871094,0.2123464941978454,1,0.2580274045467376,0,2.647579431533813,0.0309385117143392,11.244874954223633,0.1893860846757888,set_-538575988280255664,candidate,A,fornax,102044187.0,20.868705289732,3.1283992687178066,0,0.0,0.0,0.0,0.0,0.0,76.81973219992351,1.5702640796167031,data/raw/cutouts/-538575988280255664_VIS.fits,0.9
-539017471291901284,53.90174711549813,-29.19012843798826,1060,17.021804809570312,0.171375885605812,1,0.7939679622650146,0,2.7186598777771,0.0280597992241382,5.258623600006104,0.1700762063264846,set_-539279061291936993,reference,unlabelled,fornax,,20.82248598470585,3.0253058652647704,1,83.2108089293974,0.041728685419919,-0.1021229125868283,0.286011070035928,83.21080892940513,99.32438714699217,0.7162930206253159,data/raw/cutouts/-539017471291901284_VIS.fits,0.0
-539279061291936993,53.92790616393022,-29.19369935009748,1341,17.68874740600586,0.1893815249204635,1,0.1200086176395416,0,3.115741729736328,0.0288379061967134,10.942317962646484,0.2029360830783844,set_-539279061291936993,candidate,A,fornax,102042917.0,20.780757299285927,3.127428777851599,0,0.0,0.0,0.0,0.0,0.0,93.40270870368576,1.363869698645212,data/raw/cutouts/-539279061291936993_VIS.fits,1.0
-539682841264680696,53.9682841431277,-26.46806964808708,4669,88.52803039550781,0.3879980742931366,1,0.4144211709499359,2,6.670327186584473,0.039979699999094,19.91427230834961,0.26960489153862,set_-539682841264680696,candidate,C,fornax,102046114.0,19.03229799504447,3.6692238739308056,0,0.0,0.0,0.0,0.0,0.0,228.16615921816137,1.1875432608675047,data/raw/cutouts/-539682841264680696_VIS.fits,0.6
-539758747264535910,53.9758747213322,-26.45359103211212,4434,108.95795440673828,0.4494649171829223,1,0.6778594255447388,0,11.499028205871582,0.0605855695903301,30.673383712768555,0.3226614594459533,set_-539682841264680696,reference,unlabelled,fornax,,18.80685264716406,3.646795688778469,1,57.57834546802457,-0.2254453478804094,-0.0224281851523362,0.5801468364792667,57.578345468016686,242.4170391087383,1.0652513706577234,data/raw/cutouts/-539758747264535910_VIS.fits,0.0
-539996959264321043,53.9996959416972,-26.43210433221682,807,16.763568878173828,0.2156920731067657,1,0.1350712925195694,0,4.133939743041992,0.0474030449986457,9.343589782714844,0.2040440142154693,set_-539996959264321043,candidate,C,fornax,102046114.0,20.839083791964505,2.90687353472207,0,0.0,0.0,0.0,0.0,0.0,77.71991170892964,0.8853740527512678,data/raw/cutouts/-539996959264321043_VIS.fits,1.0
-540017960264500454,54.00179603257429,-26.45004546737885,879,17.113637924194336,0.189436599612236,1,0.4275320172309875,2,4.377915859222412,0.0370363146066665,6.35019588470459,8.13893985748291,set_-539996959264321043,reference,unlabelled,fornax,,20.816644151707628,2.943988875073772,1,64.94187052903699,-0.0224396402568771,0.0371153403517015,0.0436493534930854,64.94187052903482,90.33965959706204,0.403799279371253,data/raw/cutouts/-540017960264500454_VIS.fits,0.4
-540052388291241498,54.00523889171453,-29.12414982287345,1236,29.18410873413086,0.1914802342653274,1,0.0534606985747814,2,8.222963333129883,62.20985412597656,22.70687484741211,0.2834088206291199,set_-540106227291487236,reference,unlabelled,fornax,,20.237133913136503,3.092018470752797,1,90.07118919157521,0.0403918375481318,0.08002535609354,0.1851846590066502,90.07118919155586,152.4131660173941,1.1028225314276363,data/raw/cutouts/-540052388291241498_VIS.fits,0.9
-540106227291487236,54.010622703368135,-29.148723692515222,1028,30.290271759033203,0.1453878730535507,1,0.1932570040225982,2,8.004218101501465,0.0382280610501766,16.037612915039062,0.2231688648462295,set_-540106227291487236,candidate,C,fornax,102042917.0,20.19674207558837,3.011993114659257,0,0.0,0.0,0.0,0.0,0.0,208.3411162351649,0.7545520329590105,data/raw/cutouts/-540106227291487236_VIS.fits,1.0
-540565736273337144,54.05657363634492,-27.33371443825656,1669,33.12247848510742,0.2568904459476471,1,0.5229099988937378,2,4.452108383178711,0.0337078012526035,7.248552322387695,0.1396340578794479,set_-540595660273120760,reference,unlabelled,fornax,,20.09969293333108,3.222456336679247,1,78.48391338169019,0.2471400428396641,-0.1984890692427252,1.6688754115696751,78.48391338168447,128.93620221227536,0.529213874434404,data/raw/cutouts/-540565736273337144_VIS.fits,0.2
-540595660273120760,54.059566044780034,-27.312076058670428,2636,41.58903503417969,0.2395485192537307,1,0.2649559676647186,0,7.389900207519531,0.0369152054190635,22.931415557861328,0.2697767317295074,set_-540595660273120760,candidate,C,fornax,102044826.0,19.852552890491413,3.420945405921972,0,0.0,0.0,0.0,0.0,0.0,173.61424384397228,1.2294807270523782,data/raw/cutouts/-540595660273120760_VIS.fits,0.7
-540812214265851687,54.08122146731086,-26.585168760158705,713,11.923500061035156,0.1890249103307724,1,0.2556236386299133,2,1.6976155042648315,0.0315607674419879,4.791548252105713,0.1638082414865493,set_-540812214265851687,candidate,C,fornax,102046114.0,21.208990604343708,2.8530895298518657,0,0.0,0.0,0.0,0.0,0.0,63.07898805596769,1.126591332474184,data/raw/cutouts/-540812214265851687_VIS.fits,0.8
-540813066285766937,54.081306685418426,-28.57669376596351,826,18.142866134643555,0.1365650296211242,1,0.1267394125461578,0,4.9409894943237305,0.0333407558500766,13.09984016418457,0.250342845916748,set_-540813066285766937,candidate,C,fornax,102043550.0,20.753235259543864,2.9169800473203824,0,0.0,0.0,0.0,0.0,0.0,132.85147877884816,1.0586301655641572,data/raw/cutouts/-540813066285766937_VIS.fits,1.0
-540821651270824929,54.08216510417627,-27.082492916440927,960,8.72315502166748,0.184314414858818,1,0.31927689909935,0,1.621853232383728,0.0259984359145164,2.461453676223755,0.1329340040683746,set_-540938357270978628,reference,unlabelled,fornax,,21.548316023712257,2.9822712330395684,1,66.78875886994246,0.1484427540167097,0.0497974683624153,0.3106551851715969,66.78875886995503,47.32757895441484,0.4529502904848826,data/raw/cutouts/-540821651270824929_VIS.fits,0.2
-540866258267283763,54.086625824748936,-26.728376360071245,1259,17.777095794677734,0.2353915274143219,1,0.4151264131069183,0,3.1902976036071777,0.0339418388903141,6.626037120819092,0.1355718970298767,set_-540908760267374976,reference,unlabelled,fornax,,20.77534796828044,3.100025730107862,1,35.56672847825327,0.0213788650427204,-0.1008247679832146,0.2603037714317044,35.56672847824555,75.52139191223976,0.7935566673199667,data/raw/cutouts/-540866258267283763_VIS.fits,0.0
-540908760267374976,54.09087606219873,-26.73749766724749,1588,18.13060760498047,0.1926403045654297,1,0.2370566129684448,2,3.230271577835083,0.0297973398119211,12.84090518951416,0.1880378425121307,set_-540908760267374976,candidate,B,fornax,102046114.0,20.75396910323772,3.200850498091077,0,0.0,0.0,0.0,0.0,0.0,94.11637738987515,1.4983915079583754,data/raw/cutouts/-540908760267374976_VIS.fits,0.4
-540938357270978628,54.093835731168205,-27.097862868239822,856,10.00116729736328,0.1799849569797516,1,0.17182157933712,0,1.996379375457764,0.0301320776343345,6.990787982940674,0.1455340832471847,set_-540938357270978628,candidate,C,fornax,102045469.0,21.399873269695547,2.932473764677153,0,0.0,0.0,0.0,0.0,0.0,55.5666843784529,1.3607076412143726,data/raw/cutouts/-540938357270978628_VIS.fits,0.8
-540967961266004208,54.09679617147136,-26.600420829251306,792,12.088038444519045,0.1418493092060089,1,0.038165595382452,0,3.067055940628052,0.0285415034741163,7.743893623352051,0.1762639284133911,set_-540812214265851687,reference,unlabelled,fornax,,21.194110418616667,2.898725181589493,1,74.3544889930915,-0.0148801857270406,0.0456356517376277,0.0592654140092635,74.35448899308369,85.2174643089977,1.0055942031759222,data/raw/cutouts/-540967961266004208_VIS.fits,0.6
-541024249285659704,54.10242494855992,-28.56597040490124,755,18.75395965576172,0.1189707368612289,1,0.4642924070358276,2,6.299298286437988,0.0357216894626617,8.753317832946777,0.1647029370069503,set_-540813066285766937,reference,unlabelled,fornax,,20.7172675564949,2.8779469516291885,1,77.12442694970805,-0.0359677030489642,-0.0390330956911939,0.0575633412613456,43.943137430589296,157.63506346637922,0.357201310734379,data/raw/cutouts/-541024249285659704_VIS.fits,0.4
-541131333292054238,54.113133357869806,-29.205423890177336,3306,59.8267822265625,0.3589169383049011,1,0.2764734327793121,2,7.145281791687012,0.0429785959422588,18.42790412902832,0.2319713830947876,set_-541259042292035660,reference,unlabelled,fornax,,19.45776088746401,3.519302849235429,1,40.68467098274889,0.0495804993860673,-0.089864525066591,0.2306235465743994,40.684670982746304,166.68698476342024,1.0286414581073076,data/raw/cutouts/-541131333292054238_VIS.fits,0.0
-541259042292035660,54.12590429369371,-29.20356603922207,4066,62.62213134765625,0.3237803876399994,1,0.3660838901996612,2,10.09657382965088,0.049172293394804,29.54900360107422,0.332200288772583,set_-541259042292035660,candidate,C,fornax,102042917.0,19.40818038807794,3.60916737430202,0,0.0,0.0,0.0,0.0,0.0,193.4092790613485,1.1659220390559648,data/raw/cutouts/-541259042292035660_VIS.fits,1.0
-541483963288982186,54.14839632742182,-28.898218643740908,1662,19.44070625305176,0.2067838311195373,1,0.1839977949857711,0,3.5053083896636963,0.0304371193051338,9.530997276306152,0.2021975964307785,set_-541483963288982186,candidate,C,fornax,102042917.0,20.678219904564514,3.220631019448092,0,0.0,0.0,0.0,0.0,0.0,94.01463425742172,1.086030282846076,data/raw/cutouts/-541483963288982186_VIS.fits,1.0
-541717332289113584,54.17173326470789,-28.9113584137862,1858,15.031250953674316,0.2745947241783142,1,0.4943205714225769,2,1.1660778522491455,0.0280163120478391,1.6329827308654783,5.14293098449707,set_-541483963288982186,reference,unlabelled,fornax,,20.95751218597945,3.269045709657623,1,87.44569205525578,0.2792922814149357,0.048414690209531,0.931868504496857,87.44569205525829,54.73976602665329,0.3656351132334016,data/raw/cutouts/-541717332289113584_VIS.fits,0.1
-541961806273244232,54.19618067669643,-27.324423265686004,2770,60.91927337646485,0.3228774070739746,1,0.457779973745346,0,8.553823471069336,0.0419430807232856,23.421049118041992,0.2137420773506164,set_-542113879273436734,reference,unlabelled,fornax,,19.438113213539992,3.4424797690644486,1,84.66273939855802,0.0216778865223687,-0.0863084227104478,0.1975952642747081,84.66273939854037,188.6761725713054,1.0936151539636674,data/raw/cutouts/-541961806273244232_VIS.fits,0.3
-542099944290066176,54.20999444011572,-29.00661764023529,886,19.412492752075195,0.1530333459377288,1,0.167494460940361,0,5.40038013458252,0.0365593358874321,16.724340438842773,0.2087038904428482,set_-542102010289958983,reference,unlabelled,fornax,,20.67979673353313,2.9474337218870508,1,38.59486208203951,0.1261265720016169,-0.0819500557981589,0.3459269312530309,38.594862082033245,126.85139067647638,1.227311670962508,data/raw/cutouts/-542099944290066176_VIS.fits,0.6
-542102010289958983,54.2102010505034,-28.995898368234272,1070,21.803787231445312,0.2477296739816665,1,0.0957434177398681,0,4.130730152130127,0.0426659993827343,7.368359088897705,0.150403693318367,set_-542102010289958983,candidate,C,fornax,102042917.0,20.55367016153152,3.0293837776852097,0,0.0,0.0,0.0,0.0,0.0,88.0144347707773,0.6283598944661971,data/raw/cutouts/-542102010289958983_VIS.fits,0.4
-542113879273436734,54.21138791876941,-27.343673435146165,3379,62.1478157043457,0.3164717555046081,1,0.0627127215266227,0,12.024374008178713,0.0524023808538913,31.508028030395508,0.3233790099620819,set_-542113879273436734,candidate,C,fornax,102044827.0,19.416435327017624,3.5287881917748964,0,0.0,0.0,0.0,0.0,0.0,196.37713199793205,1.0458968674976488,data/raw/cutouts/-542113879273436734_VIS.fits,0.6
-542434056281790680,54.243405635907976,-28.17906802577124,4139,71.3379135131836,0.3957648277282715,1,0.355446845293045,0,10.83465576171875,0.0497958436608314,30.012720108032227,0.3190433382987976,set_-542514788281499946,reference,unlabelled,fornax,,19.266698992574145,3.61689542640076,1,107.75480324568927,0.1775136636872432,0.0147268750217626,0.3655000081098486,107.75480324568451,180.25329315560995,1.106225601573925,data/raw/cutouts/-542434056281790680_VIS.fits,0.7
-542514788281499946,54.25147886592385,-28.149994640997942,4001,84.0090103149414,0.3740452229976654,1,0.2336570918560028,2,14.899229049682615,0.0558600574731826,34.57065200805664,0.3312919437885284,set_-542514788281499946,candidate,C,fornax,102044187.0,19.0891853288869,3.6021685513789974,0,0.0,0.0,0.0,0.0,0.0,224.5958647504656,0.913859434394482,data/raw/cutouts/-542514788281499946_VIS.fits,1.0
-542774461286906112,54.27744618379619,-28.690611214572936,2470,43.96158599853516,0.2174005359411239,1,0.0787973925471305,2,10.12316608428955,0.0445454716682434,,,set_-542774461286906112,candidate,B,fornax,102043551.0,19.792316619898703,3.392696953259666,0,0.0,0.0,0.0,0.0,0.0,202.2147084791032,,data/raw/cutouts/-542774461286906112_VIS.fits,0.4
-542891812279697972,54.289181214003854,-27.96979729520765,1513,22.12064552307129,0.179936334490776,1,0.1208779364824295,0,5.024539947509766,0.0340515449643135,11.87018871307373,0.2141415774822235,set_-542891812279697972,candidate,B,fornax,102044187.0,20.53800550908096,3.179838928023187,0,0.0,0.0,0.0,0.0,0.0,122.935957241061,0.933403300069872,data/raw/cutouts/-542891812279697972_VIS.fits,1.0
-542902064287030447,54.290206404656026,-28.703044738557736,2317,43.79320907592773,0.2320276647806167,1,0.0093742711469531,0,9.870158195495604,0.0465058423578739,24.62544059753418,0.3121442794799804,set_-542774461286906112,reference,unlabelled,fornax,,19.796483073597496,3.364926033789976,1,60.225959077941454,0.0041664536987902,-0.02777091946969,0.0225831910660099,60.225959077933005,188.74132581274057,0.9926497404332164,data/raw/cutouts/-542902064287030447_VIS.fits,0.1
-542909292272696454,54.2909292678002,-27.269645476267584,1816,26.5994873046875,0.2033143490552902,1,0.1577820181846618,2,5.141806602478027,0.033445231616497,17.36956024169922,0.2402245253324508,set_-542909292272696454,candidate,B,fornax,102044827.0,20.33781683538577,3.2591158441850663,0,0.0,0.0,0.0,0.0,0.0,130.82936560200145,1.321682714057483,data/raw/cutouts/-542909292272696454_VIS.fits,0.6
-542934822272981135,54.293482299668014,-27.298113597258777,2037,21.507173538208008,0.211276888847351,1,0.3344339728355407,2,2.620598316192627,0.026160430163145,4.088778018951416,0.1358637362718582,set_-542909292272696454,reference,unlabelled,fornax,,20.568541651555268,3.3089910290001643,1,102.8102432498824,0.2307248161695021,0.049875184815098,0.6627386077148654,102.81024324988208,101.79614843603215,0.4829826889280616,data/raw/cutouts/-542934822272981135_VIS.fits,0.1
-543007907271960088,54.300790767521896,-27.19600889575463,988,15.315545082092283,0.1669167727231979,1,0.225407600402832,0,3.5443437099456787,0.0301658026874065,9.298380851745604,0.181584432721138,set_-543007907271960088,candidate,C,fornax,102045469.0,20.93716885497371,2.9947569445876283,0,0.0,0.0,0.0,0.0,0.0,91.75557873677812,1.0471787495652705,data/raw/cutouts/-543007907271960088_VIS.fits,0.4
-543013341285644842,54.30133412722745,-28.564484285077626,1035,14.769022941589355,0.1498939245939254,1,0.1080798134207725,0,3.957382917404175,0.0328490510582923,12.224408149719238,0.2373165488243103,set_-543013341285644842,candidate,C,fornax,102043551.0,20.97662058722993,3.014940349792937,0,0.0,0.0,0.0,0.0,0.0,98.52983022227096,1.2245494174827902,data/raw/cutouts/-543013341285644842_VIS.fits,0.8
-543041794279857012,54.30417940170924,-27.985701281344493,1401,22.326635360717773,0.1745093315839767,1,0.235566645860672,2,4.914216995239258,0.0327400751411914,9.46668529510498,0.1989640742540359,set_-542891812279697972,reference,unlabelled,fornax,,20.52794180118544,3.1464381352857744,1,74.51008583043105,-0.0100637078955152,-0.0334007927374124,0.0337753706787493,74.51008583043382,127.93949273694764,0.7118590259545904,data/raw/cutouts/-543041794279857012_VIS.fits,0.1
-543065036285690903,54.30650361206676,-28.56909035121339,1291,15.497023582458496,0.1975226402282714,1,0.6742255687713623,2,1.789600849151611,0.025565356016159,4.355637073516846,13.104169845581056,set_-543013341285644842,reference,unlabelled,fornax,,20.92437926519379,3.1109262422664203,1,23.2830783605293,-0.0522413220361421,0.0959858924734837,0.2611210062470366,23.28307836052505,78.45694835057398,0.9657387713529124,data/raw/cutouts/-543065036285690903_VIS.fits,0.0
-543088628271728252,54.3088628666531,-27.172825216570608,759,17.18171501159668,0.116929791867733,1,0.0630891844630241,0,5.119384765625,0.0310310535132884,13.932303428649902,0.230171337723732,set_-543007907271960088,reference,unlabelled,fornax,,20.81233372191108,2.88024177589548,1,87.37267420073141,-0.1248351330626285,-0.1145151686921481,0.5075414569289171,87.37267420072797,146.94043953342575,1.0870128814190008,data/raw/cutouts/-543088628271728252_VIS.fits,0.9
-543638440284094203,54.36384408792525,-28.409420344590377,2068,40.24907302856445,0.2842487096786499,1,0.0583016872406005,2,5.680274486541748,0.0390648990869522,11.072203636169434,0.1946953982114792,set_-543742738284005264,reference,unlabelled,fornax,,19.888110293408925,3.315550534421905,1,45.99916988921302,-0.0461635017670118,-0.0187021079123259,0.0342368277604692,45.999169889214926,141.59808526155496,0.7246618551375318,data/raw/cutouts/-543638440284094203_VIS.fits,0.0
-543727111293847771,54.37271115161365,-29.384777131349484,1171,18.61299133300781,0.1591037362813949,1,0.3457688689231872,0,4.085890769958496,0.0301003586500883,12.272374153137209,0.1863200664520263,set_-543727111293847771,candidate,B,fornax,102042287.0,20.7254595621998,3.068556895072363,0,0.0,0.0,0.0,0.0,0.0,116.9865131268093,1.1941045876905163,data/raw/cutouts/-543727111293847771_VIS.fits,1.0
-543742738284005264,54.37427386767423,-28.400526447026465,2159,38.57362747192383,0.2486351877450943,1,0.1579030007123947,2,8.092621803283691,0.0455798469483852,22.71367454528809,0.2371119409799575,set_-543742738284005264,candidate,C,fornax,102043551.0,19.934273795175937,3.334252642334231,0,0.0,0.0,0.0,0.0,0.0,155.1414657826722,1.1204953847828238,data/raw/cutouts/-543742738284005264_VIS.fits,1.0
-543806184293850982,54.38061846687495,-29.38509829352766,1467,19.24305534362793,0.2064398378133773,1,0.539589524269104,2,3.063511848449707,0.0290165618062019,4.33585786819458,0.1266649067401886,set_-543727111293847771,reference,unlabelled,fornax,,20.68931492773997,3.166430113843283,1,24.83086885640452,-0.0361446344598235,0.0978732187709199,0.2545237249695156,24.83086885642364,93.213865828667,0.3771386825038725,data/raw/cutouts/-543806184293850982_VIS.fits,0.0
-544125152277231824,54.41251524621777,-27.723182490488263,3294,42.34041976928711,0.2559909522533417,1,0.0879487469792366,2,7.60255765914917,0.0397669523954391,21.752975463867188,0.264785885810852,set_-544125152277231824,candidate,C,fornax,102044827.0,19.83311210158619,3.517723594833736,0,0.0,0.0,0.0,0.0,0.0,165.39811034955983,1.1413973684806655,data/raw/cutouts/-544125152277231824_VIS.fits,1.0
-544273160269762603,54.42731604555125,-26.97626033487213,811,19.82344627380371,0.1425002813339233,1,0.575359582901001,0,4.61860466003418,0.0314944721758365,8.333466529846191,0.1564658284187317,set_-544571433269638444,reference,unlabelled,fornax,,20.65705210474929,2.909020854211156,1,105.62382812772825,0.2556315767982546,-0.0037324494601671,0.7359964556392756,105.62382812772204,139.111629031462,0.6407872651604978,data/raw/cutouts/-544273160269762603_VIS.fits,0.0
-544296193277457185,54.42961933170174,-27.74571858204885,2788,55.57512664794922,0.2274976074695587,1,0.0849247053265571,0,12.051513671875,0.0434117391705513,27.35747718811035,0.2878521680831909,set_-544125152277231824,reference,unlabelled,fornax,,19.53779884732849,3.445292769425972,1,97.7363008212514,-0.295313254257703,-0.0724308254077641,1.1083443322355226,97.7363008212536,244.28884007224423,0.8900861199326627,data/raw/cutouts/-544296193277457185_VIS.fits,0.7
-544409641290253438,54.44096419232234,-29.025343888141915,746,10.653132438659668,0.1524520814418792,1,0.5021091103553772,2,2.4580061435699463,0.0311416313052177,4.094447135925293,0.1520612388849258,set_-544707905290336324,reference,unlabelled,fornax,,21.33130668460076,2.8727388274726686,1,98.5131539957462,0.0460276949159457,0.0214804787535931,0.0433950415505995,98.51315399572984,69.87856340105836,0.5540307605157058,data/raw/cutouts/-544409641290253438_VIS.fits,0.0
-544441184278370667,54.444118487967096,-27.83706673701671,3531,58.15611267089844,0.3465374708175659,1,0.4837336242198944,2,6.649016857147217,0.0412019751965999,9.795458793640137,0.1558418124914169,set_-544517310278613198,reference,unlabelled,fornax,,19.488511576813423,3.547897717563097,1,90.6112086938036,0.1556168078269983,-0.0739015064395705,0.4126481353866685,90.61120869381246,167.8205607425196,0.4206683700268445,data/raw/cutouts/-544441184278370667_VIS.fits,0.3
-544517310278613198,54.45173100879106,-27.86131985279404,4186,67.11847686767578,0.3625727891921997,1,0.1332420408725738,0,9.283570289611816,0.0463783182203769,27.30318069458008,0.2743377685546875,set_-544517310278613198,candidate,C,fornax,102044188.0,19.332894768986424,3.621799224002668,0,0.0,0.0,0.0,0.0,0.0,185.11724781446927,1.171245533284304,data/raw/cutouts/-544517310278613198_VIS.fits,0.6
-544571433269638444,54.4571433653757,-26.963844414511712,818,25.086021423339844,0.1292459964752197,1,0.2090225219726562,0,7.556408405303955,0.0377024225890636,12.746231079101562,0.1947535425424575,set_-544571433269638444,candidate,C,fornax,102045469.0,20.40142052795104,2.912753303671323,0,0.0,0.0,0.0,0.0,0.0,194.095152712522,0.5676659129939012,data/raw/cutouts/-544571433269638444_VIS.fits,0.8
-544707905290336324,54.47079058850701,-29.03363243730288,710,11.114460945129396,0.1052411422133445,1,0.4119337797164917,2,3.3647561073303223,0.0299395304173231,9.97398281097412,0.2059676796197891,set_-544707905290336324,candidate,C,fornax,102042918.0,21.285278989684816,2.8512583487190755,0,0.0,0.0,0.0,0.0,0.0,105.60946709033428,1.1797875633601764,data/raw/cutouts/-544707905290336324_VIS.fits,0.5
-544735665285502399,54.47356655650909,-28.55023993346261,3319,43.424407958984375,0.3751284480094909,1,0.2529093623161316,2,6.0737175941467285,0.045657180249691,19.30521774291992,0.2866950631141662,set_-544735665285502399,candidate,B,fornax,102043551.0,19.805665234844582,3.521007252408604,0,0.0,0.0,0.0,0.0,0.0,115.75877060085222,1.2555502736213349,data/raw/cutouts/-544735665285502399_VIS.fits,1.0
-544800094283505465,54.48000940898504,-28.35054657640775,846,19.806272506713867,0.1437258124351501,1,0.1045100763440132,2,5.670366764068604,0.0382389239966869,14.17750072479248,0.2308172285556793,set_-544910092283496601,reference,unlabelled,fornax,,20.65799312489491,2.9273703630390235,1,34.995619017825675,0.2063464432016495,-0.0651831547931118,0.5803694535604411,34.995619017823685,137.8059526756933,0.9949713195708484,data/raw/cutouts/-544800094283505465_VIS.fits,0.7
-544805259289548872,54.480525954294606,-28.954887264503345,4585,76.32788848876953,0.3627316653728485,1,0.2935782968997955,0,11.3297119140625,0.0511346235871315,33.30812454223633,0.3163335025310516,set_-544805259289548872,candidate,A,fornax,102042918.0,19.193291879102983,3.66133934000604,0,0.0,0.0,0.0,0.0,0.0,210.42521449102824,1.1708282821618186,data/raw/cutouts/-544805259289548872_VIS.fits,0.9
-544819419285498160,54.48194194530576,-28.54981605291577,3004,45.33981704711914,0.2733722627162933,1,0.2133946120738983,2,11.096434593200684,3279.731201171875,22.75067710876465,0.3075370192527771,set_-544735665285502399,reference,unlabelled,fornax,,19.7588005916214,3.4776999283321306,1,26.528917859530942,-0.0468646432231842,-0.0433073240764732,0.0718947642501327,26.52891785953527,165.85375779024432,0.7795271728078096,data/raw/cutouts/-544819419285498160_VIS.fits,0.8
-544868927270075651,54.48689272964688,-27.007565110974063,987,15.37916374206543,0.1871210932731628,1,0.4333489537239074,0,3.217081308364868,0.036020316183567,5.639051914215088,0.1520432233810424,set_-545076614270285200,reference,unlabelled,fornax,,20.93266819776047,2.9943171526696366,1,100.6353108336134,0.0116750593335268,0.0193451583715678,0.0195530707188749,100.63531083362236,82.18829568088641,0.6093601385682469,data/raw/cutouts/-544868927270075651_VIS.fits,0.5
-544910092283496601,54.49100920113602,-28.349660129981647,983,23.95197486877441,0.1680073291063308,1,0.1074839159846305,2,6.2743425369262695,0.0392557866871356,15.72141933441162,0.2572229206562042,set_-544910092283496601,candidate,C,fornax,102043551.0,20.451646681693266,2.9925535178321354,0,0.0,0.0,0.0,0.0,0.0,142.56505948984736,0.9973088178499732,data/raw/cutouts/-544910092283496601_VIS.fits,1.0
-544961588289672719,54.49615880528669,-28.967271924440283,4880,82.78742980957031,0.3761409819126129,1,0.316613495349884,0,13.474400520324709,0.0546784363687038,28.72090530395508,0.2972245514392853,set_-544805259289548872,reference,unlabelled,fornax,,19.10508900039198,3.6884198220027113,1,66.42619204669572,-0.0882028787110051,0.0270804819966703,0.108558410233137,66.42619204669398,220.09680888429205,0.8217216816368927,data/raw/cutouts/-544961588289672719_VIS.fits,0.7
-545039357273666932,54.50393578584216,-27.366693270410817,1044,11.503284454345703,0.174385517835617,1,0.3139612972736358,0,2.279994010925293,0.0267441719770431,3.697034358978272,0.1217123493552208,set_-545359670273736913,reference,unlabelled,fornax,,21.247945351998368,3.018700498666244,1,105.45719830786864,-0.0803551527733361,0.0644579892269185,0.1851493588957253,105.45719830786808,65.96467755532987,0.5247994514427098,data/raw/cutouts/-545039357273666932_VIS.fits,0.3
-545076614270285200,54.5076614857637,-27.02852009990056,944,15.545430183410645,0.1561181992292404,1,0.1908912062644958,2,3.564622402191162,0.030226582661271,8.544654846191406,0.1995126157999038,set_-545076614270285200,candidate,C,fornax,102045470.0,20.920993138426944,2.974971994298069,0,0.0,0.0,0.0,0.0,0.0,99.57474695556851,0.949202480840274,data/raw/cutouts/-545076614270285200_VIS.fits,0.9
-545196983273321938,54.51969835137154,-27.3321938446178,832,17.4266357421875,0.1606873273849487,1,0.1649306714534759,0,4.492201328277588,0.0355192087590694,12.030278205871582,0.2415977865457534,set_-545196983273321938,candidate,C,fornax,102044827.0,20.796966116222023,2.920123326290724,0,0.0,0.0,0.0,0.0,0.0,108.45059175350887,1.069541146987606,data/raw/cutouts/-545196983273321938_VIS.fits,1.0
-545246970276521971,54.52469709836456,-27.652197178720165,861,12.083547592163086,0.1784808039665222,1,0.254676342010498,2,2.410231828689575,0.0346707552671432,9.493159294128418,0.2010599821805954,set_-545246970276521971,candidate,C,fornax,102044827.0,21.194513857682832,2.935003151453655,0,0.0,0.0,0.0,0.0,0.0,67.70222524563262,1.488379877625409,data/raw/cutouts/-545246970276521971_VIS.fits,1.0
-545359670273736913,54.53596701659301,-27.37369136326524,900,10.682669639587402,0.2050811797380447,1,0.1256947666406631,0,1.7855430841445925,0.0321153812110424,6.0348968505859375,0.1407999396324157,set_-545359670273736913,candidate,C,fornax,102044827.0,21.328300504771704,2.9542425094393248,0,0.0,0.0,0.0,0.0,0.0,52.089956051709095,1.3222487938280776,data/raw/cutouts/-545359670273736913_VIS.fits,0.7
-545429848273114424,54.542984835880745,-27.31144243743975,1051,16.85882568359375,0.1791795790195465,1,0.195756196975708,0,3.084622859954834,0.028054529801011,5.553422451019287,11.735902786254885,set_-545196983273321938,reference,unlabelled,fornax,,20.832931699559484,3.021602716028242,1,105.4894183442224,0.035965583337461,0.1014793897375181,0.2813646246637294,105.48941834421429,94.088990362873,0.6383965972186703,data/raw/cutouts/-545429848273114424_VIS.fits,0.0
-545461346276560549,54.54613464805272,-27.6560549172286,889,12.190752983093262,0.2017295807600021,1,0.5107901096343994,0,1.975474238395691,0.0315076597034931,4.571780681610107,0.1537182331085205,set_-545246970276521971,reference,unlabelled,fornax,,21.1849236714949,2.9489017609702137,1,69.7555792784058,-0.0095901861879319,0.0138986095165587,0.0100228653651657,69.75557927842372,60.43116203962479,0.9110350440447208,data/raw/cutouts/-545461346276560549_VIS.fits,0.0
-545617795287368777,54.56177950089915,-28.73687778609509,859,12.61241340637207,0.1381318569183349,1,0.097734123468399,0,3.530663013458252,0.0313531793653965,8.209908485412598,0.1968949884176254,set_-545617795287368777,candidate,C,fornax,102043551.0,21.148004506251084,2.9339931638312424,0,0.0,0.0,0.0,0.0,0.0,91.3070575300285,0.916205120311958,data/raw/cutouts/-545617795287368777_VIS.fits,0.8
-545626614291873568,54.56266141375436,-29.187356800778613,3287,68.26972961425781,0.3996874988079071,1,0.6430612206459045,0,6.688277244567871,0.0420741066336631,13.550293922424316,0.2194910645484924,set_-545775127291818136,reference,unlabelled,fornax,,19.314429542975844,3.5167997040816243,1,50.764182386304434,-0.1058208949208179,0.027685334702705,0.145794216886893,50.764182386293065,170.80776811353005,0.7665861209375756,data/raw/cutouts/-545626614291873568_VIS.fits,0.0
-545775127291818136,54.57751271144934,-29.181813672543694,3084,61.9298210144043,0.3031156063079834,1,0.1808598339557647,2,11.121238708496094,0.0496350526809692,29.17760467529297,0.3209661841392517,set_-545775127291818136,candidate,C,fornax,102042918.0,19.420250437896662,3.4891143693789197,0,0.0,0.0,0.0,0.0,0.0,204.31089566361663,1.047241182855672,data/raw/cutouts/-545775127291818136_VIS.fits,0.9
-545821335287476040,54.58213358765445,-28.747604052662016,1013,12.92652702331543,0.1672478169202804,1,0.4130720496177673,2,2.674866199493408,0.0278020091354846,6.682748317718506,0.1446491181850433,set_-545617795287368777,reference,unlabelled,fornax,,21.121295353926023,3.0056094453602804,1,74.95811618515663,-0.0267091523250613,0.0716162815290379,0.1409658718865463,74.95811618516149,77.28966070437218,0.9941326059074412,data/raw/cutouts/-545821335287476040_VIS.fits,0.2
-545837408285204470,54.583740886085344,-28.520447041747,3286,75.57347106933594,0.3561798632144928,1,0.1471513211727142,2,14.378143310546877,161.54196166992188,38.34053802490234,0.3576754331588745,set_-545837408285204470,candidate,C,fornax,102043551.0,19.204076575736504,3.516667559099043,0,0.0,0.0,0.0,0.0,0.0,212.17783169236972,1.064888487328616,data/raw/cutouts/-545837408285204470_VIS.fits,0.4
-545854016284915019,54.58540166778039,-28.49150193681,2951,69.30872344970703,0.3801331222057342,1,0.1526559293270111,2,10.162216186523438,0.0561350174248218,19.590614318847656,0.2651390135288238,set_-545837408285204470,reference,unlabelled,fornax,,19.29803025013568,3.4699692094999595,1,104.33474928368553,0.0939536743991737,-0.0466983495990835,0.1619321963829355,104.33474928368646,182.32750423730772,0.7126490626785567,data/raw/cutouts/-545854016284915019_VIS.fits,0.0
-545905613279346600,54.59056132189593,-27.93466008287748,2067,41.44113540649414,0.2245476692914962,1,0.1787262707948684,0,9.237086296081545,0.0442318730056285,25.41970634460449,0.3030658066272735,set_-545905613279346600,candidate,C,fornax,102044188.0,19.85642088568963,3.3153404766272883,0,0.0,0.0,0.0,0.0,0.0,184.55384345449335,1.0990888204652256,data/raw/cutouts/-545905613279346600_VIS.fits,0.5
-546049731279125685,54.60497315477112,-27.912568530742416,1880,39.49503326416016,0.3212144672870636,1,0.6466783285140991,2,5.932989120483398,0.0486263297498226,15.785259246826172,0.2912721335887909,set_-545905613279346600,reference,unlabelled,fornax,,19.90864379014853,3.27415784926368,1,91.795689343029,0.0522229044589046,-0.0411826273636082,0.0799271164022146,91.79568934304385,122.9553375902716,1.0624454172465438,data/raw/cutouts/-546049731279125685_VIS.fits,0.1
-546402102275237823,54.64021022621704,-27.52378235544688,1241,18.60165977478028,0.1583868563175201,1,0.2350147366523742,2,3.7611048221588135,0.030256787315011,6.526763439178467,0.1586174815893173,set_-546402102275237823,candidate,C,fornax,102044827.0,20.726120757886868,3.09377178149873,0,0.0,0.0,0.0,0.0,0.0,117.44446608302712,0.5984560867363204,data/raw/cutouts/-546402102275237823_VIS.fits,0.5
-546408883284872529,54.64088835319356,-28.48725292903618,818,13.200674057006836,0.1628007590770721,1,0.1684008985757827,2,3.085423707962036,0.0326541736721992,9.676299095153809,0.2126164585351944,set_-546408883284872529,candidate,C,fornax,102043551.0,21.09850973036332,2.912753303671323,0,0.0,0.0,0.0,0.0,0.0,81.08484341131025,1.2409861792903545,data/raw/cutouts/-546408883284872529_VIS.fits,0.8
-546418035285141391,54.64180352046669,-28.514139150138835,861,12.300064086914062,0.1910707205533981,1,0.7604897022247314,0,2.3151986598968506,0.0324033200740814,3.436256170272827,0.1514833718538284,set_-546408883284872529,reference,unlabelled,fornax,,21.175231564385115,2.935003151453655,1,96.83369097980464,0.0767218340217965,0.0222498477823318,0.0858181213132853,96.833690979804,64.37440572417054,0.4287431757375181,data/raw/cutouts/-546418035285141391_VIS.fits,0.0
-546458004284940357,54.64580040478904,-28.49403571757852,3168,65.66231536865234,0.4002537131309509,1,0.3709776997566223,2,10.949976921081545,0.0598016530275344,28.997318267822266,0.3226097226142883,set_-546493266284785987,reference,unlabelled,fornax,,19.35670951837474,3.500785172917456,1,56.68224366476466,-0.2486441177079044,0.029053521437405,0.7107893935549177,28.944591781541103,164.05173322444512,1.0573615786814914,data/raw/cutouts/-546458004284940357_VIS.fits,0.6
-546480450278400279,54.648045082433335,-27.84002798459905,1683,27.22197151184082,0.1847625821828842,1,0.0892735421657562,0,6.263159275054932,0.0354770869016647,18.85448265075684,0.2315648943185806,set_-546480450278400279,candidate,C,fornax,102044188.0,20.31270106211279,3.226084115975824,0,0.0,0.0,0.0,0.0,0.0,147.33487262532194,1.1965529103028243,data/raw/cutouts/-546480450278400279_VIS.fits,0.5
-546481364271947360,54.64813642542638,-27.19473600162915,963,12.095048904418944,0.1519532203674316,1,0.2256213873624801,0,2.6014366149902344,0.0273724813014268,8.92531967163086,0.1977095752954483,set_-546481364271947360,candidate,B,fornax,102045470.0,21.19348092824361,2.9836262871245345,0,0.0,0.0,0.0,0.0,0.0,79.59718704988562,1.338526328154941,data/raw/cutouts/-546481364271947360_VIS.fits,1.0
-546493266284785987,54.64932665568372,-28.47859870680452,2963,52.22260665893555,0.2588631808757782,1,0.1148748025298118,2,10.529939651489258,0.0453134179115295,20.766504287719727,0.2835195064544678,set_-546493266284785987,candidate,C,fornax,102043551.0,19.605353636082643,3.471731651480051,0,0.0,0.0,0.0,0.0,0.0,201.73825602489157,0.7373437847349176,data/raw/cutouts/-546493266284785987_VIS.fits,0.8
-546527104278455465,54.65271043947273,-27.845546544210983,1143,25.92806434631348,0.1734127551317215,1,0.3551656901836395,2,5.42194128036499,0.0338528901338577,9.84040069580078,0.1987395584583282,set_-546480450278400279,reference,unlabelled,fornax,,20.36557476043809,3.0580462303952816,1,24.804044565670672,0.0528736983252997,-0.1680378855805422,0.7375082774837344,24.804044565666334,149.51647776208242,0.6471449329207125,data/raw/cutouts/-546527104278455465_VIS.fits,0.0
-546561468275492634,54.65614686779421,-27.549263463532053,1462,17.917627334594727,0.233507439494133,1,0.4940487444400787,0,2.891481399536133,0.0313113741576671,4.399069309234619,0.1618405282497406,set_-546402102275237823,reference,unlabelled,fornax,,20.76679875115396,3.1649473726218416,1,104.89413718202644,0.0406779932670922,0.0711755911231115,0.1544677756895433,104.89413718204226,76.73257594452325,0.4556010040749835,data/raw/cutouts/-546561468275492634_VIS.fits,0.0
-546631652271923180,54.66316527657919,-27.19231808969649,1286,11.137747764587402,0.280270904302597,1,0.2179562747478485,2,0.9890689849853516,0.02834795974195,1.293925642967224,0.1255553364753723,set_-546481364271947360,reference,unlabelled,fornax,,21.283006554391875,3.109240968588203,1,48.90454286507839,0.0895256261482693,0.1256146814636687,0.4855804157036123,48.904542865076095,39.73922227960714,0.2917068405483298,data/raw/cutouts/-546631652271923180_VIS.fits,0.0
-546855989282774008,54.6855989337124,-28.27740081538452,2222,34.75895690917969,0.2353793680667877,1,0.242003932595253,0,7.154634952545166,0.0408524200320243,25.754976272583008,0.2892323136329651,set_-546855989282774008,candidate,C,fornax,102043552.0,20.04733316221727,3.346744054604849,0,0.0,0.0,0.0,0.0,0.0,147.6720631662033,1.39068418561721,data/raw/cutouts/-546855989282774008_VIS.fits,1.0
-547131321282899432,54.71313210596134,-28.28994326729979,2191,33.79994583129883,0.3915063142776489,1,0.3231532275676727,0,4.408795356750488,349.2315979003906,6.0053558349609375,0.1806320548057556,set_-546855989282774008,reference,unlabelled,fornax,,20.07770998933448,3.3406423775607053,1,98.27302413783464,0.0303768271172053,-0.0061016770441435,0.019463381889745,98.27302413783632,86.33307969415927,0.3355470127406207,data/raw/cutouts/-547131321282899432_VIS.fits,0.6
-547291513282436674,54.72915134220711,-28.243667498786674,4198,83.25102233886719,0.3038963079452514,1,0.0718183740973472,2,17.01653289794922,0.0559641644358634,42.930023193359375,0.3625987768173218,set_-547291513282436674,candidate,C,fornax,102044188.0,19.099026061418897,3.623042434246382,0,0.0,0.0,0.0,0.0,0.0,273.9454878598437,1.0047251135706183,data/raw/cutouts/-547291513282436674_VIS.fits,0.7
-547356679274735450,54.735667973549305,-27.473545073015124,828,15.84773063659668,0.1637075096368789,1,0.2299660295248031,2,4.22249698638916,0.0374575369060039,9.819250106811523,0.2061787843704223,set_-547356679274735450,candidate,C,fornax,102044828.0,20.90008229774272,2.9180303367848803,0,0.0,0.0,0.0,0.0,0.0,96.80515372659858,0.9162724345705928,data/raw/cutouts/-547356679274735450_VIS.fits,0.8
-547401532282526720,54.74015327558544,-28.252672054106306,3626,77.34749603271484,0.3771189451217651,1,0.2029874622821808,2,15.665188789367676,0.0686471760272979,38.44166564941406,0.3472098410129547,set_-547291513282436674,reference,unlabelled,fornax,,19.1788843528358,3.5594277997594896,1,47.62494358194782,0.079858291416901,-0.0636146344868922,0.1739745112900203,47.624943581948834,205.10106170280227,0.9746664097736544,data/raw/cutouts/-547401532282526720_VIS.fits,0.6
-547643320274828585,54.76433203469904,-27.482858558644416,866,15.351387977600098,0.1382516473531723,1,0.4249913990497589,0,4.160930156707764,0.0319448746740818,6.484906196594238,0.1453200727701187,set_-547356679274735450,reference,unlabelled,fornax,,20.934630880473243,2.937517892017347,1,97.49585271944022,0.034548582730526,0.0194875552324664,0.0309057770373216,97.49585271943457,111.03945791245464,0.4817831811067768,data/raw/cutouts/-547643320274828585_VIS.fits,0.0
-547807838291041926,54.78078385876254,-29.104192679709435,3128,56.43117904663086,0.3032056391239166,1,0.1049296110868454,2,10.780184745788574,0.0498355664312839,31.327037811279297,0.3120647966861725,set_-547807838291041926,candidate,C,fornax,102042918.0,19.52120218922405,3.4952667443878105,0,0.0,0.0,0.0,0.0,0.0,186.11520290217325,1.1582328190405655,data/raw/cutouts/-547807838291041926_VIS.fits,1.0
-547950776290979873,54.79507765779662,-29.097987362012816,3588,53.62692260742188,0.3480329215526581,1,0.5107977986335754,0,7.810601234436035,0.0450550243258476,21.15019416809082,0.267281025648117,set_-547807838291041926,reference,unlabelled,fornax,,19.576542811012157,3.5548524343720547,1,50.20559630700849,0.0553406217881047,0.0595856899842441,0.1249510869089233,50.20559630701916,154.08577547255976,1.0815747325415672,data/raw/cutouts/-547950776290979873_VIS.fits,0.2
-548070624278595332,54.807062463478985,-27.85953328459572,1175,38.49230194091797,0.1532043814659118,1,0.5419746041297913,0,11.407014846801758,0.049497053027153,29.613767623901367,0.5209302306175232,set_-548070624278595332,candidate,A,fornax,102044188.0,19.936565290440655,3.070037866607755,0,0.0,0.0,0.0,0.0,0.0,251.2480489957956,1.0358041434920031,data/raw/cutouts/-548070624278595332_VIS.fits,0.5
-548168396278825840,54.81683961322504,-27.88258408200848,1560,42.58213806152344,0.2090982794761657,1,0.7479793429374695,0,8.111173629760742,0.0422628819942474,22.023351669311523,0.2833882570266723,set_-548070624278595332,reference,unlabelled,fornax,,19.826931340745304,3.1931245983544616,1,88.62444234392217,-0.109633949695354,0.1230867317467065,0.519043521171813,37.623309657372445,203.64652529997127,1.0844992888882317,data/raw/cutouts/-548168396278825840_VIS.fits,0.0
-548183212278929526,54.8183212720821,-27.89295262562563,3554,99.35739135742188,0.3848469257354736,1,0.2428315728902816,2,9.806316375732422,2128.28076171875,21.21639060974121,0.2880858778953552,set_-548183212278929526,candidate,C,fornax,102044188.0,18.906999548704498,3.550717423469283,0,0.0,0.0,0.0,0.0,0.0,258.1737951200776,0.8379140048736079,data/raw/cutouts/-548183212278929526_VIS.fits,0.6
-548447574279047014,54.84475744315993,-27.904701421542807,2962,78.00921630859375,0.298141211271286,1,0.6828191876411438,0,10.304765701293944,0.0444243736565113,18.80921936035156,30.73463249206543,set_-548183212278929526,reference,unlabelled,fornax,,19.16963521264829,3.47158505418519,1,94.14488910402822,0.2626356639437972,-0.079132369284093,0.9305636912113012,94.14488910402964,261.6519064102522,0.653331624201839,data/raw/cutouts/-548447574279047014_VIS.fits,0.0
-548657577292438275,54.86575778849454,-29.24382752066208,2621,42.96481704711914,0.2134391516447067,1,0.1267424672842025,2,9.156095504760742,0.0394002720713615,26.51705741882324,0.3007580041885376,set_-548657577292438275,candidate,C,fornax,102042918.0,19.817217582953276,3.4184670209466006,0,0.0,0.0,0.0,0.0,0.0,201.2977315363344,1.1545375374662428,data/raw/cutouts/-548657577292438275_VIS.fits,1.0
-548893270292385073,54.889327004230886,-29.23850737755447,2945,37.41888046264648,0.3617084920406341,1,0.2249918133020401,2,3.462350368499756,0.0353076495230197,9.13206386566162,0.1951540559530258,set_-548657577292438275,reference,unlabelled,fornax,,19.96727302579982,3.46908529912312,1,76.47411317969316,0.150055442846547,0.0506182781765196,0.3192540618198373,76.47411317969045,103.45037865033832,1.0529948160218814,data/raw/cutouts/-548893270292385073_VIS.fits,0.1
-549167671286688303,54.9167671838525,-28.66883032043212,1563,28.607160568237305,0.1694825887680053,1,0.0540418289601802,0,7.111575126647949,0.0365430600941181,20.903738021850582,0.2897159457206726,set_-549167671286688303,candidate,C,fornax,102043552.0,20.25881311595023,3.193958978019187,0,0.0,0.0,0.0,0.0,0.0,168.79114707998684,1.1706453790782303,data/raw/cutouts/-549167671286688303_VIS.fits,1.0
-549293718291744672,54.92937180145458,-29.17446723088924,757,11.05142307281494,0.1688323020935058,1,0.1146970316767692,2,2.37051010131836,1609.835693359375,10.177627563476562,0.1819623559713363,set_-549525883291619345,reference,unlabelled,fornax,,21.29145448755404,2.8790958795000727,1,85.80130365550099,0.1153785905097386,-0.0712689748760504,0.281206827133604,85.80130365550417,65.45798958954097,1.5820118602887747,data/raw/cutouts/-549293718291744672_VIS.fits,0.7
-549311506280522563,54.931150639269255,-28.052256355684023,4568,92.5714111328125,0.48386150598526,1,0.1749003380537033,2,12.598854064941406,0.0632479637861251,31.67576789855957,22.66128921508789,set_-549311506280522563,candidate,C,fornax,102044188.0,18.983807789890285,3.659726095237792,0,0.0,0.0,0.0,0.0,0.0,191.31799076331677,1.0009902665186392,data/raw/cutouts/-549311506280522563_VIS.fits,0.9
-549379147280813625,54.93791472853306,-28.08136253452804,1755,22.09404754638672,0.2508322596549988,1,0.3763583898544311,2,3.820975780487061,0.0366870202124118,11.34520149230957,14.194046020507812,set_-549564658280837483,reference,unlabelled,fornax,,20.539311789312187,3.244277120801843,1,59.54443328332099,-0.1219366679727045,0.0458949907935486,0.2209046053617463,59.544433283316486,88.0829586145556,1.1815948213145402,data/raw/cutouts/-549379147280813625_VIS.fits,0.4
-549459580286666416,54.945958085440346,-28.66664164896612,1286,26.474483489990234,0.2293377518653869,1,0.1356083899736404,0,6.146579265594482,0.0479000769555568,17.337377548217773,0.2573932707309723,set_-549167671286688303,reference,unlabelled,fornax,,20.34293126026415,3.109240968588203,1,92.54131631962576,0.0841181443139227,-0.0847180094309836,0.265391379021519,92.54131631961732,115.43883758627672,1.1258748002920325,data/raw/cutouts/-549459580286666416_VIS.fits,0.2
-549489840280721224,54.94898401547398,-28.07212245035733,3497,85.94003295898438,0.4052304625511169,1,0.5995968580245972,2,13.916094779968262,0.0673395991325378,32.71427154541016,0.3198990821838379,set_-549311506280522563,reference,unlabelled,fornax,,19.06451121023797,3.543695632309245,1,91.23779695546928,0.0807034203476853,-0.1160304629285469,0.4160806181961697,48.129598752197296,212.0769312799224,0.9280496906069148,data/raw/cutouts/-549489840280721224_VIS.fits,0.1
-549525883291619345,54.95258837432254,-29.16193451041988,892,12.290502548217772,0.1919948607683181,1,0.1106824353337287,0,1.9718378782272337,0.0285029802471399,6.029122829437256,0.1369064748287201,set_-549525883291619345,candidate,A,fornax,102042919.0,21.1760758970443,2.950364854376123,0,0.0,0.0,0.0,0.0,0.0,64.01474757727412,1.2134573167943288,data/raw/cutouts/-549525883291619345_VIS.fits,1.0
-549564658280837483,54.95646589957335,-28.083748349839084,1579,19.746976852416992,0.187895730137825,1,0.1993390172719955,2,2.791964769363404,0.0309448074549436,5.214386940002441,0.1547486186027526,set_-549564658280837483,candidate,C,fornax,102044188.0,20.66124845728489,3.1983821300082944,0,0.0,0.0,0.0,0.0,0.0,105.09539965560802,0.6782333039491762,data/raw/cutouts/-549564658280837483_VIS.fits,0.6
-550105155291238806,55.01051552373555,-29.12388069970221,1126,25.33073234558105,0.1610427647829055,1,0.3033455312252044,0,5.809864521026611,0.033939391374588,19.183385848999023,0.2664137184619903,set_-550105155291238806,candidate,B,fornax,102042919.0,20.390880634974184,3.0515383905153275,0,0.0,0.0,0.0,0.0,0.0,157.2919614223481,1.2968981421637802,data/raw/cutouts/-550105155291238806_VIS.fits,0.5
-550295806291221313,55.029580652301206,-29.12213133152056,1294,24.8886947631836,0.2300101816654205,1,0.4086298942565918,2,4.76692008972168,0.0344623327255249,7.328442096710205,0.1424135267734527,set_-550105155291238806,reference,unlabelled,fornax,,20.409994696205565,3.1119342763326814,1,60.28731777698332,0.0191140612313809,0.0603958858173538,0.0983670404141993,60.28731777698231,108.20692624549731,0.4669344726840331,data/raw/cutouts/-550295806291221313_VIS.fits,0.0
-550510954292353617,55.05109543131455,-29.2353617802874,953,22.097936630249023,0.1680357456207275,1,0.4178477227687835,0,5.618232727050781,0.0367177128791809,15.908820152282717,0.2563838064670563,set_-550530052292626668,reference,unlabelled,fornax,,20.5391206904402,2.979092900638326,1,98.4811684184171,0.0745756553632475,0.0351040255645545,0.1009170102686029,98.48116841840536,131.50735606057384,1.1300956173938133,data/raw/cutouts/-550510954292353617_VIS.fits,0.1
-550530052292626668,55.05300520879413,-29.262666865108283,879,23.669113159179688,0.1625946462154388,1,0.2945404946804046,0,6.537137508392334,0.0416949279606342,12.846553802490234,32.86054229736328,set_-550530052292626668,candidate,C,fornax,102042288.0,20.46454503507695,2.943988875073772,0,0.0,0.0,0.0,0.0,0.0,145.57129468960488,0.7334975491731042,data/raw/cutouts/-550530052292626668_VIS.fits,0.3
-550783807284763098,55.07838071975476,-28.47630980757781,1484,38.88653564453125,0.2854118347167969,1,0.4975493252277374,2,8.718502044677734,0.055186990648508,19.664709091186523,0.270238310098648,set_-550783807284763098,candidate,C,fornax,102043552.0,19.92550186477732,3.171433900943008,0,0.0,0.0,0.0,0.0,0.0,136.24710300859408,0.8831141308575603,data/raw/cutouts/-550783807284763098_VIS.fits,0.6
-550819055284864283,55.081905586207405,-28.4864283592044,1563,36.48555374145508,0.2682816684246063,1,0.0716843083500862,0,9.064273834228516,0.0591997727751731,13.834461212158203,0.2386593669652938,set_-550783807284763098,reference,unlabelled,fornax,,19.99469764517873,3.193958978019187,1,38.09614849733335,0.069195780401408,0.0225250770761786,0.0671293699381918,38.096148497336,135.9971926360239,0.4590730821205953,data/raw/cutouts/-550819055284864283_VIS.fits,0.7
-551191377292279438,55.11913770652944,-29.227943873346025,1047,22.88061141967773,0.1497734189033508,1,0.3490833044052124,0,5.211622714996338,0.0331283695995807,10.69883918762207,0.2002852857112884,set_-551310402292363544,reference,unlabelled,fornax,,20.501330936078183,3.0199466816788423,1,48.11383372713475,-0.0884842838205841,-0.043761877712575,0.1368563315640125,35.79277110303113,152.7681719974801,0.7809092286645873,data/raw/cutouts/-551191377292279438_VIS.fits,0.2
-551237007282995611,55.123700702948426,-28.29956111451436,3632,67.44479370117188,0.3086506426334381,1,0.3735133707523346,0,13.772111892700195,0.0514819584786891,31.945287704467773,0.3272046148777008,set_-551470034283004674,reference,unlabelled,fornax,,19.327628923509465,3.5601458398490475,1,73.93531799579137,-0.045054862638608,0.0331607712890518,0.0547323986108455,73.93531799579077,218.5149952247828,0.9135156532576328,data/raw/cutouts/-551237007282995611_VIS.fits,0.1
-551286468292224681,55.12864688766092,-29.2224681924068,2074,39.07460403442383,0.1904058754444122,1,0.1041403710842132,0,9.59083366394043,0.0412020273506641,26.802810668945312,0.3156696259975433,set_-551286468292224681,candidate,C,fornax,102042919.0,19.920263535609497,3.316808752053022,0,0.0,0.0,0.0,0.0,0.0,205.2174279980736,1.1158099489873634,data/raw/cutouts/-551286468292224681_VIS.fits,1.0
-551310402292363544,55.13104026004993,-29.23635443718459,1158,21.08987045288086,0.1780088543891906,1,0.1553478240966797,2,4.525894165039063,0.0374271571636199,12.060423851013184,0.2251845896244049,set_-551310402292363544,candidate,C,fornax,102042919.0,20.589815219898767,3.0637085593914173,0,0.0,0.0,0.0,0.0,0.0,118.47652480685544,1.0641454421070335,data/raw/cutouts/-551310402292363544_VIS.fits,0.8
-551404382282466984,55.1404382890334,-28.246698413793148,3092,51.1351203918457,0.3216367959976196,1,0.2081341743469238,512,6.348496913909912,0.0386924296617507,16.863813400268555,0.2419736236333847,set_-551500609282665238,reference,unlabelled,fornax,,19.628201793042717,3.4902394852462875,1,77.62090109250136,-0.1265022182090689,0.1742691397893696,0.9422178106050068,77.62090109248616,158.98404979828288,1.060712188098222,data/raw/cutouts/-551404382282466984_VIS.fits,0.1
-551415327292414551,55.14153276954091,-29.241455172378707,2340,36.40266418457031,0.2487624436616897,1,0.224915325641632,2,5.91790246963501,0.0364962965250015,20.057559967041016,0.2288360297679901,set_-551286468292224681,reference,unlabelled,fornax,,19.997167076707253,3.369215857410143,1,79.4411871686531,0.0769035410977565,0.0524071053571209,0.1397860280207999,37.73028528965643,146.3350482039683,1.3252757396033914,data/raw/cutouts/-551415327292414551_VIS.fits,0.8
-551470034283004674,55.147003496710376,-28.30046746452121,3365,64.70330810546875,0.2674535810947418,1,0.2008004635572433,0,13.731266021728516,0.0518668219447135,33.76597213745117,0.3353728353977203,set_-551470034283004674,candidate,C,fornax,102043552.0,19.372683786148077,3.526985068559996,0,0.0,0.0,0.0,0.0,0.0,241.9235062795756,0.9769216919156788,data/raw/cutouts/-551470034283004674_VIS.fits,1.0
-551500609282665238,55.15006098230333,-28.266523888917163,2070,45.51121139526367,0.2072631418704986,1,0.2711235582828522,514,11.728053092956545,0.0488319955766201,29.1700439453125,0.3563756048679352,set_-551500609282665238,candidate,C,fornax,102044189.0,19.754704011251786,3.315970345456918,0,0.0,0.0,0.0,0.0,0.0,219.58178856373712,0.9892779001038972,data/raw/cutouts/-551500609282665238_VIS.fits,1.0
-553392210488907750,55.339221048109536,-48.89077500789888,909,8.091341972351074,0.18541119992733,1,0.1593182981014251,2,1.1982733011245728,0.0273627527058124,1.642721176147461,0.1423611342906952,set_-553659585488808002,reference,unlabelled,south,,21.62994860856085,2.9585638832219674,1,72.77063102399082,-0.0034203553094549,0.0215477757571531,0.0162777462336411,72.77063102398681,43.63998493900257,0.3425199319155541,data/raw/cutouts/-553392210488907750_VIS.fits,0.2
-553555547496336062,55.35555472087287,-49.63360621597244,894,15.104743957519531,0.1605885177850723,1,0.061980091035366,0,3.969771862030029,0.0387448221445083,12.67613697052002,0.2253414541482925,set_-553555547496336062,candidate,C,south,102020054.0,20.952216580276463,2.951337518795918,0,0.0,0.0,0.0,0.0,0.0,94.05867969798032,1.2605534353960812,data/raw/cutouts/-553555547496336062_VIS.fits,0.7
-553616261496149949,55.36162618004774,-49.61499492512266,809,14.939117431640623,0.1114692538976669,1,0.4248852133750915,0,4.726653575897217,0.0341698862612247,13.484636306762695,0.2082733213901519,set_-553555547496336062,reference,unlabelled,south,,20.9641876471801,2.907948521612272,1,68.48040355467123,0.0119710669036372,-0.0433889971836456,0.0526779674241873,68.48040355466642,134.02007198644492,1.1382136607407776,data/raw/cutouts/-553616261496149949_VIS.fits,0.0
-553659585488808002,55.3659585583265,-48.88080020819786,865,8.065892219543457,0.160553976893425,1,0.170318454504013,2,1.6869910955429075,0.0258625783026218,2.6653406620025635,0.1286455690860748,set_-553659585488808002,candidate,C,south,102020527.0,21.633368963870304,2.9370161074648142,0,0.0,0.0,0.0,0.0,0.0,50.23788495066404,0.496599836541381,data/raw/cutouts/-553659585488808002_VIS.fits,0.9
-554107451495540156,55.41074510816214,-49.554015633477526,925,9.464051246643066,0.1785022914409637,1,0.7095442414283752,2,0.6992038488388062,0.0226995218545198,2.534729242324829,0.1111341267824173,set_-554364696495554940,reference,unlabelled,south,,21.459807291809877,2.9661417327390325,1,60.312185731994944,-0.1457329619712517,0.042897714108756,0.2851028147981153,60.31218573200347,53.01921432069193,1.3983194122986045,data/raw/cutouts/-554107451495540156_VIS.fits,0.4
-554200007495943397,55.420000765976376,-49.59433979778591,1041,17.53878402709961,0.1651605665683746,1,0.2144951522350311,0,4.420390605926514,0.037637822329998,13.081908226013184,0.2254538834095001,set_-554200007495943397,candidate,C,south,102020054.0,20.790001299464105,3.017450729510536,0,0.0,0.0,0.0,0.0,0.0,106.19232176004162,1.178026126984358,data/raw/cutouts/-554200007495943397_VIS.fits,0.5
-554364696495554940,55.43646960793195,-49.55549405557734,838,8.27530288696289,0.1505046784877777,1,0.1223084554076194,0,1.2970516681671145,0.0250193253159523,7.621771812438965,0.1539183408021927,set_-554364696495554940,candidate,B,south,102020054.0,21.605540253781125,2.9232440186302764,0,0.0,0.0,0.0,0.0,0.0,54.983692002869645,1.9227466643467523,data/raw/cutouts/-554364696495554940_VIS.fits,0.1
-554455601495865571,55.44556010471849,-49.58655715831943,923,15.98232364654541,0.1218463256955146,1,0.4431511461734772,2,5.2685723304748535,0.0341267324984073,14.555512428283691,0.2088063061237335,set_-554200007495943397,reference,unlabelled,south,,20.890900197487824,2.965201701025912,1,65.89999399420414,0.1008988980237184,-0.0522490284846242,0.1850899236121301,65.89999399420171,131.16787523395752,1.1033363817818629,data/raw/cutouts/-554455601495865571_VIS.fits,0.6
-554964039491607328,55.49640396628382,-49.16073283239663,1253,16.07921028137207,0.1857065111398697,1,0.1374651193618774,0,2.527825355529785,0.0270737912505865,4.667567729949951,0.1483612358570099,set_-554997849491822724,reference,unlabelled,south,,20.884338212797367,3.09795107099415,1,77.9499490799131,-0.1913916212515687,-0.0362260365826165,0.4450258638095035,77.94994907992402,86.58398772707325,0.6658589071392752,data/raw/cutouts/-554964039491607328_VIS.fits,0.3
-554976975487853956,55.497697503788665,-48.785395695423865,4665,68.48838806152344,0.3193736672401428,1,0.1561332792043686,0,10.373732566833496,0.0468381345272064,29.43155860900879,0.3062319159507751,set_-554976975487853956,candidate,A,south,102020528.0,19.31095763799488,3.668851648082519,0,0.0,0.0,0.0,0.0,0.0,214.44594557016435,1.1321955347770287,data/raw/cutouts/-554976975487853956_VIS.fits,1.0
-554997849491822724,55.4997849527486,-49.18227246926023,1362,13.48056411743164,0.1688842624425888,1,0.4063288569450378,2,2.02578353881836,0.0245282109826803,5.344935417175293,0.1659491211175918,set_-554997849491822724,candidate,C,south,102020528.0,21.075729834048936,3.1341771075767664,0,0.0,0.0,0.0,0.0,0.0,79.82131622248863,1.053373560480377,data/raw/cutouts/-554997849491822724_VIS.fits,0.9
-555298517488025434,55.52985176048351,-48.80254344756403,3115,61.87449264526367,0.2593294084072113,1,0.4862654507160187,2,10.237622261047363,0.0432592369616031,20.88050651550293,0.2438001334667205,set_-554976975487853956,reference,unlabelled,south,,19.421220872863746,3.4934580509951885,1,98.11117356317978,0.1102632348688601,-0.1753935970873303,0.9124140989109336,98.11117356316592,238.59419965245675,0.773854820518068,data/raw/cutouts/-555298517488025434_VIS.fits,0.1
-555543235495627233,55.55432358532721,-49.56272337503402,1552,30.838022232055664,0.1731714159250259,1,0.132980540394783,0,7.198431491851807,0.0371164679527282,18.23807907104492,0.2691085338592529,set_-555738260495481326,reference,unlabelled,south,,20.17728370700403,3.1908917169221698,1,69.52280602245058,-0.0981700748635638,0.0011207605752958,0.1112570994487713,69.52280602245455,178.07801632462773,1.009353046175922,data/raw/cutouts/-555543235495627233_VIS.fits,0.6
-555738260495481326,55.57382601848325,-49.54813263966917,1548,28.17205238342285,0.2124693542718887,1,0.1785095930099487,258,6.101322174072266,0.039832018315792,13.98948097229004,0.2299685627222061,set_-555738260495481326,candidate,C,south,102020054.0,20.275453781867597,3.189770956346874,0,0.0,0.0,0.0,0.0,0.0,132.59348615222964,0.9009441095856224,data/raw/cutouts/-555738260495481326_VIS.fits,1.0
-556091668492897363,55.60916682506337,-49.28973637875509,1222,18.513622283935547,0.1500913947820663,1,0.0631415545940399,0,4.818306922912598,0.0328616090118885,15.797460556030272,0.2039503753185272,set_-556215936492901652,reference,unlabelled,south,,20.73127150254793,3.0870712059065357,1,29.21952048748369,0.1086337024004855,0.024489221678372,0.1468503762690504,29.21952048748097,123.34899219783686,1.289232047142317,data/raw/cutouts/-556091668492897363_VIS.fits,0.0
-556215936492901652,55.62159369817304,-49.290165222546975,1155,20.461849212646484,0.1734637320041656,1,0.4334423243999481,0,4.882791042327881,0.040809977799654,15.040450096130373,0.1878228038549423,set_-556215936492901652,candidate,B,south,102020054.0,20.622637800147444,3.062581984228163,0,0.0,0.0,0.0,0.0,0.0,117.96038846987976,1.2214817346224192,data/raw/cutouts/-556215936492901652_VIS.fits,1.0
-557175690493941336,55.71756904780933,-49.39413362042532,1902,28.85154914855957,0.1935628354549408,1,0.2359640598297119,2,5.74517822265625,0.0350807718932628,17.15901756286621,0.2366715222597122,set_-557193388494017323,reference,unlabelled,south,,20.249577157431062,3.279210512601395,1,27.66787542095093,-0.0410328009922835,0.0297675511588129,0.0415166552114724,27.66787542095296,149.05521031838717,1.1879722829015762,data/raw/cutouts/-557175690493941336_VIS.fits,0.6
-557193388494017323,55.71933889529605,-49.401732340312,1776,27.78152084350586,0.1824679970741272,1,0.1685280501842498,0,5.901413440704346,0.0361164137721061,17.301528930664062,0.2562506198883056,set_-557193388494017323,candidate,C,south,102020054.0,20.290609958423342,3.249442961442582,0,0.0,0.0,0.0,0.0,0.0,152.25421054092945,1.167821104554443,data/raw/cutouts/-557193388494017323_VIS.fits,0.5
-557532278487575835,55.753227859296565,-48.75758354021027,3326,46.28765869140625,0.2303288429975509,1,0.2229870855808258,2,9.51101016998291,0.039538387209177,24.8518180847168,0.2723867893218994,set_-557594873487530963,reference,unlabelled,south,,19.73633696504008,3.5219222448835006,1,21.946597961086148,0.0665179937172943,-0.0612765290851222,0.1434459707959115,21.94659796107106,200.9633621608494,1.0428287996452157,data/raw/cutouts/-557532278487575835_VIS.fits,0.4
-557594873487530963,55.75948739301225,-48.753096396542105,3830,49.212158203125,0.274035781621933,1,0.3750866055488586,2,6.926313400268555,0.0360105484724044,18.89517593383789,0.2490490525960922,set_-557594873487530963,candidate,A,south,102020528.0,19.669818971322787,3.583198773968623,0,0.0,0.0,0.0,0.0,0.0,179.5829650852654,1.0896220037262545,data/raw/cutouts/-557594873487530963_VIS.fits,0.8
-557765534495422197,55.776553443931306,-49.54221974886472,2622,50.38539505004883,0.2321991473436355,1,0.3875313997268677,2,9.508759498596191,0.047128964215517,21.801877975463867,0.276519238948822,set_-557765534495422197,candidate,C,south,102020054.0,19.64423832993617,3.4186326873540653,0,0.0,0.0,0.0,0.0,0.0,216.9921622299612,0.9009251037148404,data/raw/cutouts/-557765534495422197_VIS.fits,0.6
-557831102496381109,55.78311021450628,-49.63811095455017,745,14.25931453704834,0.1538022607564926,1,0.1722440421581268,0,4.25824499130249,0.0378654673695564,6.9877543449401855,0.1741456240415573,set_-558088402496172353,reference,unlabelled,south,,21.01475337764316,2.8721562727482928,1,96.16585562957678,-0.0846828692079526,0.0,0.0876084299042033,96.1658556295697,92.7119956944222,0.5377674616598855,data/raw/cutouts/-557831102496381109_VIS.fits,0.3
-558088402496172353,55.80884027697329,-49.6172353349746,745,13.189414024353027,0.1634765416383743,1,0.0192516800016164,0,3.4943814277648926,0.0358605533838272,10.422829627990724,0.1937547773122787,set_-558088402496172353,candidate,C,south,102020054.0,21.099436246851116,2.8721562727482928,0,0.0,0.0,0.0,0.0,0.0,80.68077469811705,1.186538325897763,data/raw/cutouts/-558088402496172353_VIS.fits,0.8
-558090621495536317,55.809062141884745,-49.5536317077682,2610,64.66679382324219,0.3115974962711334,1,0.2437841892242431,0,12.535673141479492,3992.3994140625,16.19025993347168,23.1282958984375,set_-557765534495422197,reference,unlabelled,south,,19.373296677050465,3.416640507338281,1,86.33295003671516,-0.2709416528857034,-0.0019921800157844,0.8221490597061241,86.33295003672474,207.53309829862377,0.277765404198968,data/raw/cutouts/-558090621495536317_VIS.fits,0.3
-558177584493577271,55.81775848252754,-49.35772710418365,1361,27.54570579528809,0.16021728515625,1,0.2226602584123611,2,6.228904724121094,0.0360251404345035,17.64905548095703,0.3608520627021789,set_-558177584493577271,candidate,C,south,102020054.0,20.29986523837985,3.133858125203335,0,0.0,0.0,0.0,0.0,0.0,171.92717857142858,1.1307744507119863,data/raw/cutouts/-558177584493577271_VIS.fits,0.8
-558482560491912293,55.84825601836804,-49.191229318320914,771,14.143263816833496,0.1175532639026641,1,0.6259024739265442,2,3.820411920547485,0.0307993702590465,7.818032264709473,0.1892319917678833,set_-558839980491907949,reference,unlabelled,south,,21.023625893943976,2.8870543780509568,1,84.1061928195431,0.0387823112166678,-0.1116407802606991,0.3343681460023307,84.10619281954446,120.31366333260074,0.7774681673105264,data/raw/cutouts/-558482560491912293_VIS.fits,0.0
-558574191493520391,55.857419117507554,-49.35203910172725,1040,30.32054710388184,0.1543644964694976,1,0.036407072097063,0,10.050454139709473,0.0527702718973159,21.05573272705078,0.3138296902179718,set_-558177584493577271,reference,unlabelled,south,,20.19565741640164,3.0170333392987803,1,95.22934065039136,-0.1042078219782176,-0.1168247859045545,0.4696342086393946,95.22934065039136,196.42176664550047,0.8029616824623348,data/raw/cutouts/-558574191493520391_VIS.fits,0.1
-558839980491907949,55.88399800323208,-49.19079495467991,997,14.65758991241455,0.1664260923862457,1,0.1132131516933441,2,2.751282215118408,0.028974438086152,7.000615119934082,0.1939665079116821,set_-558839980491907949,candidate,C,south,102020528.0,20.984843582727308,2.998695158311656,0,0.0,0.0,0.0,0.0,0.0,88.07266758626322,1.0140026521239274,data/raw/cutouts/-558839980491907949_VIS.fits,1.0
-558968106487136365,55.89681068123313,-48.71363659579994,1244,20.005203247070312,0.1979926377534866,1,0.233450174331665,2,4.437502861022949,0.0376839376986026,16.127437591552734,0.2587790191173553,set_-558990723486843269,reference,unlabelled,south,,20.647142579891074,3.0948203803548,1,105.65132368938718,-0.0228521935514081,-0.02575355085105,0.031953398800994,105.65132368937232,101.040137017509,1.4010668097705197,data/raw/cutouts/-558968106487136365_VIS.fits,0.9
-558990723486843269,55.89907239888039,-48.68432699534499,1320,19.58854103088379,0.1742410063743591,1,0.516931414604187,2,4.477842807769775,0.0339577347040176,12.455085754394531,29.94239616394043,set_-558990723486843269,candidate,C,south,102021007.0,20.66999477344248,3.12057393120585,0,0.0,0.0,0.0,0.0,0.0,112.42210681908912,1.1106946955002135,data/raw/cutouts/-558990723486843269_VIS.fits,0.6
-559019060497801004,55.90190602082468,-49.780100400931566,1677,21.49611091613769,0.2333734929561615,1,0.0663576573133468,0,4.644778251647949,0.0415162704885005,12.41465663909912,0.224838301539421,set_-559019060497801004,candidate,C,south,102019586.0,20.56910026421561,3.2245330626060857,0,0.0,0.0,0.0,0.0,0.0,92.11033628474536,1.0674243187076506,data/raw/cutouts/-559019060497801004_VIS.fits,0.6
-559052005496766427,55.90520058154107,-49.67664272323572,844,13.72178840637207,0.1314194500446319,1,0.1565613001585006,2,3.4939076900482178,0.0309972669929265,5.53712272644043,0.1473548710346222,set_-559052005496766427,candidate,C,south,102020054.0,21.056473204736072,2.926342446625655,0,0.0,0.0,0.0,0.0,0.0,104.41215818291704,0.4999318070650505,data/raw/cutouts/-559052005496766427_VIS.fits,0.7
-559194113497847696,55.91941135563568,-49.78476962473405,1560,20.6573486328125,0.2262668162584304,1,0.3932045102119446,2,4.200811386108398,0.0385966897010803,11.99148178100586,0.2211325317621231,set_-559019060497801004,reference,unlabelled,south,,20.612313552156145,3.1931245983544616,1,44.0261925822748,0.0432132879405351,-0.0314084642516241,0.0470728337159648,44.02619258227785,91.29641267952758,1.1388491738404884,data/raw/cutouts/-559194113497847696_VIS.fits,0.7
-559250527496896167,55.925052761377614,-49.68961674557089,815,16.680448532104492,0.1563980132341385,1,0.3431819975376129,0,4.258884906768799,0.0340539701282978,7.025225639343262,0.1446783542633056,set_-559052005496766427,reference,unlabelled,south,,20.844480688742262,2.9111576087399764,1,65.72442053926557,-0.2119925159938098,-0.0151848378856787,0.5088104489907541,65.72442053927527,106.65383905569648,0.5434109348057798,data/raw/cutouts/-559250527496896167_VIS.fits,0.1
-560803071486144661,56.08030711049442,-48.61446611399451,1298,35.96946716308594,0.1723402291536331,1,0.168323278427124,0,11.063488006591797,0.0526329278945922,22.78594207763672,0.2861632108688354,set_-560813724486374371,reference,unlabelled,south,,20.010164988984823,3.1132746924643504,1,82.73443435542582,0.2450322787883401,-0.1412733846446232,1.171942899075606,82.73443435542485,208.7119608679461,0.7844372991678016,data/raw/cutouts/-560803071486144661_VIS.fits,0.1
-560813724486374371,56.08137242438679,-48.63743711161234,1797,45.0761604309082,0.1540861427783966,1,0.166837528347969,2,13.603163719177246,0.0480196103453636,30.3042221069336,0.3215878903865814,set_-560813724486374371,candidate,C,south,102021007.0,19.76513271019649,3.2545480771089736,0,0.0,0.0,0.0,0.0,0.0,292.5387034688497,0.8696580384905467,data/raw/cutouts/-560813724486374371_VIS.fits,0.8
-561683562487885174,56.16835627448652,-48.7885174830928,1356,27.868955612182617,0.1709481924772262,1,0.1384788304567337,0,7.409611701965332,0.0407779067754745,21.324796676635746,24.474145889282227,set_-561683562487885174,candidate,A,south,102020528.0,20.28719826536822,3.1322596895310446,0,0.0,0.0,0.0,0.0,0.0,163.02574018672547,1.1477236237659376,data/raw/cutouts/-561683562487885174_VIS.fits,1.0
-562071783488009748,56.20717837621852,-48.8009748127356,1225,30.57747459411621,0.1556900143623352,1,0.5133247971534729,0,7.676640033721924,0.0362759716808795,16.863162994384766,0.2366044074296951,set_-561683562487885174,reference,unlabelled,south,,20.186495964994823,3.088136088700552,1,102.409359979321,-0.1007023003733991,-0.0441236008304932,0.1703410552872364,102.40935997932807,196.3997159313871,0.8544196531697958,data/raw/cutouts/-562071783488009748_VIS.fits,0.0
-563268036507955941,56.32680360592957,-50.79559419182407,1517,19.95221328735352,0.2328231185674667,1,0.0550477094948291,0,3.184283494949341,222.2427978515625,12.244094848632812,36.8155403137207,set_-563268036507955941,candidate,C,south,102018664.0,20.65002230318007,3.1809855807867304,0,0.0,0.0,0.0,0.0,0.0,85.69687327494427,1.4622873985350215,data/raw/cutouts/-563268036507955941_VIS.fits,1.0
-563686790508077507,56.368679005880246,-50.80775078933252,1481,23.528499603271484,0.3327240943908691,1,0.2645836472511291,0,,,7.939149856567383,0.2652924954891205,set_-563268036507955941,reference,unlabelled,south,,20.47101441652615,3.170555058521209,1,104.84639179313233,-0.1790078866539204,-0.0104305222655218,0.3681869029517966,104.84639179313972,70.71474533981683,,data/raw/cutouts/-563686790508077507_VIS.fits,0.1
-564251801491378675,56.42518018182264,-49.13786752039709,1489,23.47733688354492,0.2048139870166778,1,0.6506604552268982,2,4.511631011962891,0.0325763709843158,6.561434745788574,0.1634879559278488,set_-564427129491602014,reference,unlabelled,south,,20.473377920432423,3.1728946977521764,1,90.3823295666229,-0.0492829215336847,0.0701180828687348,0.1569039471493307,90.3823295666333,114.6276053970532,0.4066631020955046,data/raw/cutouts/-564251801491378675_VIS.fits,0.7
-564309040499740670,56.43090403749992,-49.97406701267827,2712,43.55152893066406,0.221965804696083,1,0.4835887551307678,0,7.930357933044434,0.0378817729651927,22.59934425354004,0.2811102867126465,set_-564463213499964061,reference,unlabelled,south,,19.80249148485003,3.433289685195026,1,87.98341760206051,-0.0948656377839292,-0.0555429491873744,0.1837565348275374,87.98341760206303,196.20828077683,1.1370076208147608,data/raw/cutouts/-564309040499740670_VIS.fits,0.6
-564427129491602014,56.442712921370415,-49.16020146642965,1267,22.43549537658692,0.2002014219760894,1,0.1502037495374679,0,4.122256755828857,0.0361064970493316,13.944355010986328,0.1729252934455871,set_-564427129491602014,candidate,B,south,102020529.0,20.52266084196611,3.102776614883441,0,0.0,0.0,0.0,0.0,0.0,112.06461550141464,1.3231584814187891,data/raw/cutouts/-564427129491602014_VIS.fits,1.0
-564463213499964061,56.446321381015146,-49.99640612068045,3082,39.90774154663086,0.2055097818374633,1,0.0715684592723846,2,7.647233009338379,0.0341526642441749,20.016468048095703,0.2650118172168731,set_-564463213499964061,candidate,A,south,102019586.0,19.89735712263396,3.4888326343824003,0,0.0,0.0,0.0,0.0,0.0,194.18901226898143,1.0447078110082229,data/raw/cutouts/-564463213499964061_VIS.fits,1.0
-564807512487142088,56.48075123104218,-48.71420882506167,938,10.009317398071287,0.1503268033266067,1,0.0746715068817138,0,2.3128130435943604,0.0274795182049274,5.774430751800537,0.136319875717163,set_-564961223487327476,reference,unlabelled,south,,21.398988847350456,2.9722028383790646,1,76.07102880012881,-0.0651692077615031,0.0145955513189695,0.0574761762433721,76.07102880012076,66.5837174514022,0.9934216239943436,data/raw/cutouts/-564807512487142088_VIS.fits,0.7
-564961223487327476,56.49612236138921,-48.73274764962515,907,9.426202774047852,0.1846580505371093,1,0.1769753545522689,2,2.27078628540039,0.0354733988642692,7.099804401397705,0.1625183820724487,set_-564961223487327476,candidate,C,south,102021008.0,21.46415805511196,2.957607287060095,0,0.0,0.0,0.0,0.0,0.0,51.046801082488095,1.2376753038209931,data/raw/cutouts/-564961223487327476_VIS.fits,0.8
-565095065494895290,56.50950653006659,-49.48952908769109,2497,36.940711975097656,0.2164856940507888,1,0.152776151895523,2,7.843365669250488,0.0382990166544914,17.842344284057617,0.2090108841657638,set_-565095065494895290,candidate,C,south,102020055.0,19.981236846151432,3.397418542351348,0,0.0,0.0,0.0,0.0,0.0,170.63812062533404,0.8923736307157816,data/raw/cutouts/-565095065494895290_VIS.fits,1.0
-565360777494758430,56.53607776375099,-49.47584308332023,1908,34.565032958984375,0.2495000809431076,1,0.2644840180873871,2,5.416471481323242,0.038891427218914,10.87540340423584,0.1926494538784027,set_-565095065494895290,reference,unlabelled,south,,20.05340756166541,3.2805783703680764,1,79.30702126915676,0.0721707155139768,-0.1168401719832714,0.4045564347191807,79.30702126916702,138.53716130403214,0.7568222861870538,data/raw/cutouts/-565360777494758430_VIS.fits,0.3
-565570758477157095,56.55707588837411,-47.715709513241926,1706,27.437515258789062,0.2155808210372924,1,0.2019186615943908,2,6.502020835876465,0.04262300953269,18.41070938110352,0.2682947814464569,set_-565628665477007892,reference,unlabelled,south,,20.3041380522253,3.231979026831504,1,55.51438151454907,0.0263144271385193,-0.0235346859880292,0.0241831014217381,55.514381514564185,127.27252418267192,1.1300554142806578,data/raw/cutouts/-565570758477157095_VIS.fits,0.5
-565603296494341498,56.56032962331223,-49.43414982101321,2520,47.99506759643555,0.2172954976558685,1,0.0212108548730611,2,9.873563766479492,0.040823645889759,29.369150161743164,0.3141398131847381,set_-565713964494300088,reference,unlabelled,south,,19.697008480817196,3.401400540781544,1,29.8927140156406,0.0637150042108132,-0.0732527125805186,0.1800217797300513,29.892714015632865,220.87465278477825,1.1835436111340245,data/raw/cutouts/-565603296494341498_VIS.fits,0.8
-565606893481180102,56.56068931568226,-48.11801022550178,962,13.332111358642578,0.1942849457263946,1,0.4600413739681244,3,2.4604930877685547,0.0352541133761405,5.823734283447266,0.1676869243383407,set_-565617838481055592,reference,unlabelled,south,,21.08775266870151,2.983175072037813,1,44.90069135378617,0.0294174907829933,0.0289325625984884,0.0322712170358173,44.90069135379592,68.62143285881642,0.9354485052758637,data/raw/cutouts/-565606893481180102_VIS.fits,0.0
-565617838481055592,56.56178380958547,-48.10555923794155,900,13.69827651977539,0.1347128003835678,1,0.0687378048896789,2,4.017871856689453,0.0331936031579971,12.379480361938477,0.2279213815927505,set_-565617838481055592,candidate,C,south,102021490.0,21.058335177918515,2.9542425094393248,0,0.0,0.0,0.0,0.0,0.0,101.68504018008892,1.221765834227098,data/raw/cutouts/-565617838481055592_VIS.fits,0.8
-565628665477007892,56.56286656415816,-47.70078927656919,1801,28.11062812805176,0.2164848446846008,1,0.2875474095344543,2,6.092507362365723,0.041435781866312,18.66339874267578,0.3200500607490539,set_-565628665477007892,candidate,C,south,102021978.0,20.277823625086786,3.2555137128195333,0,0.0,0.0,0.0,0.0,0.0,129.85032817889146,1.2154866804305018,data/raw/cutouts/-565628665477007892_VIS.fits,1.0
-565713964494300088,56.5713964199779,-49.43000883129746,2983,50.895877838134766,0.2522208094596863,1,0.0598482601344585,0,10.49660873413086,0.0464429669082164,29.01153564453125,0.2526922821998596,set_-565713964494300088,candidate,C,south,102020055.0,19.63329347660638,3.474653253362063,0,0.0,0.0,0.0,0.0,0.0,201.79095431168105,1.103804271488934,data/raw/cutouts/-565713964494300088_VIS.fits,1.0
-566112601496084998,56.611260110461416,-49.6084998331893,3566,56.85793685913086,0.2773293852806091,1,0.2056943625211715,2,11.295278549194336,0.0492936037480831,32.727569580078125,1.532566785812378,set_-566112601496084998,candidate,C,south,102020055.0,19.513022257804185,3.552181338839336,0,0.0,0.0,0.0,0.0,0.0,205.0195178617676,1.155042023691947,data/raw/cutouts/-566112601496084998_VIS.fits,0.0
-566201292503420992,56.62012921988582,-50.34209924607583,2591,42.38545608520508,0.2078748196363449,1,0.0421078205108642,0,8.859371185302734,0.0388415567576885,27.11209487915039,0.2493788003921508,set_-566201292503420992,candidate,C,south,102019123.0,19.83195784822892,3.413467412985825,0,0.0,0.0,0.0,0.0,0.0,203.89894340908612,1.21440044435602,data/raw/cutouts/-566201292503420992_VIS.fits,1.0
-566218369503581965,56.62183694777468,-50.35819659647207,709,6.164303302764893,0.203729823231697,1,0.6398318409919739,2,0.7154108881950378,0.0251992251724004,1.9874367713928225,0.1211481615900993,set_-566218369503581965,candidate,C,south,102019123.0,21.925290001994483,2.8506462351830666,0,0.0,0.0,0.0,0.0,0.0,30.25724562551836,1.1093444380798196,data/raw/cutouts/-566218369503581965_VIS.fits,0.9
-566289847495933285,56.62898477018982,-49.59332859474109,3637,53.13215255737305,0.2567154169082641,1,0.5249199867248535,2,9.890214920043944,0.0414750054478645,29.07958984375,0.4558149576187134,set_-566112601496084998,reference,unlabelled,south,,19.58660647260792,3.560743301054712,1,68.50686330048397,0.0735842148037377,0.008561962215376,0.0660189638237986,68.50686330048623,206.969075707516,1.1709563687707627,data/raw/cutouts/-566289847495933285_VIS.fits,0.7
-566304354503363187,56.63043544049094,-50.33631871701583,2689,37.34947204589844,0.2526280283927917,1,0.2980992496013641,0,6.412400722503662,0.0356013290584087,19.13493156433105,0.243480697274208,set_-566201292503420992,reference,unlabelled,south,,19.96928883195569,3.4295908022233017,1,31.524713073644044,0.1373309837267733,0.0161233892374768,0.2169044450290779,31.52471307364021,147.84373801875478,1.1870156473542373,data/raw/cutouts/-566304354503363187_VIS.fits,0.4
-566414163488662404,56.64141634652584,-48.86624048654571,1989,53.15192794799805,0.2106734365224838,1,0.2268082201480865,2,13.850641250610352,0.0556618496775627,18.906953811645508,0.248375192284584,set_-566414163488662404,candidate,C,south,102020529.0,19.5862024448794,3.298634783124436,0,0.0,0.0,0.0,0.0,0.0,252.29534783957203,0.3378792065509031,data/raw/cutouts/-566414163488662404_VIS.fits,0.9
-566429388488436948,56.6429388299977,-48.84369488214587,1905,46.10341644287109,0.178344041109085,1,0.0490911938250064,0,13.010553359985352,0.0477337725460529,29.07041549682617,0.3613859713077545,set_-566414163488662404,reference,unlabelled,south,,19.740667226259625,3.279894980011638,1,81.24425328704167,0.1544647813802271,-0.0187398031127972,0.2795425772543139,81.24425328703616,258.50830875067874,0.8728886772053495,data/raw/cutouts/-566429388488436948_VIS.fits,0.1
-566452754492393104,56.64527541741643,-49.23931044272282,1860,19.240985870361328,0.2121330946683883,1,0.1616860181093216,2,3.185925245285034,0.0304603688418865,13.236642837524414,0.2260080575942993,set_-566452754492393104,candidate,A,south,102020529.0,20.689431698327557,3.2695129442179165,0,0.0,0.0,0.0,0.0,0.0,90.70242387421592,1.5463556730847636,data/raw/cutouts/-566452754492393104_VIS.fits,0.2
-566485978503627067,56.64859781558101,-50.36270678658472,757,7.840041637420654,0.1651819050312042,1,0.7970619201660156,0,1.1864479780197144,0.0263922773301601,4.054754734039307,0.1461920291185379,set_-566218369503581965,reference,unlabelled,south,,21.6642040770727,2.8790958795000727,1,63.568645933978,-0.2610859249217832,0.0284496443170061,0.7810974859316281,63.56864593398472,47.46307796813221,1.3342897224801789,data/raw/cutouts/-566485978503627067_VIS.fits,0.0
-566509324492621873,56.65093243001065,-49.26218731695353,1198,19.771148681640625,0.1711083799600601,1,0.2607577741146087,0,4.38137149810791,0.0315748639404773,10.872954368591309,11.864957809448242,set_-566452754492393104,reference,unlabelled,south,,20.65992024482331,3.0784568180532927,1,83.42271018517201,-0.0295114535042415,-0.1910561261646237,0.9282045576332324,83.42271018518487,115.54751839889772,0.986843716669586,data/raw/cutouts/-566509324492621873_VIS.fits,0.1
-566824226505571799,56.68242268022134,-50.557179990132894,1265,16.34758949279785,0.2222963124513626,1,0.3324579298496246,0,3.216048002243042,0.0353479944169521,12.302732467651367,0.2152748852968216,set_-566824226505571799,candidate,C,south,102019123.0,20.86636569117207,3.1020905255118367,0,0.0,0.0,0.0,0.0,0.0,73.53963416003415,1.4566976442631565,data/raw/cutouts/-566824226505571799_VIS.fits,1.0
-567023193505694149,56.70231932014104,-50.56941497823903,1126,16.206199645996094,0.1629258543252945,1,0.6230324506759644,0,3.213717460632324,0.0283182002604007,4.986077785491943,0.1480100154876709,set_-566824226505571799,reference,unlabelled,south,,20.87579703818346,3.0515383905153275,1,63.32680132300893,0.0094313470113895,-0.0505521349965092,0.0683144675088069,63.32680132302173,99.46978466437328,0.4768783926773015,data/raw/cutouts/-567023193505694149_VIS.fits,0.0
-567571222505348940,56.75712229532233,-50.53489406664952,3958,43.36422348022461,0.3446403443813324,1,0.6881368160247803,0,4.477868556976318,0.0348897874355316,9.740805625915527,0.1760976314544677,set_-567857837505428781,reference,unlabelled,south,,19.807171065203807,3.5974757898703773,1,71.59978433947572,0.0738536477823288,-0.020990702328703,0.0760144263738474,71.59978433947069,125.82457099753714,0.8438088401711223,data/raw/cutouts/-567571222505348940_VIS.fits,0.8
-567857837505428781,56.78578379797404,-50.54287810862769,4154,46.41656875610352,0.2963916063308716,1,0.374013751745224,0,6.598724842071533,0.035819012671709,18.13293838500977,0.2056199759244918,set_-567857837505428781,candidate,C,south,102019123.0,19.73331741742148,3.61846649219908,0,0.0,0.0,0.0,0.0,0.0,156.605544032469,1.0975204164819206,data/raw/cutouts/-567857837505428781_VIS.fits,0.8
-568362524478322919,56.83625248176057,-47.8322919399852,855,21.094594955444336,0.1753338575363159,1,0.1424441784620285,2,4.663515567779541,0.0376549325883388,9.4251708984375,0.1707102656364441,set_-568362524478322919,candidate,C,south,102021491.0,20.589572023098505,2.931966114728173,0,0.0,0.0,0.0,0.0,0.0,120.31101837290689,0.7639395069193732,data/raw/cutouts/-568362524478322919_VIS.fits,1.0
-568422438495621083,56.84224386101963,-49.56210831985881,2850,45.82710266113281,0.2240670919418335,1,0.293775349855423,2,9.721341133117676,0.039949957281351,26.16961097717285,0.273634523153305,set_-568422438495621083,candidate,C,south,102020056.0,19.74719399850151,3.45484486000851,0,0.0,0.0,0.0,0.0,0.0,204.52402119374705,1.075177708536406,data/raw/cutouts/-568422438495621083_VIS.fits,0.9
-568428576495479520,56.84285760768689,-49.54795208155802,1877,36.77288818359375,0.2062516212463379,1,0.2603629231452942,0,9.225046157836914,0.0494687668979167,24.75825309753418,0.2427547127008438,set_-568772546495601104,reference,unlabelled,south,,19.986180647048112,3.273464272621346,1,91.48254441767692,-0.0349358083429685,-0.0218828757122717,0.0327078528275709,50.98261034760876,178.29138971796894,1.0718786261647693,data/raw/cutouts/-568428576495479520_VIS.fits,0.0
-568578236478132009,56.857823642572185,-47.81320090293293,1155,22.504573822021484,0.1533238589763641,1,0.0346422716975212,0,6.491605758666992,0.0399134866893291,16.675994873046875,0.2187438905239105,set_-568362524478322919,reference,unlabelled,south,,20.519323017633223,3.062581984228163,1,86.26774435439044,-0.0702490054652784,0.1306158694999903,0.4877255309077371,86.26774435437531,146.77802901824114,1.0243490402262847,data/raw/cutouts/-568578236478132009_VIS.fits,0.7
-568772546495601104,56.87725467119783,-49.56011048213822,1974,35.60847854614258,0.1895488053560257,1,0.1571947187185287,0,7.385756492614746,0.0371171049773693,17.49060821533203,0.1925941407680511,set_-568772546495601104,candidate,C,south,102020056.0,20.02111645539108,3.295347148333618,0,0.0,0.0,0.0,0.0,0.0,187.8591557422897,0.9360248172501148,data/raw/cutouts/-568772546495601104_VIS.fits,0.9
-568800380495464085,56.88003800052877,-49.54640851499197,1935,40.85659408569336,0.2632781565189361,1,0.1864986568689346,0,6.145106315612793,0.0392725393176078,13.840478897094728,0.1748102754354477,set_-568422438495621083,reference,unlabelled,south,,19.871844600343195,3.28668096935493,1,104.81016857062512,0.1246506018416866,-0.16816389065358,0.8890372840188114,49.75355125765914,155.1841391853364,0.8815542913340491,data/raw/cutouts/-568800380495464085_VIS.fits,0.0
-568919155497446978,56.89191554837005,-49.74469783990281,903,20.021547317504883,0.1428036540746688,1,0.4218857288360595,2,5.831683158874512,0.0397978723049163,16.757387161254883,0.2531362175941467,set_-568919155497446978,candidate,A,south,102020056.0,20.64625590536767,2.9556877503135057,0,0.0,0.0,0.0,0.0,0.0,140.2033263591145,1.1460309584445894,data/raw/cutouts/-568919155497446978_VIS.fits,0.8
-568934592498038349,56.89345921713251,-49.80383490744296,1866,36.91068649291992,0.1633637696504593,1,0.1630356758832931,2,9.029253005981444,0.0397627651691436,21.41129875183105,0.2848641574382782,set_-568934592498038349,candidate,C,south,102019587.0,19.982119693478317,3.2709116394104814,0,0.0,0.0,0.0,0.0,0.0,225.94169179552927,0.9374779720015414,data/raw/cutouts/-568934592498038349_VIS.fits,0.6
-569003084507675615,56.90030849946102,-50.76756153887766,1885,22.19147300720215,0.2479311525821685,1,0.2222517281770706,0,3.5574445724487305,0.0330461263656616,12.007277488708496,0.2282404750585556,set_-569003084507675615,candidate,C,south,102018664.0,20.53453467393013,3.275311354541812,0,0.0,0.0,0.0,0.0,0.0,89.50659397208072,1.320766012815796,data/raw/cutouts/-569003084507675615_VIS.fits,0.9
-569038439496109539,56.90384399030003,-49.61095390827917,1380,21.54582595825196,0.1699230372905731,1,0.3709573447704315,2,5.456093311309815,0.0379497818648815,12.914402961730955,0.2165665924549102,set_-569381219495998178,reference,unlabelled,south,,20.566592131493515,3.1398790864012365,1,89.45559070884386,-0.0437407052849394,0.0440126329226937,0.076546806726473,89.45559070884134,126.79755671626796,0.9354813606135184,data/raw/cutouts/-569038439496109539_VIS.fits,0.7
-569113513497799694,56.91135137355979,-49.7799694134544,2098,41.42544174194336,0.3101461827754974,1,0.1924851685762405,0,9.266974449157717,0.0624967217445373,3.6849524974823,19.09759521484375,set_-568934592498038349,reference,unlabelled,south,,19.85683212941607,3.3218054838575397,1,95.44938588633752,-0.1252875640622441,0.0508938444470579,0.2469762624743226,76.80079842659339,133.56747250998606,-1.0012651795591805,data/raw/cutouts/-569113513497799694_VIS.fits,0.6
-569116453507596885,56.911645393888506,-50.75968852185136,1869,21.6040096282959,0.2518307864665985,1,0.2668429017066955,0,3.562644720077514,0.0339940711855888,10.891287803649902,0.2186621576547622,set_-569003084507675615,reference,unlabelled,south,,20.56366409459509,3.271609301378832,1,38.33706518604332,0.0291294206649581,-0.0037020531629798,0.0110307219919246,38.337065186041016,85.78780192612129,1.2132667984987535,data/raw/cutouts/-569116453507596885_VIS.fits,0.1
-569195616493178190,56.91956161131456,-49.317819033117,3561,52.6629524230957,0.2966918349266052,1,0.2263945490121841,0,9.775627136230469,0.0456675663590431,25.30615425109864,0.2814417481422424,set_-569626044493122214,reference,unlabelled,south,,19.59623699215218,3.5515719736742537,1,103.00497855929297,0.0435350009415174,-0.0125020053028932,0.0340627381082843,103.00497855929538,177.5005113845594,1.0327038065886924,data/raw/cutouts/-569195616493178190_VIS.fits,0.2
-569227828497563364,56.92278286949089,-49.7563364238237,834,20.78612518310547,0.13423453271389,1,0.3993764817714691,0,6.339230060577393,0.0393755324184894,17.055652618408203,0.2511366605758667,set_-568919155497446978,reference,unlabelled,south,,20.605566153828065,2.921166050637739,1,83.12928670955573,-0.040689751539606,-0.0345216996757669,0.0541144914820051,83.1292867095566,154.8493130855486,1.0745795716112774,data/raw/cutouts/-569227828497563364_VIS.fits,0.0
-569332420491967616,56.93324207249624,-49.19676167436321,1337,21.3524227142334,0.1782839149236679,1,0.718616783618927,0,3.454830884933472,0.0285480320453643,1.3135403394699097,16.711185455322266,set_-569646194491927719,reference,unlabelled,south,,20.57638210350264,3.126131407261985,1,75.2015434758478,-0.1187991274899182,-0.0285968001781711,0.182106605438578,75.20154347584993,119.76640025756345,-1.0499584466349172,data/raw/cutouts/-569332420491967616_VIS.fits,0.0
-569380954497924981,56.93809545828947,-49.79249811828738,1921,33.56489562988281,0.2541159987449646,1,0.2866827249526977,0,4.44106388092041,0.0367448069155216,12.974553108215332,0.2035434246063232,set_-569380954497924981,candidate,B,south,102019587.0,20.08528674729153,3.2835273648616936,0,0.0,0.0,0.0,0.0,0.0,132.0849367834142,1.1640134697221067,data/raw/cutouts/-569380954497924981_VIS.fits,0.6
-569381219495998178,56.93812190358718,-49.599817875364536,1247,20.695068359375,0.1504424512386322,1,0.3115972876548767,0,5.186526775360107,0.0324519015848636,15.265522956848145,0.2382576465606689,set_-569381219495998178,candidate,A,south,102020056.0,20.61033283677845,3.0958664534785427,0,0.0,0.0,0.0,0.0,0.0,137.56136109846037,1.172087656014604,data/raw/cutouts/-569381219495998178_VIS.fits,0.9
-569392124497988715,56.9392124175211,-49.79887159087123,2343,42.84086227416992,0.2219103723764419,1,0.2197515815496444,0,7.024022579193115,0.0354464575648307,16.194833755493164,0.2324452400207519,set_-569380954497924981,reference,unlabelled,south,,19.82035449135902,3.369772288596963,1,23.09085412425323,-0.2649322559325107,0.0862449237352693,0.9662906856159093,23.090854124268503,193.0547987252079,0.9069764881134956,data/raw/cutouts/-569392124497988715_VIS.fits,0.0
-569571426487440793,56.95714260917783,-48.74407934750487,2199,46.41661071777344,0.2408704757690429,1,0.2887524664402008,0,10.16952133178711,0.0484280847012996,27.29154396057129,0.2943509817123413,set_-569571426487440793,candidate,A,south,102021008.0,19.733316435890856,3.3422252293607904,0,0.0,0.0,0.0,0.0,0.0,192.7036120536404,1.0718189850121531,data/raw/cutouts/-569571426487440793_VIS.fits,1.0
-569626044493122214,56.96260444200621,-49.31222141102203,3665,54.81749725341797,0.2439315617084503,1,0.1351756453514099,2,11.02883529663086,0.042216770350933,29.49884414672852,0.3153717815876007,set_-569626044493122214,candidate,C,south,102020056.0,19.55270199121066,3.564073978977147,0,0.0,0.0,0.0,0.0,0.0,224.7249059100292,1.068188370709179,data/raw/cutouts/-569626044493122214_VIS.fits,1.0
-569646194491927719,56.9646194163331,-49.19277194890964,1428,19.13936424255371,0.1687562465667724,1,0.088884636759758,0,4.369175434112549,0.0318298079073429,9.615370750427246,0.2044917047023773,set_-569646194491927719,candidate,C,south,102020529.0,20.69518123099256,3.154728207440156,0,0.0,0.0,0.0,0.0,0.0,113.41425655008727,0.8564163782986296,data/raw/cutouts/-569646194491927719_VIS.fits,1.0
-569692799504701286,56.9692799903464,-50.47012868801086,861,11.832893371582031,0.1233053803443908,1,0.2726812958717346,2,3.298346519470215,0.0301862433552742,13.254921913146973,0.2324638664722442,set_-570066171504686424,reference,unlabelled,south,,21.21727262243881,2.935003151453655,1,85.72027091522398,-0.1309959857221834,-0.0143868551912578,0.202140327517927,85.7202709152184,95.96412856059378,1.5102022338228491,data/raw/cutouts/-569692799504701286_VIS.fits,0.0
-569720297483496699,56.972029780448494,-48.34966994918775,746,8.738736152648926,0.1682429760694503,1,0.257400631904602,2,1.978368878364563,0.0283854510635137,7.741580963134766,0.1927997022867202,set_-569720297483496699,candidate,C,south,102021008.0,21.546378432607323,2.8727388274726686,0,0.0,0.0,0.0,0.0,0.0,51.94116483675132,1.4813059713903864,data/raw/cutouts/-569720297483496699_VIS.fits,0.8
-569828966487568294,56.9828966349034,-48.75682942517083,3095,42.36297607421875,0.2116336226463318,1,0.2475417107343673,2,8.452550888061523,0.0386027880012989,26.717191696166992,0.2979745864868164,set_-569571426487440793,reference,unlabelled,south,,19.832533843837613,3.490660653356137,1,76.44446648665912,0.0992174079467567,0.1484354239953464,0.6652157793464785,76.44446648666033,200.17129388279184,1.2495075311209916,data/raw/cutouts/-569828966487568294_VIS.fits,0.1
-569925274483547161,56.99252749975003,-48.35471614844568,746,7.364797115325928,0.1490385979413986,1,0.4657551646232605,0,1.7820881605148315,0.0268204137682914,4.954832077026367,0.1732183098793029,set_-569720297483496699,reference,unlabelled,south,,21.7320980313908,2.8727388274726686,1,52.2950549364606,0.185719598783475,0.0,0.3855865087755055,52.29505493646482,49.41536767691372,1.1102493889382197,data/raw/cutouts/-569925274483547161_VIS.fits,0.6
-570066171504686424,57.00661716619804,-50.46864240764122,890,10.487997055053713,0.187697023153305,1,0.1869862377643585,0,2.277141571044922,0.0328616350889205,4.742563247680664,0.1559241116046905,set_-570066171504686424,candidate,C,south,102019123.0,21.34826860816099,2.949390006644913,0,0.0,0.0,0.0,0.0,0.0,55.87726900968188,0.7965577491665353,data/raw/cutouts/-570066171504686424_VIS.fits,1.0
-570203012480561345,57.02030124857114,-48.05613453208488,1529,22.53392601013184,0.2172057777643203,1,0.2337150275707245,2,4.6185736656188965,0.0367301478981971,15.926257133483888,0.2552170753479004,set_-570203012480561345,candidate,C,south,102021491.0,20.517907840042906,3.1844074854123203,0,0.0,0.0,0.0,0.0,0.0,103.7445975980544,1.3440146207256578,data/raw/cutouts/-570203012480561345_VIS.fits,0.9
-570281220480520282,57.0281220923046,-48.05202828955671,1233,17.586654663085938,0.1466327756643295,1,0.2841972112655639,2,4.521836757659912,0.0337604619562625,15.829774856567385,0.2102162986993789,set_-570203012480561345,reference,unlabelled,south,,20.78704191067057,3.0909630765957314,1,23.931158320101424,0.2691340706276719,-0.0934444088165888,1.0236001919610178,23.931158320100188,119.93672344677672,1.3603996453911928,data/raw/cutouts/-570281220480520282_VIS.fits,0.5
-570394788479536587,57.0394788907291,-47.953658718613625,835,7.142311096191406,0.1564978063106537,1,0.195674791932106,0,1.50300133228302,0.0265781693160533,5.888850688934326,0.161299392580986,set_-570394788479536587,candidate,C,south,102021491.0,21.76540309313714,2.921686475483602,0,0.0,0.0,0.0,0.0,0.0,45.63841030470207,1.4826779435631532,data/raw/cutouts/-570394788479536587_VIS.fits,0.8
-570418404495253651,57.04184040165512,-49.52536511093643,751,10.396970748901367,0.1902448832988739,1,0.4078090488910675,0,2.145097494125366,0.0309208873659372,5.05303430557251,0.1483073979616165,set_-570473893495529203,reference,unlabelled,south,,21.357732944703024,2.8756399370041685,1,100.04241033095852,-0.0748279337898765,-0.0628797881723235,0.1696409077119451,100.04241033094422,54.65046191317414,0.9302630279434828,data/raw/cutouts/-570418404495253651_VIS.fits,0.2
-570473893495529203,57.047389353580535,-49.55292038766558,868,9.70455551147461,0.2023932933807373,1,0.1845503598451614,0,1.6352481842041016,0.0315625742077827,4.968536853790283,0.1400917768478393,set_-570473893495529203,candidate,C,south,102020056.0,21.4325608784929,2.938519725176492,0,0.0,0.0,0.0,0.0,0.0,47.94899746612965,1.2066120998975969,data/raw/cutouts/-570473893495529203_VIS.fits,0.2
-570564214479490894,57.056421401070224,-47.94908949633635,734,6.956997394561768,0.1510712951421737,1,0.2104057967662811,0,1.548513889312744,0.0263263657689094,3.018409252166748,0.1349160820245742,set_-570394788479536587,reference,unlabelled,south,,21.79394539822067,2.8656960599160706,1,44.03817510787911,0.0285423050835298,-0.0559904155675314,0.0890876683486788,44.03817510788237,46.05108725661294,0.7246575458072855,data/raw/cutouts/-570564214479490894_VIS.fits,0.0
-570874409500087063,57.08744098453443,-50.00870631811483,2117,43.890174865722656,0.2127854526042938,1,0.1303667873144149,2,8.260420799255371,0.0380831509828567,21.130863189697266,0.2686879336833954,set_-571125391500264340,reference,unlabelled,south,,19.794081722126165,3.325720858019412,1,86.27599726096679,-0.2910007015502387,-0.0117384032712442,0.9507309318878424,86.27599726096135,206.2649223833124,1.0197876666731494,data/raw/cutouts/-570874409500087063_VIS.fits,0.4
-571036503477683499,57.10365038302008,-47.76834996844637,895,21.676362991333008,0.1411381214857101,1,0.3825757205486297,0,6.839967250823975,0.0424341075122356,14.257683753967283,0.2073205113410949,set_-571345829477653406,reference,unlabelled,south,,20.56003396231057,2.951823035315912,1,75.62855517994163,-0.0763423760658241,-0.0879875188324383,0.2632061044245313,75.62855517994308,153.58262362538025,0.7974873878717565,data/raw/cutouts/-571036503477683499_VIS.fits,0.0
-571125391500264340,57.11253911941329,-50.026434030363895,2175,33.57121276855469,0.1951037496328354,1,0.164347842335701,0,7.880044937133789,0.0399020053446292,25.97660255432129,0.2633755505084991,set_-571125391500264340,candidate,C,south,102019587.0,20.085082423676404,3.337459261290656,0,0.0,0.0,0.0,0.0,0.0,172.06851652893477,1.295134138803293,data/raw/cutouts/-571125391500264340_VIS.fits,0.7
-571345829477653406,57.13458292532511,-47.76534068188999,1096,20.20456314086914,0.1580632627010345,1,0.1539987176656723,2,5.881515026092529,0.0415418855845928,15.31484603881836,0.2236532270908355,set_-571345829477653406,candidate,B,south,102021491.0,20.636376338376397,3.0398105541483504,0,0.0,0.0,0.0,0.0,0.0,127.82580085724692,1.0390585607002034,data/raw/cutouts/-571345829477653406_VIS.fits,1.0
-571533190501299116,57.153319005040274,-50.12991169551138,1459,30.11752891540528,0.1881627440452575,1,0.2672779858112335,0,7.849545478820801,0.0425346940755844,26.05989456176757,0.3306947350502014,set_-571978440501218561,reference,unlabelled,south,,20.202951660065185,3.1640552918934515,1,106.77620702969804,-0.0972746511913342,-0.084898323602256,0.2951050979372613,106.77620702970157,160.06106345983832,1.3028203605036317,data/raw/cutouts/-571533190501299116_VIS.fits,0.1
-571563915494454613,57.15639157512443,-49.44546134219178,4528,62.18617248535156,0.266042411327362,1,0.1083157435059547,0,14.228575706481934,0.0474555008113384,35.10149002075195,0.2974720597267151,set_-571893949494542827,reference,unlabelled,south,,19.415765432200224,3.6559064181802152,1,83.5147392094718,-0.0460367396904679,0.1202326147544652,0.390925414575378,83.51473920947487,233.7453347197046,0.9804103080277208,data/raw/cutouts/-571563915494454613_VIS.fits,0.8
-571845911487264917,57.18459116085328,-48.72649174418281,900,8.072312355041504,0.2037351280450821,1,0.2747784852981567,0,1.412245273590088,0.0266670789569616,2.479506015777588,0.1351767480373382,set_-571927441487167873,reference,unlabelled,south,,21.632505103967524,2.9542425094393248,1,39.94310152632729,0.2939471750012785,0.0033910505507783,0.961710230662746,39.94310152633117,39.62160297293101,0.6111375909280077,data/raw/cutouts/-571845911487264917_VIS.fits,0.2
-571893949494542827,57.18939491425552,-49.45428270613559,3433,59.60451126098633,0.2782709896564483,1,0.1816126853227615,0,10.451397895812988,0.0456335097551345,29.94404602050781,0.3425571918487549,set_-571893949494542827,candidate,C,south,102020056.0,19.46180217189069,3.53567380342575,0,0.0,0.0,0.0,0.0,0.0,214.19592223599628,1.142840248652183,data/raw/cutouts/-571893949494542827_VIS.fits,0.8
-571927441487167873,57.19274419849205,-48.71678734566422,893,10.582221031188965,0.1811617761850357,1,0.3423003852367401,0,2.3209340572357178,0.0323992297053337,7.898743152618408,0.1849689781665802,set_-571927441487167873,candidate,C,south,102021009.0,21.33855792896625,2.9508514588885464,0,0.0,0.0,0.0,0.0,0.0,58.41310045658007,1.3297379762506758,data/raw/cutouts/-571927441487167873_VIS.fits,0.9
-571928631495947554,57.19286316195864,-49.594755430177614,2134,34.345088958740234,0.2113198488950729,1,0.1175433620810508,2,7.777026176452637,0.0416822060942649,18.362627029418945,39.4479866027832,set_-571928631495947554,candidate,B,south,102020056.0,20.06033838600166,3.329194415088451,0,0.0,0.0,0.0,0.0,0.0,162.52656406068922,0.9328031311135792,data/raw/cutouts/-571928631495947554_VIS.fits,1.0
-571978440501218561,57.19784409929741,-50.121856123107,1774,27.53654670715332,0.2318409979343414,1,0.2729038298130035,0,5.83010721206665,0.0406396947801113,18.75685691833496,0.2829092442989349,set_-571978440501218561,candidate,C,south,102019587.0,20.30022631125652,3.2489536154957075,0,0.0,0.0,0.0,0.0,0.0,118.77341347086428,1.2687088107157072,data/raw/cutouts/-571978440501218561_VIS.fits,0.7
-572018127490440055,57.201812719288654,-49.04400555262415,1642,32.24879837036133,0.2150939851999282,1,0.0347073748707771,0,7.043796062469482,0.0430369079113006,17.540178298950195,0.2724978625774383,set_-572303674490459976,reference,unlabelled,south,,20.12871615767596,3.215373152783422,1,67.7606439141182,-0.0040598451618976,-0.1244756302542149,0.3914741756843572,67.76064391411745,149.92887104856194,0.9905680757241598,data/raw/cutouts/-572018127490440055_VIS.fits,0.8
-572061522490858151,57.20615224411396,-49.08581510618263,4864,80.08480834960938,0.3275319635868072,1,0.1902685910463333,0,15.455503463745115,0.0562942922115325,36.17776107788086,0.3884109258651733,set_-572061522490858151,candidate,C,south,102020530.0,19.141124648480577,3.6869935662646784,0,0.0,0.0,0.0,0.0,0.0,244.50990209504897,0.923396323779794,data/raw/cutouts/-572061522490858151_VIS.fits,1.0
-572135240496153431,57.21352403489648,-49.61534318955451,2102,31.302961349487305,0.2570047378540039,1,0.1019478067755699,2,3.801570415496826,0.0299483761191368,8.477615356445312,0.1738892793655395,set_-571928631495947554,reference,unlabelled,south,,20.16103643753123,3.3226327116922234,1,88.41134971003495,0.1006980515295694,-0.0065617033962275,0.1204455958186944,88.4113497100292,121.79916063364368,0.870776671983121,data/raw/cutouts/-572135240496153431_VIS.fits,0.1
-572303674490459976,57.230367495986805,-49.04599764138084,2187,32.12843704223633,0.2649468183517456,1,0.1009236797690391,2,4.988274097442627,0.0390451624989509,16.19576072692871,0.2589070796966553,set_-572303674490459976,candidate,B,south,102020530.0,20.13277600283785,3.339848783037637,0,0.0,0.0,0.0,0.0,0.0,121.26372093127893,1.2786276068294695,data/raw/cutouts/-572303674490459976_VIS.fits,1.0
-572351831490836129,57.23518317299146,-49.08361290959167,4812,77.93695068359375,0.3365765213966369,1,0.2912931740283966,2,13.222431182861328,0.051297478377819,29.2067985534668,0.3498497605323791,set_-572061522490858151,reference,unlabelled,south,,19.17064147541899,3.6823256186678073,1,68.90649931893878,0.029516826938412,-0.0046679475968711,0.0142959572479066,68.90649931894345,231.55789465109285,0.8604315996428618,data/raw/cutouts/-572351831490836129_VIS.fits,0.6
-572366304493015831,57.2366304007054,-49.30158314012709,728,8.250110626220703,0.1036107465624809,1,0.0450068674981594,2,2.1357016563415527,0.0243056546896696,8.229438781738281,0.2052671015262603,set_-572366304493015831,candidate,B,south,102020056.0,21.608850569826675,2.862131379313037,0,0.0,0.0,0.0,0.0,0.0,79.62601274420504,1.4645740860495633,data/raw/cutouts/-572366304493015831_VIS.fits,0.9
-572786830493076018,57.278683029677424,-49.30760184993146,799,9.526359558105469,0.1472500413656234,1,0.6375975012779236,2,1.633320450782776,0.0244387052953243,2.4785876274108887,0.1321032345294952,set_-572366304493015831,reference,unlabelled,south,,21.452682576808552,2.902546779313991,1,101.06166195531216,-0.1561679930181227,0.040415400000954,0.320574198634672,101.06166195531291,64.69512313719096,0.4528321939094859,data/raw/cutouts/-572786830493076018_VIS.fits,0.2
-572817886502615247,57.28178862196068,-50.26152473719653,739,10.844534873962402,0.113087311387062,1,0.3862414062023163,0,3.200104236602783,0.0289294496178627,10.71782112121582,0.219288021326065,set_-572893989502570421,reference,unlabelled,south,,21.31197267574582,2.868644438394825,1,23.81605963301473,-0.0130161410104037,-0.0932510352730249,0.219762619723733,23.81605963301315,95.89524006672151,1.3123559492221413,data/raw/cutouts/-572817886502615247_VIS.fits,0.0
-572893989502570421,57.28939899045425,-50.25704215991417,916,10.715303421020508,0.1412133276462555,1,0.0422402657568454,0,2.7694408893585205,0.0287243295460939,8.542661666870117,0.1649820357561111,set_-572893989502570421,candidate,B,south,102019124.0,21.324988816756225,2.9618954736678504,0,0.0,0.0,0.0,0.0,0.0,75.88025577771761,1.223002765927543,data/raw/cutouts/-572893989502570421_VIS.fits,0.9
-573251845489355214,57.32518453097538,-48.93552146135102,1589,21.68253517150879,0.1895020902156829,1,0.3947333991527557,512,4.283300876617432,0.0311191510409116,7.192630290985107,0.1457575410604477,set_-573288929489581336,reference,unlabelled,south,,20.55972485115653,3.2011238972073794,1,81.87470438557378,-0.0263939088005038,0.0052242447981458,0.0141698879281265,81.87470438559791,114.41844861357828,0.5627728889318449,data/raw/cutouts/-573251845489355214_VIS.fits,0.1
-573288929489581336,57.32889294544445,-48.95813364855251,1570,21.161794662475582,0.1934830695390701,1,0.2654837965965271,514,3.2580580711364746,0.034420009702444,8.943585395812988,0.1612662523984909,set_-573288929489581336,candidate,C,south,102020530.0,20.58611875995704,3.1958996524092336,0,0.0,0.0,0.0,0.0,0.0,109.37284958776392,1.0963820931701087,data/raw/cutouts/-573288929489581336_VIS.fits,0.8
-573379534495223440,57.337953416835866,-49.52234409795684,1476,29.93990898132324,0.2018073946237564,1,0.2124117910861969,2,6.257814884185791,0.0405996963381767,17.093915939331055,0.2045080810785293,set_-573379534495223440,candidate,B,south,102020056.0,20.20937381066454,3.1690863574870227,0,0.0,0.0,0.0,0.0,0.0,148.358830146647,1.091047130128937,data/raw/cutouts/-573379534495223440_VIS.fits,0.9
-573527773495095714,57.35277735955926,-49.50957147821431,1446,32.0683708190918,0.1786071062088012,1,0.2280484735965728,0,6.162214279174805,0.032691366970539,11.67157745361328,0.1965641975402832,set_-573379534495223440,reference,unlabelled,south,,20.134807757822408,3.160168292958512,1,57.57364916201729,-0.0745660528421332,-0.0089180645285105,0.0666089864329505,57.57364916202464,179.54700403466686,0.6934819009907461,data/raw/cutouts/-573527773495095714_VIS.fits,0.2
-573684731492242735,57.368473105185366,-49.22427356047754,955,13.830729484558104,0.1489551067352295,1,0.5367398858070374,0,3.049201250076294,0.0286482665687799,5.340646266937256,0.1342555433511734,set_-573778520491991572,reference,unlabelled,south,,21.047887282415957,2.9800033715837464,1,93.07003073988672,0.2050629801732419,-0.1346076126484265,0.9276379278823328,93.07003073989996,92.85166375089432,0.6085193116479521,data/raw/cutouts/-573684731492242735_VIS.fits,0.0
-573778520491991572,57.37785204691475,-49.19915728794216,1302,16.705915451049805,0.1556239575147628,1,0.0924146994948387,2,4.080368518829346,0.0307429637759923,13.561970710754396,0.2284096777439117,set_-573778520491991572,candidate,C,south,102020530.0,20.84282430224271,3.114610984232173,0,0.0,0.0,0.0,0.0,0.0,107.3479669700923,1.3040585347733709,data/raw/cutouts/-573778520491991572_VIS.fits,0.4
-573907589479199428,57.39075896207704,-47.91994282884752,4377,107.81024169921876,0.2908424437046051,1,0.1736102104187011,2,20.03713798522949,0.058451909571886,51.15538787841797,0.3873693943023681,set_-573907589479199428,candidate,C,south,102021492.0,18.818349950791124,3.641176546613114,0,0.0,0.0,0.0,0.0,0.0,370.6826291444468,1.0176392325947543,data/raw/cutouts/-573907589479199428_VIS.fits,1.0
-574185730479152493,57.41857300179316,-47.915249327684535,4898,91.03688049316406,0.3716702759265899,1,0.2597835958003998,2,9.803478240966797,0.0446361191570758,17.78238296508789,0.2306739836931228,set_-573907589479199428,reference,unlabelled,south,,19.001956581014223,3.6900187807886953,1,69.20182920496478,0.1836066302230996,0.0488422341755812,0.438315851797148,69.20182920496073,244.939900739184,0.6465244245435585,data/raw/cutouts/-574185730479152493_VIS.fits,0.1
-574294717499386661,57.42947170692581,-49.93866611816851,2032,30.94011116027832,0.6359866261482239,1,0.98158860206604,256,0.2351382821798324,0.0281571559607982,0.6997109055519104,0.105798915028572,set_-574476457499273467,reference,unlabelled,south,,20.173695325799063,3.307923703611882,1,58.60152597313002,0.1134095167882307,0.0594599860608497,0.2342394524188853,58.60152597312914,48.64899651689748,1.1839882542190288,data/raw/cutouts/-574294717499386661_VIS.fits,0.2
-574476457499273467,57.44764575477881,-49.92734670639595,1772,34.34675216674805,0.2064156681299209,1,0.1129373013973236,0,6.397693634033203,0.0370645113289356,12.265019416809082,0.1699562519788742,set_-574476457499273467,candidate,C,south,102019588.0,20.060285809010832,3.248463717551032,0,0.0,0.0,0.0,0.0,0.0,166.39605160752487,0.7066120021600731,data/raw/cutouts/-574476457499273467_VIS.fits,0.7
-574743096508780858,57.47430967033932,-50.87808583470103,2567,50.01219177246094,0.1964160501956939,1,0.2327532172203064,0,12.808072090148926,0.0457973107695579,30.1837158203125,0.2683487236499786,set_-574743096508780858,candidate,C,south,102018665.0,19.652310280456103,3.409425868671444,0,0.0,0.0,0.0,0.0,0.0,254.62375260388663,0.9307223499696472,data/raw/cutouts/-574743096508780858_VIS.fits,0.9
-574785620508708581,57.47856201651344,-50.87085812984363,1943,41.02436447143555,0.1770175695419311,1,0.0854005217552185,0,10.518309593200684,0.042148120701313,23.055644989013672,0.2553639113903045,set_-574743096508780858,reference,unlabelled,south,,19.867395345229312,3.2884728005997825,1,27.755027354181923,0.2150850647732092,-0.1209530680716608,0.8804191727031662,27.75502735420014,231.753065967375,0.852078316687457,data/raw/cutouts/-574785620508708581_VIS.fits,0.3
-574820892501854793,57.48208921808456,-50.185479312397824,1339,27.003870010375977,0.1788040548563003,1,0.0908297374844551,0,6.651768684387207,0.0422091074287891,15.506267547607422,0.2381901144981384,set_-574820892501854793,candidate,C,south,102019588.0,20.321434978147856,3.126780577012009,0,0.0,0.0,0.0,0.0,0.0,151.02493079409308,0.91892533722014,data/raw/cutouts/-574820892501854793_VIS.fits,1.0
-575001785501641779,57.500178559329,-50.16417793680112,1599,34.729591369628906,0.1938621550798416,1,0.4952020347118377,2,7.525575160980225,0.0372710153460502,20.87516975402832,0.2955905497074127,set_-574820892501854793,reference,unlabelled,south,,20.048250816482614,3.2038484637462346,1,87.29291188672755,-0.2731841616652382,0.0770678867342256,0.9842370702084132,87.29291188670474,179.14580262107174,1.1077257955316318,data/raw/cutouts/-575001785501641779_VIS.fits,0.1
-575123866506573949,57.51238661199929,-50.65739499043198,1090,16.14751625061035,0.17331363260746,1,0.2167977094650268,0,3.608421802520752,0.0380167067050933,11.113978385925291,0.2048044353723526,set_-575273324506506463,reference,unlabelled,south,,20.87973567429337,3.037426497940624,1,41.87965889276319,-0.0563082415890399,-0.1322479361181829,0.4739706964184159,41.8796588927862,93.16933704334178,1.221380624084249,data/raw/cutouts/-575123866506573949_VIS.fits,0.1
-575195338491035290,57.51953389493469,-49.10352902796953,1426,22.750938415527344,0.178609162569046,1,0.1570936143398285,2,5.703854560852051,0.0387226305902004,16.612876892089844,0.2487253248691558,set_-575195338491035290,candidate,C,south,102020530.0,20.50750171287102,3.154119525515847,0,0.0,0.0,0.0,0.0,0.0,127.37833876093777,1.1606910090463185,data/raw/cutouts/-575195338491035290_VIS.fits,0.8
-575273324506506463,57.52733241758153,-50.65064636087737,1478,15.331421852111816,0.2416458427906036,1,0.2309487015008926,0,2.4864540100097656,0.0298854410648345,4.28111743927002,0.1501536965370178,set_-575273324506506463,candidate,C,south,102019124.0,20.93604391588241,3.1696744340588068,0,0.0,0.0,0.0,0.0,0.0,63.445833270126414,0.5899417767276731,data/raw/cutouts/-575273324506506463_VIS.fits,0.6
-575314036490778041,57.53140364175216,-49.07780411166877,1169,18.9985408782959,0.1661194562911987,1,0.1756467670202255,2,4.690067291259766,0.0361040718853473,15.832319259643556,0.2405683696269989,set_-575195338491035290,reference,unlabelled,south,,20.703199380886097,3.06781451116184,1,96.74506311581692,0.1956976680150788,-0.0863050143540067,0.6197668784883222,96.74506311582388,114.3667412743782,1.3209136625307727,data/raw/cutouts/-575314036490778041_VIS.fits,0.8
-576258264485990619,57.62582641561993,-48.59906199389175,748,8.888472557067871,0.1550444960594177,1,0.0916663184762001,0,2.0121662616729736,0.0286008697003126,4.511332511901856,0.1328745633363723,set_-576321225486265981,reference,unlabelled,south,,21.527932160294167,2.873901597864461,1,100.25633383058424,-0.1599086593223297,-0.0539818124662452,0.3655880697453453,100.25633383059125,57.32852686148589,0.8766024387839068,data/raw/cutouts/-576258264485990619_VIS.fits,0.7
-576321225486265981,57.632122572245386,-48.62659811554203,847,7.671206474304199,0.1887103468179702,1,0.091877743601799,0,1.3215506076812744,0.0287586729973554,5.86691427230835,0.1667307317256927,set_-576321225486265981,candidate,C,south,102021009.0,21.687840819616497,2.9278834103307068,0,0.0,0.0,0.0,0.0,0.0,40.65069352929459,1.6183148589860463,data/raw/cutouts/-576321225486265981_VIS.fits,0.9
-576731213511114485,57.673121347036805,-51.11144854158032,945,17.977676391601562,0.1289712190628051,1,0.0563907027244567,0,5.481800079345703,0.0354680307209491,14.674997329711914,0.2482861876487732,set_-576731213511114485,candidate,B,south,102018665.0,20.76316610346437,2.975431808509263,0,0.0,0.0,0.0,0.0,0.0,139.39293217696095,1.0691370951875925,data/raw/cutouts/-576731213511114485_VIS.fits,1.0
-577180676510017164,57.71806767526709,-51.00171647049535,887,14.98453426361084,0.1458245366811752,1,0.1460082978010177,0,3.613680601119995,0.0332735925912857,9.867188453674316,0.2072934955358505,set_-577180676510017164,candidate,C,south,102018665.0,20.96089187718909,2.9479236198317262,0,0.0,0.0,0.0,0.0,0.0,102.75729040286556,1.090609146315419,data/raw/cutouts/-577180676510017164_VIS.fits,0.9
-577205453511092354,57.72054530878377,-51.1092354644266,964,18.43432235717773,0.1402977854013443,1,0.1600468605756759,0,4.8729567527771,0.0328787192702293,13.654205322265623,0.1814160645008087,set_-576731213511114485,reference,unlabelled,south,,20.735932055905103,2.984077033902831,1,107.48148638353176,-0.0272340475592685,0.0086452253935678,0.0200137446964509,107.48148638353658,131.394250482596,1.1186846802967505,data/raw/cutouts/-577205453511092354_VIS.fits,0.2
-577327079504853210,57.732707979879656,-50.485321043143685,5255,116.60662841796876,0.3358713686466217,1,0.6446425318717957,2,11.752305030822754,0.0426664017140865,21.332582473754883,0.2014611810445785,set_-577418001504716041,reference,unlabelled,south,,18.733191904312843,3.720572720364261,1,53.59412813537036,-0.2761093924793805,-0.1130205736341953,1.1688748856216664,53.59412813537012,347.1764470065723,0.6473009457463932,data/raw/cutouts/-577327079504853210_VIS.fits,0.0
-577418001504716041,57.74180015037581,-50.47160415517531,6817,90.4231185913086,0.3820321559906006,1,0.2114167958498001,2,11.817194938659668,0.0443892739713192,34.6971435546875,0.3262993395328522,set_-577418001504716041,candidate,C,south,102019124.0,19.009301296792223,3.833593293998456,0,0.0,0.0,0.0,0.0,0.0,236.689810460702,1.1694483078528508,data/raw/cutouts/-577418001504716041_VIS.fits,1.0
-577635538510092728,57.763553806657846,-51.00927280304752,783,14.11322784423828,0.1338094472885131,1,0.2970124781131744,0,3.8995437622070312,0.0352810472249984,7.594329833984375,0.1817598789930343,set_-577180676510017164,reference,unlabelled,south,,21.025934117878183,2.8937617620579434,1,106.56940800113044,0.0650422406890918,-0.0541618577737827,0.1300799797159,106.56940800110765,105.4725815719727,0.7236891419882561,data/raw/cutouts/-577635538510092728_VIS.fits,0.1
-577646036477033395,57.76460363684858,-47.703339537723664,787,10.537328720092772,0.1240177750587463,1,0.1455317735671997,2,2.665526390075684,0.0284177288413047,11.094049453735352,0.1764069944620132,set_-577646036477033395,candidate,A,south,102021980.0,21.343173678966192,2.8959747323590648,0,0.0,0.0,0.0,0.0,0.0,84.96627773802035,1.548267777183805,data/raw/cutouts/-577646036477033395_VIS.fits,0.9
-577741520477304071,57.77415204378929,-47.730407127920486,734,9.235919952392578,0.1391729861497879,1,0.5417927503585815,130,1.924728989601136,0.0262906216084957,5.213164329528809,0.1456781029701233,set_-577646036477033395,reference,unlabelled,south,,21.486299599409037,2.8656960599160706,1,100.15014421469073,0.1431259204428414,-0.0302786724429942,0.2591305370192353,100.15014421468884,66.36287837103833,1.0818295685790869,data/raw/cutouts/-577741520477304071_VIS.fits,0.0
-577958088474341848,57.79580888794381,-47.434184868309735,1413,13.411112785339355,0.1831160634756088,1,0.4712814092636108,0,2.815673351287842,0.0294371601194143,8.30178451538086,0.1872803419828415,set_-578068796474300296,reference,unlabelled,south,,21.08133796281284,3.1501421618485588,1,30.83212056905264,0.0754617473541259,-0.0100261311099534,0.0666000336930889,30.832120569047987,73.23831962522353,1.1739729648650274,data/raw/cutouts/-577958088474341848_VIS.fits,1.0
-577964724486827091,57.79647243720299,-48.68270918846272,1281,25.379268646240234,0.1584973037242889,1,0.6385767459869385,2,5.840592861175537,0.0348288640379905,14.714472770690918,0.2603004872798919,set_-578130072487019526,reference,unlabelled,south,,20.388802242785967,3.1075491297446862,1,79.6440574002817,-0.1078757077650252,-0.0632990738986229,0.2349094401225292,79.64405740026895,160.1242926528787,1.0032194309169835,data/raw/cutouts/-577964724486827091_VIS.fits,0.0
-578000266487277937,57.80002668793325,-48.72779376378396,1795,42.24922943115234,0.2144256383180618,1,0.5407496690750122,2,9.028928756713867,0.0439424216747283,19.790246963500977,41.4913444519043,set_-578160193487060422,reference,unlabelled,south,,19.83545301896621,3.254064452914338,1,87.03261041827865,-0.0785215748121856,-0.0079117384834743,0.0765660389888742,87.03261041827287,197.03441138173605,0.8520374690305712,data/raw/cutouts/-578000266487277937_VIS.fits,0.2
-578068796474300296,57.8068796597756,-47.43002968042107,1446,14.376379013061523,0.2017563730478286,1,0.0557208433747291,0,2.4219751358032227,0.0269981827586889,6.942670822143555,0.1647597253322601,set_-578068796474300296,candidate,C,south,102021980.0,21.00587621545872,3.160168292958512,0,0.0,0.0,0.0,0.0,0.0,71.2561333051593,1.1433922347511485,data/raw/cutouts/-578068796474300296_VIS.fits,0.5
-578130072487019526,57.81300726845495,-48.70195269063586,1482,22.978878021240234,0.1793998479843139,1,0.1995561122894287,386,4.38681173324585,0.034668531268835,8.592647552490234,0.1948421746492386,set_-578130072487019526,candidate,C,south,102021009.0,20.496677950550996,3.170848203643309,0,0.0,0.0,0.0,0.0,0.0,128.08749995846946,0.7299450054103949,data/raw/cutouts/-578130072487019526_VIS.fits,1.0
-578160193487060422,57.816019370915015,-48.70604224916645,1828,39.30159378051758,0.2004953175783157,1,0.0468825697898864,2,9.049571990966797,0.044809017330408,17.05039405822754,0.1998269706964492,set_-578160193487060422,candidate,C,south,102021009.0,19.913974593778395,3.2619761913978125,0,0.0,0.0,0.0,0.0,0.0,196.02250194778708,0.6877659532884501,data/raw/cutouts/-578160193487060422_VIS.fits,0.8
-578795119506277554,57.879511907332,-50.62775540071755,1072,19.46686172485352,0.1627373546361923,1,0.5510414838790894,2,5.5602545738220215,0.0391027890145778,13.36508846282959,0.2457820177078247,set_-578795119506277554,candidate,C,south,102019124.0,20.67676013987392,3.030194785356751,0,0.0,0.0,0.0,0.0,0.0,119.62134795894087,0.9521929041369056,data/raw/cutouts/-578795119506277554_VIS.fits,0.9
-578891780506239738,57.88917804200611,-50.6239738127579,1148,16.97930908203125,0.1773937493562698,1,0.1412591934204101,2,3.301023483276367,0.028478855267167,4.80638313293457,0.1504047662019729,set_-578795119506277554,reference,unlabelled,south,,20.825199964848277,3.059941888061955,1,25.93550889884573,0.1484398249743534,0.0297471027052038,0.2675254051235284,25.93550889882911,95.71537409658528,0.407924432583803,data/raw/cutouts/-578891780506239738_VIS.fits,0.2
-578971794500020297,57.897179491933954,-50.00202976923275,1411,24.229326248168945,0.1652760654687881,1,0.4290464222431183,0,5.587118625640869,0.0335347913205623,16.94417953491211,0.2478730827569961,set_-578971794500020297,candidate,C,south,102019588.0,20.439146655614824,3.149527013754348,0,0.0,0.0,0.0,0.0,0.0,146.5991229852007,1.2045816300863224,data/raw/cutouts/-578971794500020297_VIS.fits,0.9
-579149280500004803,57.91492804513878,-50.00048031853568,1489,25.39911460876465,0.1584493070840835,1,0.133955031633377,0,7.023630142211914,0.0371307507157325,18.70280838012696,0.272947609424591,set_-578971794500020297,reference,unlabelled,south,,20.38795355561844,3.1728946977521764,1,41.44677617493664,-0.0511930999963858,0.0233676839978285,0.0442432442061398,41.4467761749264,160.2980478500056,1.06336297588364,data/raw/cutouts/-579149280500004803_VIS.fits,0.2
-579267174476376192,57.92671748276713,-47.63761927615265,764,7.802080154418945,0.1338669508695602,1,0.1988967806100845,2,1.855647683143616,0.0269789062440395,4.798939228057861,0.1246495321393013,set_-579267174476376192,candidate,C,south,102021980.0,21.66947398072737,2.8830933585756897,0,0.0,0.0,0.0,0.0,0.0,58.2823475379019,1.0316243162685783,data/raw/cutouts/-579267174476376192_VIS.fits,0.6
-579460447477747720,57.94604475103274,-47.77477209107829,5915,110.93551635742188,0.3183459341526031,1,0.3319102823734283,130,19.58571052551269,0.0539784617722034,48.07611846923828,0.3530945777893066,set_-579460447477747720,candidate,B,south,102021492.0,18.78732347708265,3.771954748963949,0,0.0,0.0,0.0,0.0,0.0,348.4747391315624,0.9749751632428733,data/raw/cutouts/-579460447477747720_VIS.fits,1.0
-579543869477457137,57.9543869687764,-47.74571371758543,6080,98.09661102294922,0.43629190325737,1,0.1502259075641632,0,10.129731178283691,0.0465717688202858,14.620368957519531,0.2057512551546096,set_-579460447477747720,reference,unlabelled,south,,18.920864990200887,3.783903579272735,1,106.5404112915312,0.1335415131182316,0.011948830308786,0.2114490706446652,106.5404112915103,224.8416949536689,0.3984010307499852,data/raw/cutouts/-579543869477457137_VIS.fits,0.1
-579571013500211216,57.957101342766,-50.02112163812004,1601,44.61239242553711,0.1770679950714111,1,0.0844128131866455,0,11.713419914245604,0.0478545315563678,26.104480743408203,5.1788740158081055,set_-579701082500360056,reference,unlabelled,south,,19.776361215637888,3.2043913319193,1,61.44843771742374,-0.1862893345890803,-0.1618447917989933,1.0436774969260254,61.44843771741476,251.9506272578793,0.870078365732277,data/raw/cutouts/-579571013500211216_VIS.fits,0.5
-579684312499893775,57.96843123971611,-49.98937754845216,1402,28.22638320922852,0.1963081657886505,1,0.2259180843830108,2,6.612056732177734,94.24553680419922,15.969416618347168,0.260897159576416,set_-579917956499934487,reference,unlabelled,south,,20.27336191665043,3.14674801363064,1,56.02661850446967,0.0505371378945511,-0.1982334002966181,1.0134809993439249,56.02661850447661,143.78608804086954,0.9573811998194272,data/raw/cutouts/-579684312499893775_VIS.fits,1.0
-579687133476450571,57.96871337222189,-47.64505712542047,787,8.983246803283691,0.1442868709564209,1,0.6736760139465332,0,2.050688505172729,0.0269302111119031,4.716997623443604,0.1270045787096023,set_-579267174476376192,reference,unlabelled,south,,21.51641667116593,2.8959747323590648,1,105.3244290707051,-0.1530573095614364,0.012881373783375,0.2739537950818106,105.32442907070772,62.25962725324406,0.9044149009557774,data/raw/cutouts/-579687133476450571_VIS.fits,0.1
-579701082500360056,57.970108263598846,-50.03600562539267,2324,37.57852935791016,0.3609723448753357,1,0.2066693902015686,0,5.375800609588623,0.0504462420940399,17.813430786132812,0.253109335899353,set_-579701082500360056,candidate,C,south,102019588.0,19.962650550226968,3.366236123718293,0,0.0,0.0,0.0,0.0,0.0,104.10362425655674,1.3007610461673442,data/raw/cutouts/-579701082500360056_VIS.fits,1.0
-579748975508746611,57.97489758731064,-50.87466118284803,2418,42.61704635620117,0.2164748758077621,1,0.3373226225376129,0,9.37910270690918,0.0413555055856704,22.716588973999023,0.2886694669723511,set_-579859279508531437,reference,unlabelled,south,,19.826041632662815,3.383456296524753,1,81.4163770464328,-0.1223988144830343,0.0442036624920532,0.2209928486342894,81.41637704643067,196.86832569912977,0.960454571134588,data/raw/cutouts/-579748975508746611_VIS.fits,0.0
-579859279508531437,57.9859279150053,-50.8531437640506,2184,38.07358932495117,0.2149232774972915,1,0.3659282624721527,2,9.095101356506348,0.0429883599281311,26.78428077697754,0.334464281797409,set_-579859279508531437,candidate,A,south,102018666.0,19.948440447145853,3.3392526340327,0,0.0,0.0,0.0,0.0,0.0,177.1496776352249,1.1726811144146516,data/raw/cutouts/-579859279508531437_VIS.fits,1.0
-579917956499934487,57.99179562753764,-49.99344870600257,2213,29.571277618408203,0.258325845003128,1,0.6652022004127502,2,0.9819849729537964,0.0257800407707691,3.3257973194122314,37.76834487915039,set_-579917956499934487,candidate,C,south,102019588.0,20.22282477875588,3.344981413927258,0,0.0,0.0,0.0,0.0,0.0,114.47277998084216,1.3244773424671203,data/raw/cutouts/-579917956499934487_VIS.fits,0.8
-580032014474335281,58.00320140773472,-47.43352814915031,2889,38.424442291259766,0.2646869122982025,1,0.08107740432024,2,5.001091480255127,0.0323011800646781,9.267661094665527,0.1477719992399215,set_-580137542474502646,reference,unlabelled,south,,19.93848106829443,3.460747541844197,1,65.50119265781568,-0.2127430672927275,0.1043392148052158,0.7787297108240504,65.50119265782162,145.16940772640046,0.6697633627741072,data/raw/cutouts/-580032014474335281_VIS.fits,0.1
-580137542474502646,58.013754224043225,-47.45026461543174,2272,31.587142944335938,0.2526213228702545,1,0.0996008738875389,2,5.892065525054932,0.0419344156980514,21.539520263671875,0.2589317858219147,set_-580137542474502646,candidate,C,south,102021980.0,20.15122413558716,3.3564083270389813,0,0.0,0.0,0.0,0.0,0.0,125.03751696589362,1.4074211458931674,data/raw/cutouts/-580137542474502646_VIS.fits,1.0
-580195664508124988,58.01956646581446,-50.81249880450096,751,7.581122398376465,0.1485260277986526,1,0.2402432411909103,0,1.6644482612609863,0.0278221871703863,4.345071315765381,0.1530309468507766,set_-580195664508124988,candidate,C,south,102018666.0,21.70066622888306,2.8756399370041685,0,0.0,0.0,0.0,0.0,0.0,51.0423830135262,1.0418165227630736,data/raw/cutouts/-580195664508124988_VIS.fits,0.7
-580215503482587951,58.0215503436963,-48.258795158130965,754,13.532378196716309,0.1539996564388275,1,0.6165640354156494,386,3.825065851211548,0.0512329451739788,5.2980637550354,0.142603650689125,set_-580553783482399812,reference,unlabelled,south,,21.07156468312727,2.877371345869774,1,105.65683904925916,-0.138871556218902,0.0182330485752428,0.2321631024683759,105.6568390492528,87.87278172981969,0.3536956597482048,data/raw/cutouts/-580215503482587951_VIS.fits,0.1
-580553783482399812,58.05537835500126,-48.2399812580102,723,11.907634735107422,0.1498813927173614,1,0.0974273756146431,0,3.043198347091675,0.0336016118526458,10.872553825378418,0.2049837708473205,set_-580553783482399812,candidate,A,south,102021492.0,21.210436239346173,2.859138297294531,0,0.0,0.0,0.0,0.0,0.0,79.44705156004406,1.382503267446206,data/raw/cutouts/-580553783482399812_VIS.fits,1.0
-580561512508246068,58.05615125537791,-50.82460685633953,922,7.634045124053955,0.206504225730896,1,0.6017848253250122,2,1.276651382446289,0.0315353609621524,2.089798927307129,0.1404240727424621,set_-580195664508124988,reference,unlabelled,south,,21.69311319327352,2.964730921053629,1,93.9343233134419,-0.0075530356095363,0.0890909840494607,0.2066288202595886,93.93432331342768,36.967985023232345,0.5350804551581505,data/raw/cutouts/-580561512508246068_VIS.fits,0.2
-581199679484613010,58.119967906294704,-48.46130106505595,912,9.232906341552734,0.1697883903980255,1,0.1739706546068191,2,1.6918578147888184,0.02964280359447,5.04278039932251,0.1544925272464752,set_-581199679484613010,candidate,B,south,102021010.0,21.48665392473245,2.959994838328416,0,0.0,0.0,0.0,0.0,0.0,54.37890258520352,1.185765485916471,data/raw/cutouts/-581199679484613010_VIS.fits,1.0
-581409519484642340,58.140951920375485,-48.464234001326886,852,9.378772735595703,0.1817934662103653,1,0.7677479386329651,0,1.5055385828018188,0.030012559145689,4.351282596588135,0.1631519049406051,set_-581199679484613010,reference,unlabelled,south,,21.469634969358765,2.9304395947667,1,51.193376153088245,-0.0170189553736896,-0.0295552435617159,0.0273029673694439,45.1664755355478,51.59026301166898,1.1523134998901396,data/raw/cutouts/-581409519484642340_VIS.fits,0.0
-582019329494705421,58.20193296550151,-49.470542185359534,2180,29.90357208251953,0.207047089934349,1,0.2662537693977356,2,5.238087177276611,0.0354335941374301,18.104516983032227,0.2637489140033722,set_-582019329494705421,candidate,A,south,102020057.0,20.210692326591325,3.3384564936046046,0,0.0,0.0,0.0,0.0,0.0,144.4288451095904,1.3465355512815251,data/raw/cutouts/-582019329494705421_VIS.fits,0.9
-582091641489802319,58.20916417761583,-48.98023195166511,1318,19.081079483032227,0.1868683099746704,1,0.0755457356572151,0,4.252823352813721,0.0356075055897235,15.621177673339844,0.2284861952066421,set_-582091641489802319,candidate,C,south,102020531.0,20.69849264846886,3.119915410257991,0,0.0,0.0,0.0,0.0,0.0,102.10976642116914,1.4125910699941102,data/raw/cutouts/-582091641489802319_VIS.fits,0.9
-582119010494691925,58.21190109569908,-49.4691925873041,1898,27.6312255859375,0.2053596228361129,1,0.3211061656475067,0,5.067862510681152,0.0323641523718833,16.975051879882812,0.2491048872470855,set_-582019329494705421,reference,unlabelled,south,,20.296499628696303,3.2782962080912736,1,23.820711949826023,0.0858073021049783,-0.0601602855133309,0.1727778987086567,23.820711949828542,134.5504301397582,1.312465715371507,data/raw/cutouts/-582119010494691925_VIS.fits,0.8
-582121045484412055,58.2121045764791,-48.44120552358449,835,9.68720817565918,0.2177883833646774,1,0.3893150687217712,0,2.155269861221313,841.4607543945312,3.1113440990448,0.1324103474617004,set_-582354431484549954,reference,unlabelled,south,,21.434503418210173,2.921686475483602,1,74.63417714359005,-0.0338242911815989,0.0716532177938331,0.1458422206939898,74.63417714358425,44.47991222487914,0.3986159716641183,data/raw/cutouts/-582121045484412055_VIS.fits,0.1
-582252202473520219,58.22522020471041,-47.35202190603311,1474,20.46506118774414,0.239698588848114,1,0.583125114440918,0,3.456157922744751,0.0354449972510337,7.016495704650879,0.1692624390125274,set_-582409159473358232,reference,unlabelled,south,,20.622467381338627,3.1684974835230326,1,69.76090234370628,-0.0623405564628498,-0.0153415535333887,0.0532380034636173,69.76090234369732,85.37831318110892,0.7688167128422483,data/raw/cutouts/-582252202473520219_VIS.fits,0.1
-582305528491088517,58.23055280930509,-49.10885176288694,1497,23.92460823059082,0.2222403585910797,1,0.1071809008717536,2,4.565109729766846,0.0347335338592529,9.800374031066896,0.1836288422346115,set_-582665974491256784,reference,unlabelled,south,,20.452887912841813,3.1752218003430523,1,104.31959221036668,0.0904741186980189,-0.0592954831696341,0.18817964915495,104.31959221037036,107.65195116793296,0.8294785747129195,data/raw/cutouts/-582305528491088517_VIS.fits,0.0
-582354431484549954,58.23544311042937,-48.45499541252004,708,9.390071868896484,0.1437127292156219,1,0.2597382962703705,0,1.6644402742385864,0.0293985102325677,7.772384643554687,0.151018351316452,set_-582354431484549954,candidate,C,south,102021010.0,21.46832770939177,2.850033257689769,0,0.0,0.0,0.0,0.0,0.0,65.33917990526732,1.6732151730569869,data/raw/cutouts/-582354431484549954_VIS.fits,0.8
-582409159473358232,58.24091593905169,-47.335823235333,1527,19.32310104370117,0.2341077476739883,1,0.0890570729970932,0,3.3268818855285645,0.0361047312617301,8.08681869506836,0.2060232907533645,set_-582409159473358232,candidate,C,south,102021980.0,20.68480793780148,3.1838390370564214,0,0.0,0.0,0.0,0.0,0.0,82.53934880707136,0.964350810147099,data/raw/cutouts/-582409159473358232_VIS.fits,1.0
-582469550489671643,58.24695505959738,-48.967164381152216,1417,19.10785865783692,0.1945903301239013,1,0.287829726934433,0,3.683305740356445,0.0303965266793966,6.071994781494141,0.1416753679513931,set_-582091641489802319,reference,unlabelled,south,,20.696969949708432,3.1513698502474603,1,100.93529029031102,-0.0015226987604286,0.0314544399894693,0.0334948175367926,100.93529029030827,98.19531446228795,0.5427340494543872,data/raw/cutouts/-582469550489671643_VIS.fits,0.1
-582665974491256784,58.26659740816428,-49.12567848817366,1716,26.003660202026367,0.1829577833414077,1,0.2209958732128143,0,6.346835136413574,0.0394919775426387,17.925355911254883,0.2768326699733734,set_-582665974491256784,candidate,C,south,102020531.0,20.362413794143794,3.2345172835126865,0,0.0,0.0,0.0,0.0,0.0,142.1292919443735,1.1272764251806693,data/raw/cutouts/-582665974491256784_VIS.fits,0.7
-582856088476308109,58.28560884057515,-47.63081096341418,1125,18.35636329650879,0.1827445775270462,1,0.2495917826890945,0,4.159125328063965,0.0363565161824226,10.955259323120115,0.1663783192634582,set_-582856088476308109,candidate,C,south,102021981.0,20.740533389087084,3.051152522447381,0,0.0,0.0,0.0,0.0,0.0,100.44819684891634,1.0515516374322662,data/raw/cutouts/-582856088476308109_VIS.fits,0.6
-582858506482952737,58.28585062422439,-48.29527376599109,1694,24.63187599182129,0.1811647117137909,1,0.2203643471002578,2,5.509877681732178,0.0341095738112926,18.68237495422364,0.2541558742523193,set_-582858506482952737,candidate,C,south,102021010.0,20.421256276343183,3.228913405994688,0,0.0,0.0,0.0,0.0,0.0,135.96398414905116,1.3257253159891145,data/raw/cutouts/-582858506482952737_VIS.fits,1.0
-582908879476330138,58.29088793350696,-47.63301384870409,14541,223.42344665527344,0.5581283569335938,1,0.259895384311676,2,14.284581184387209,0.0467081442475318,43.034141540527344,0.2899586260318756,set_-582908879476330138,candidate,C,south,102021981.0,18.027178132004885,4.162594274442422,0,0.0,0.0,0.0,0.0,0.0,400.3083589638439,1.1973640807311974,data/raw/cutouts/-582908879476330138_VIS.fits,0.9
-582962816491983901,58.29628165941234,-49.1983901230326,823,12.407825469970703,0.1397251039743423,1,0.4575031697750091,0,3.0491738319396973,0.0299322307109832,8.506032943725586,0.1667332798242569,set_-583254550492051895,reference,unlabelled,south,,21.165760809980352,2.91539983521227,1,72.85766581200014,3.922164498959546e-06,0.0449959299332429,0.0551668026978676,72.85766581201331,88.80169072730946,1.1138621910127195,data/raw/cutouts/-582962816491983901_VIS.fits,0.6
-583084890483027567,58.30848902299044,-48.30275676810676,1516,19.285701751708984,0.2000547349452972,1,0.1745294332504272,0,4.694375514984131,0.0371246971189975,12.239080429077148,0.2584567070007324,set_-582858506482952737,reference,unlabelled,south,,20.68691138443068,3.1806992012960347,1,60.53998510161665,0.2656551080874898,-0.0482142046986533,0.8453978671632487,60.53998510162951,96.40212593309752,1.040427404478657,data/raw/cutouts/-583084890483027567_VIS.fits,0.7
-583102185476314495,58.31021850856887,-47.63144955103175,1033,17.001129150390625,0.1724651455879211,1,0.478924423456192,0,4.6997599601745605,0.0389400161802768,13.81506633758545,0.1940449625253677,set_-582856088476308109,reference,unlabelled,south,,20.82380558368684,3.0141003215196207,1,59.74837679673415,0.0832721945997576,-0.0370522009277607,0.114429542196676,47.23275051038185,98.57718840775054,1.1706932442888776,data/raw/cutouts/-583102185476314495_VIS.fits,0.6
-583188530476485846,58.31885304509908,-47.64858463408085,11605,198.9611053466797,0.4949348270893097,1,0.0781776458024978,0,18.95732307434082,0.0515352897346019,42.2447395324707,0.3005937337875366,set_-582908879476330138,reference,unlabelled,south,,18.15307953742142,4.064645144791936,1,87.99618329074293,0.1259014054165348,-0.0979491296504857,0.4226134990858151,87.9961832907262,401.9945545492552,0.8699890631463894,data/raw/cutouts/-583188530476485846_VIS.fits,0.0
-583254550492051895,58.32545509791297,-49.20518959337985,742,12.407870292663574,0.12468933314085,1,0.1893646121025085,0,3.6386334896087646,0.0310780089348554,10.24804401397705,3.164008378982544,set_-583254550492051895,candidate,C,south,102020531.0,21.165756887815853,2.870403905279027,0,0.0,0.0,0.0,0.0,0.0,99.5102787072215,1.1242566739446491,data/raw/cutouts/-583254550492051895_VIS.fits,1.0
-583380599480841946,58.33805998902349,-48.08419465949512,1769,24.484447479248047,0.1645900309085846,1,0.3242557048797607,0,5.455955028533936,0.0301853697746992,18.091365814208984,0.2982018291950226,set_-583380599480841946,candidate,B,south,102021493.0,20.427774229770023,3.2477278329097232,0,0.0,0.0,0.0,0.0,0.0,148.7602094980286,1.3015014334647947,data/raw/cutouts/-583380599480841946_VIS.fits,0.8
-583549367502263528,58.35493675365952,-50.22635282273893,4543,50.22430038452149,0.4577067792415619,1,0.2736724615097046,3,3.915347576141357,0.0365163572132587,5.790442943572998,0.1551597118377685,set_-583678035502482406,reference,unlabelled,south,,19.64771526045416,3.657342736814626,1,84.1821057898322,-0.005216392380877,0.0106450055152915,0.0092108855978588,84.18210578981137,109.73029603744374,0.4248536625253093,data/raw/cutouts/-583549367502263528_VIS.fits,0.2
-583567578506088072,58.35675786602482,-50.60880726867813,794,10.730883598327637,0.1749208718538284,1,0.4712143838405609,0,2.5370864868164062,0.0345021523535251,6.240950107574463,0.1725958883762359,set_-583679359505885963,reference,unlabelled,south,,21.323411290127407,2.8998205024270964,1,77.11250481046979,-0.0845638855842096,0.0311760640322709,0.1088528203509793,77.11250481048053,61.34707359162282,0.9772885963378692,data/raw/cutouts/-583567578506088072_VIS.fits,0.1
-583581173480855188,58.35811734826248,-48.08551884976421,2075,21.062862396240234,0.1951469630002975,1,0.2367574870586395,2,3.1096668243408203,0.0264052506536245,10.020796775817873,12.579931259155272,set_-583380599480841946,reference,unlabelled,south,,20.59120652370972,3.317018101048112,1,48.471038605559656,0.1634322939396959,0.0692902681383884,0.4188218511916023,48.47103860555813,107.93333430563368,1.2704709856164458,data/raw/cutouts/-583581173480855188_VIS.fits,0.6
-583678035502482406,58.36780357876576,-50.24824069540905,4433,49.98357772827149,0.3034368753433227,1,0.3555482029914856,0,7.153298377990723,0.036020528525114,25.17278289794922,0.2865751683712005,set_-583678035502482406,candidate,C,south,102019589.0,19.65293165283504,3.6466977312993354,0,0.0,0.0,0.0,0.0,0.0,164.7247971154387,1.3660622239373272,data/raw/cutouts/-583678035502482406_VIS.fits,0.9
-583679359505885963,58.367935910423725,-50.58859638157823,739,9.926815032958984,0.1208391785621643,1,0.1250490993261337,2,2.3856680393218994,0.0275341141968965,4.648876667022705,0.1596727073192596,set_-583679359505885963,candidate,C,south,102019125.0,21.407975175711616,2.868644438394825,0,0.0,0.0,0.0,0.0,0.0,82.14897809696919,0.724345030718119,data/raw/cutouts/-583679359505885963_VIS.fits,0.8
-584138691483246425,58.41386916675,-48.32464251446427,1234,15.138124465942385,0.1736632287502288,1,0.1708036214113235,0,3.152053117752075,0.0289007667452096,12.703051567077637,0.181534007191658,set_-584138691483246425,candidate,C,south,102021010.0,20.94981982076688,3.091315159697223,0,0.0,0.0,0.0,0.0,0.0,87.169428870373,1.5132863338931957,data/raw/cutouts/-584138691483246425_VIS.fits,0.9
-584194965475447130,58.41949655474026,-47.54471304919377,738,12.377630233764648,0.204158678650856,1,0.1208872273564338,0,3.351646423339844,0.0423622690141201,10.622274398803713,0.2108350247144699,set_-584194965475447130,candidate,C,south,102021981.0,21.168406238635853,2.868056361823041,0,0.0,0.0,0.0,0.0,0.0,60.62749972501721,1.252398297332241,data/raw/cutouts/-584194965475447130_VIS.fits,0.9
-584236287484348447,58.42362872306879,-48.4348447374076,1725,23.96741485595703,0.2041593939065933,1,0.7196007370948792,0,4.703684329986572,0.0335009209811687,8.823864936828613,0.1951318383216858,set_-584521494484296701,reference,unlabelled,south,,20.450947016953723,3.2367890994092927,1,70.62623963713784,0.1302355806462714,-0.0657582730781927,0.3008391850765051,70.62623963712815,117.3956015314317,0.6830517097729816,data/raw/cutouts/-584236287484348447_VIS.fits,0.0
-584450431483221353,58.445043125607214,-48.32213536293782,1137,16.102930068969727,0.1471954882144928,1,0.2085892409086227,2,3.820183038711548,0.0300267916172742,12.350648880004885,0.2183841913938522,set_-584138691483246425,reference,unlabelled,south,,20.88273773274557,3.0557604646877348,1,75.16595968081246,-0.067082088021305,-0.035554695009488,0.08644737805174,75.16595968080492,109.39825849488396,1.2740140079855136,data/raw/cutouts/-584450431483221353_VIS.fits,0.7
-584521494484296701,58.45214946530722,-48.42967010774935,2007,27.02187156677246,0.2170780450105667,1,0.3782663345336914,0,4.264496803283691,0.0308407954871654,13.705084800720217,0.1926239579916,set_-584521494484296701,candidate,C,south,102021010.0,20.32071143630745,3.3025473724874854,0,0.0,0.0,0.0,0.0,0.0,124.47998398666763,1.2675348347574389,data/raw/cutouts/-584521494484296701_VIS.fits,0.8
-584609493475510101,58.46094938129095,-47.551010135664654,743,10.776013374328612,0.1356998980045318,1,0.5184246897697449,2,1.8866499662399288,0.0258507579565048,4.513419151306152,0.15196593105793,set_-584194965475447130,reference,unlabelled,south,,21.318854695682628,2.8709888137605755,1,103.24599140890386,0.1504484570467745,0.0029324519375339,0.2608510776870932,103.24599140889076,79.41062250443798,0.94703583802352,data/raw/cutouts/-584609493475510101_VIS.fits,0.5
-584806996480110456,58.48069966895896,-48.01104561955782,1422,23.346656799316406,0.1754532903432846,1,0.1796025335788726,0,4.640073299407959,0.0308868214488029,10.298274040222168,0.1724351793527603,set_-585107701479914391,reference,unlabelled,south,,20.47943825215163,3.1528995963937474,1,101.13710609340914,-0.1080263191574459,-0.0438291262295393,0.1864574551158894,101.1371060934194,133.06479891962874,0.8655990079476706,data/raw/cutouts/-584806996480110456_VIS.fits,0.1
-585107701479914391,58.51077017836327,-47.99143915194784,1573,21.13558006286621,0.2135761082172393,1,0.1659291684627533,2,4.241538047790527,0.0377668887376785,14.973413467407228,0.2173165380954742,set_-585107701479914391,candidate,C,south,102021493.0,20.58746457130908,3.196728722623287,0,0.0,0.0,0.0,0.0,0.0,98.9604138744214,1.3694936250391911,data/raw/cutouts/-585107701479914391_VIS.fits,1.0
-585115427475839951,58.51154278808336,-47.58399516204953,840,16.007797241210938,0.1154278144240379,1,0.1733636260032653,2,5.07128381729126,0.0328479818999767,14.423894882202148,0.2005312442779541,set_-585115427475839951,candidate,C,south,102021981.0,20.88917106305057,2.9242792860618816,0,0.0,0.0,0.0,0.0,0.0,138.6823212506162,1.134911579820269,data/raw/cutouts/-585115427475839951_VIS.fits,0.9
-585131565488109327,58.51315652251934,-48.81093274345079,778,10.87001132965088,0.1731505841016769,1,0.2035451978445053,0,2.4308643341064453,0.0340140908956527,8.507901191711426,0.1669237911701202,set_-585131565488109327,candidate,B,south,102020532.0,21.309425008137,2.890979596989689,0,0.0,0.0,0.0,0.0,0.0,62.77779186276281,1.360154289575994,data/raw/cutouts/-585131565488109327_VIS.fits,0.8
-585225320475869889,58.52253208527579,-47.58698892146971,720,14.678452491760254,0.1199064403772354,1,0.0324756242334842,0,4.330652713775635,0.0299608707427978,11.09010887145996,0.1726196110248565,set_-585115427475839951,reference,unlabelled,south,,20.98329932115127,2.8573324964312685,1,28.77811482993879,0.094128258100703,-0.066946789630613,0.2112027242973269,28.77811482992904,122.4158806281018,1.020956129258433,data/raw/cutouts/-585225320475869889_VIS.fits,0.2
-585353869490385361,58.53538697999652,-49.03853612414885,1098,30.70418739318848,0.1710113137960434,1,0.18732450902462,0,7.505621910095215,0.0422263592481613,11.496092796325684,0.202033057808876,set_-585424971490320443,reference,unlabelled,south,,20.182005980057586,3.040602340114073,1,28.77117708495547,0.259911621319894,-0.0773314949255681,0.9008142566788372,28.771177084973974,179.54477228218843,0.462908943452942,data/raw/cutouts/-585353869490385361_VIS.fits,0.6
-585387007479892009,58.53870075650168,-47.98920093799922,761,9.501731872558594,0.1649568825960159,1,0.118754006922245,0,1.689275145530701,0.0289224348962306,6.576292514801025,0.1501159071922302,set_-585387007479892009,candidate,C,south,102021493.0,21.455493072529144,2.8813846567705728,0,0.0,0.0,0.0,0.0,0.0,57.60130600811974,1.4757018254397825,data/raw/cutouts/-585387007479892009_VIS.fits,0.7
-585403472488290801,58.54034724720421,-48.82908014556602,837,11.342076301574709,0.1591566503047943,1,0.0293063763529062,0,2.3998680114746094,0.0274125374853611,3.662863731384277,0.1600487232208252,set_-585131565488109327,reference,unlabelled,south,,21.263268588524937,2.92272545799326,1,91.77169952397044,-0.046156419612064,0.031745861003571,0.0560868168247141,91.77169952400595,71.26360274518198,0.4590835126997347,data/raw/cutouts/-585403472488290801_VIS.fits,0.2
-585424971490320443,58.54249719593909,-49.03204434706336,1312,39.00876998901367,0.2780171632766723,1,0.0846948251128196,2,10.563255310058594,995.1326293945312,23.990365982055664,0.2928327322006225,set_-585424971490320443,candidate,C,south,102020532.0,19.922094358737688,3.1179338350396413,0,0.0,0.0,0.0,0.0,0.0,140.31065395122243,0.8905977417171073,data/raw/cutouts/-585424971490320443_VIS.fits,0.2
-585491882479716579,58.54918821805104,-47.971657960540135,729,8.900392532348633,0.1535908877849578,1,0.381533145904541,0,2.0679736137390137,0.0278722178190946,3.976853132247925,0.1281042546033859,set_-585387007479892009,reference,unlabelled,south,,21.526477098310828,2.8627275283179747,1,68.02366153670398,0.0709840257816836,-0.018657128452598,0.0686552153069491,68.02366153668169,57.948701649606,0.7099863985493502,data/raw/cutouts/-585491882479716579_VIS.fits,0.2
-586195393474860232,58.6195393001309,-47.48602323290807,3444,67.109375,0.4562585055828094,1,0.5819950103759766,0,8.496079444885254,0.0544519498944282,13.32297134399414,0.1752037554979324,set_-586577083474902483,reference,unlabelled,south,,19.333042014541565,3.537063142781617,1,94.0903373683522,0.057807273493367,-0.1906407409037371,0.9533171031011168,94.0903373683575,147.08629905819888,0.4884563225957261,data/raw/cutouts/-586195393474860232_VIS.fits,0.0
-586314414481109520,58.6314414599042,-48.11095206759378,4557,83.64346313476562,0.2993837893009186,1,0.1403466761112213,2,15.748852729797363,0.0493209883570671,37.979888916015625,0.3555677831172943,set_-586497040481287158,reference,unlabelled,south,,19.093919985392056,3.6586790285824486,1,77.56219294262364,0.0675666153193859,0.0109049783136185,0.0588555953575874,77.5621929426239,279.3854113814204,0.9557619207974224,data/raw/cutouts/-586314414481109520_VIS.fits,0.5
-586359480506090347,58.635948080698455,-50.6090347691809,1911,26.56475257873535,0.198578879237175,1,0.5102400183677673,2,5.438447952270508,0.0343081802129745,15.60115909576416,0.2542604804039001,set_-586359480506090347,candidate,B,south,102019125.0,20.339235561769417,3.281260687055013,0,0.0,0.0,0.0,0.0,0.0,133.77431014205408,1.1442047228162615,data/raw/cutouts/-586359480506090347_VIS.fits,0.9
-586424451506307526,58.642445195933945,-50.630752610770266,2393,26.72058868408203,0.2349963784217834,1,0.5180495977401733,0,4.356594562530518,0.0329882241785526,13.214037895202637,0.2088211327791214,set_-586359480506090347,reference,unlabelled,south,,20.332884945259927,3.378942698613437,1,79.58011180465533,-0.0063506165094899,0.0976820115584242,0.2444220211028268,79.58011180464462,113.70638502403882,1.2047210071136103,data/raw/cutouts/-586424451506307526_VIS.fits,0.1
-586465511506925404,58.646551181761744,-50.69254043091278,1077,10.112879753112791,0.1507301330566406,1,0.2765489816665649,386,2.381481885910034,0.0402678623795509,1.3138078451156616,3.794540882110596,set_-586683051506706574,reference,unlabelled,south,,21.38781289173477,3.032215703297981,1,93.10448739148283,-0.0444003196675168,0.0916992183654143,0.2395547765280355,93.10448739148998,67.09262141573659,-0.6457885792106982,data/raw/cutouts/-586465511506925404_VIS.fits,0.2
-586497040481287158,58.64970409757395,-48.1287158603793,4444,89.01406860351562,0.3157791793346405,1,0.0743664354085922,2,17.852657318115234,0.0591572560369968,45.1629753112793,0.3792376220226288,set_-586497040481287158,candidate,C,south,102021493.0,19.02635337007267,3.64777405026883,0,0.0,0.0,0.0,0.0,0.0,281.88707308401985,1.0076991912288962,data/raw/cutouts/-586497040481287158_VIS.fits,0.9
-586577083474902483,58.65770831402672,-47.49024831583998,5342,70.7792739868164,0.3303173780441284,1,0.0777029767632484,0,11.264586448669434,0.0414786338806152,27.42500686645508,0.2409787327051162,set_-586577083474902483,candidate,C,south,102021981.0,19.2752347410482,3.727703883685354,0,0.0,0.0,0.0,0.0,0.0,214.27656760269124,0.9660787316833612,data/raw/cutouts/-586577083474902483_VIS.fits,1.0
-586591064470200400,58.65910644380759,-47.02004005796809,2015,32.82563781738281,0.2107184380292892,1,0.0445320308208465,0,7.508172035217285,0.040483258664608,16.86612892150879,0.2437576204538345,set_-586793787470192432,reference,unlabelled,south,,20.109467066532712,3.3042750504771283,1,49.8367387266942,0.1010221531102644,-0.0723019065793835,0.2462126865776705,49.83673872671194,155.77961816905722,0.8787030014721059,data/raw/cutouts/-586591064470200400_VIS.fits,0.4
-586683051506706574,58.66830510423016,-50.6706574468481,872,9.707663536071776,0.1532734483480453,1,0.2974280416965484,0,1.995390772819519,0.026396220549941,5.292886257171631,0.157392144203186,set_-586683051506706574,candidate,C,south,102019125.0,21.43221321140229,2.940516484932567,0,0.0,0.0,0.0,0.0,0.0,63.33558513036206,1.0591615040193425,data/raw/cutouts/-586683051506706574_VIS.fits,0.8
-586793787470192432,58.67937874218519,-47.01924329617872,2380,36.02649688720703,0.2237269580364227,1,0.15594482421875,0,8.09328842163086,0.0432794541120529,22.39836502075196,0.2752902805805206,set_-586793787470192432,candidate,C,south,102022474.0,20.008444913422448,3.376576957056512,0,0.0,0.0,0.0,0.0,0.0,161.0288594785342,1.1052282506990188,data/raw/cutouts/-586793787470192432_VIS.fits,0.8
-587093557504048899,58.70935570772373,-50.40488997339118,1397,18.712032318115234,0.1864948272705078,1,0.0289683938026428,0,3.5540542602539062,0.0288055539131164,7.144377708435059,0.1390920132398605,set_-587243961503822475,reference,unlabelled,south,,20.7196976027879,3.1451964061141817,1,88.52016664828554,-0.0022272106007719,-0.023006340728449,0.0200053617356188,88.52016664825715,100.33539584973973,0.7581008819509742,data/raw/cutouts/-587093557504048899_VIS.fits,0.1
-587213035472718981,58.72130353566541,-47.271898132545566,2190,21.82913398742676,0.2314080148935318,1,0.0848447903990745,2,1.9347532987594604,0.0249827802181243,6.690421104431152,0.1402904540300369,set_-587213035472718981,candidate,C,south,102021981.0,20.55240873355608,3.3404441148401185,0,0.0,0.0,0.0,0.0,0.0,94.3317974421504,1.347069644806589,data/raw/cutouts/-587213035472718981_VIS.fits,0.1
-587223074490382829,58.7223074803706,-49.03828294936245,897,32.05503845214844,0.1572714895009994,1,0.1086878553032875,0,9.18840217590332,0.0453241989016532,14.88917636871338,0.189764142036438,set_-587223074490382829,candidate,C,south,102020532.0,20.135259244537124,2.952792443044092,0,0.0,0.0,0.0,0.0,0.0,203.8197676759763,0.5240766959152157,data/raw/cutouts/-587223074490382829_VIS.fits,0.9
-587243961503822475,58.72439612689857,-50.38224758281347,1473,18.67368698120117,0.1746692657470703,1,0.2859686315059662,2,4.14865255355835,0.0382760055363178,8.890097618103027,0.1894422322511673,set_-587243961503822475,candidate,C,south,102019125.0,20.72192481338867,3.168202746842631,0,0.0,0.0,0.0,0.0,0.0,106.90883081996569,0.8274986631518245,data/raw/cutouts/-587243961503822475_VIS.fits,1.0
-587276551497541363,58.727655183172125,-49.75413638586566,896,21.08743095397949,0.2110054939985275,1,0.0509496517479419,0,5.487478733062744,0.0469363033771514,9.3720121383667,0.1872771084308624,set_-587529679497442979,reference,unlabelled,south,,20.589940815998723,2.9523080096621253,1,68.7115798301064,-0.0350641575304244,-0.1501256960192112,0.5811519099359757,68.71157983010981,99.93782888954848,0.58114998070753,data/raw/cutouts/-587276551497541363_VIS.fits,0.4
-587462928472740154,58.74629281528372,-47.274015439169,2165,22.386524200439453,0.1694273352622985,1,0.2190902084112167,2,4.113239765167236,0.030584692955017,9.392618179321287,0.164008229970932,set_-587213035472718981,reference,unlabelled,south,,20.525033327659127,3.3354579006893843,1,61.513473232359566,-0.0273754058969508,-0.0049862141507341,0.0121924584085094,61.51347323235541,132.1305335162228,0.8965066059711567,data/raw/cutouts/-587462928472740154_VIS.fits,0.6
-587529679497442979,58.752967997878905,-49.74429795857615,1266,20.417285919189453,0.2833763360977173,1,0.2446198612451553,0,3.5588865280151367,0.0424539297819137,10.906786918640137,0.2046047002077102,set_-587529679497442979,candidate,C,south,102020058.0,20.625004973529148,3.1024337056813365,0,0.0,0.0,0.0,0.0,0.0,72.05007376532991,1.2159567186573503,data/raw/cutouts/-587529679497442979_VIS.fits,0.5
-587574437490352086,58.75744376411589,-49.03520867746292,1270,29.425891876220703,0.1918255984783172,1,0.2414672076702118,0,8.561009407043457,0.0471890494227409,20.067821502685547,0.2678393721580505,set_-587223074490382829,reference,unlabelled,south,,20.228175912880715,3.103803720955957,1,83.65936066231805,0.0929166683435909,0.1510112779118646,0.6720384287335752,83.65936066232187,153.39919233744408,0.924938137970911,data/raw/cutouts/-587574437490352086_VIS.fits,0.3
-587598309479594413,58.75983092651486,-47.95944131303849,1061,15.525897026062012,0.1701018363237381,1,0.3079296052455902,2,3.554370641708374,0.034608956426382,12.505107879638672,0.2141038924455642,set_-587598309479594413,candidate,C,south,102021493.0,20.92235824644293,3.025715383901341,0,0.0,0.0,0.0,0.0,0.0,91.27412943686922,1.3658118240002246,data/raw/cutouts/-587598309479594413_VIS.fits,1.0
-587603099479336252,58.760309932780046,-47.933625231008016,928,17.20171356201172,0.1463451832532882,1,0.5371635556221008,2,4.3115715980529785,0.0344230830669403,10.446575164794922,0.1924028545618057,set_-587598309479594413,reference,unlabelled,south,,20.81107072089126,2.967547976218862,1,92.94507273862742,-0.1112875255516705,-0.0581674076824789,0.2296026982391651,92.94507273863748,117.54205488430529,0.9608458275765784,data/raw/cutouts/-587603099479336252_VIS.fits,0.0
-587668674508030532,58.76686749265026,-50.8030532825004,723,10.623943328857422,0.1407638192176818,1,0.0887989550828933,2,2.654421329498291,0.0328432023525238,9.80123519897461,0.2138130068778991,set_-587746535508057234,reference,unlabelled,south,,21.334285636551154,2.859138297294531,1,20.154065895682823,0.1842292356182717,-0.0141823045208679,0.3824923640108649,20.154065895675803,75.4735370772244,1.418277381445401,data/raw/cutouts/-587668674508030532_VIS.fits,0.0
-587719704491892844,58.77197041458229,-49.189284486928855,5176,82.63835906982422,0.3362830281257629,1,0.1853729337453842,0,13.747607231140137,0.0508496314287185,32.74840545654297,0.2722776234149933,set_-587840155491971057,reference,unlabelled,south,,19.10704578771177,3.713994267660644,1,39.94768913022615,-0.0994310198490069,0.0814357531279719,0.2770130116644173,39.94768913021724,245.74049880066852,0.9424076071836838,data/raw/cutouts/-587719704491892844_VIS.fits,0.3
-587746535508057234,58.77465354947828,-50.80572343047943,747,12.588600158691406,0.1535324603319168,1,0.2588765025138855,0,3.162593364715576,0.0347493588924407,9.475998878479004,0.1974455118179321,set_-587746535508057234,candidate,A,south,102018667.0,21.150056400932883,2.873320601815399,0,0.0,0.0,0.0,0.0,0.0,81.99308557601775,1.1914541130575724,data/raw/cutouts/-587746535508057234_VIS.fits,1.0
-587754943477919337,58.77549438936675,-47.79193370803898,1116,32.10818862915039,0.1648337692022323,1,0.167502149939537,0,8.90921688079834,0.0445330031216144,20.378393173217773,0.2587271630764007,set_-587807121477852004,reference,unlabelled,south,,20.133460485737597,3.04766419460156,1,27.328300672881085,0.2710055906402289,-0.0890563725548467,1.014961008362252,27.328300672881547,194.79132695047028,0.8983260145672194,data/raw/cutouts/-587754943477919337_VIS.fits,0.1
-587807121477852004,58.78071211885828,-47.78520044646224,1370,41.211463928222656,0.1445627063512802,1,0.5428248047828674,2,11.403660774230955,0.0428374782204628,26.556591033935547,26.625185012817383,set_-587807121477852004,candidate,A,south,102021493.0,19.862454895097365,3.1367205671564067,0,0.0,0.0,0.0,0.0,0.0,285.07673222498227,0.9178200893834708,data/raw/cutouts/-587807121477852004_VIS.fits,0.0
-587840155491971057,58.78401557133971,-49.19710570385831,4291,75.40658569335938,0.3589426577091217,1,0.3079405725002289,0,11.517144203186035,0.049998715519905,29.525489807128903,0.2492002248764038,set_-587840155491971057,candidate,C,south,102020532.0,19.206476807560776,3.632558514532672,0,0.0,0.0,0.0,0.0,0.0,210.07975528633605,1.0221307660638013,data/raw/cutouts/-587840155491971057_VIS.fits,0.8
-588601900488953908,58.86019003701809,-48.89539087297561,4443,63.986454010009766,0.372671365737915,1,0.5099140405654907,0,8.407015800476074,0.0465048216283321,23.348726272583008,0.2922835052013397,set_-588601900488953908,candidate,C,south,102020532.0,19.384779892047057,3.647676313240871,0,0.0,0.0,0.0,0.0,0.0,171.69672771427494,1.1090533253111172,data/raw/cutouts/-588601900488953908_VIS.fits,0.9
-588709379489230797,58.87093792531194,-48.923079756681055,3104,59.53600311279297,0.213303655385971,1,0.1578395664691925,0,14.177663803100586,0.0469330586493015,37.376953125,5.671718120574951,set_-588601900488953908,reference,unlabelled,south,,19.46305081153949,3.491921712586151,1,102.87283588899125,0.0782709194924322,-0.1557546006547197,0.6836308626672145,102.87283588899076,279.11384361915,1.0524980556029837,data/raw/cutouts/-588709379489230797_VIS.fits,0.1
-588903745486978389,58.89037455948719,-48.697838938470014,2529,42.81555938720703,0.2073467671871185,1,0.2781490385532379,2,9.348471641540527,0.0400784350931644,23.50275993347168,0.2830224931240082,set_-588903745486978389,candidate,C,south,102021011.0,19.82099594382053,3.402948829344405,0,0.0,0.0,0.0,0.0,0.0,206.49253406766863,1.000945624002171,data/raw/cutouts/-588903745486978389_VIS.fits,1.0
-588988983486692940,58.89889834958348,-48.66929403025851,2470,46.64341735839844,0.3108766078948974,1,0.3337874412536621,0,8.593805313110352,0.0540034398436546,20.159160614013672,0.2471479028463363,set_-588903745486978389,reference,unlabelled,south,,19.728024095583717,3.392696953259666,1,104.73965521191975,-0.0929718482368215,-0.0102518760847387,0.1080746984047634,104.73965521191768,150.03836304778474,0.9257173355288156,data/raw/cutouts/-588988983486692940_VIS.fits,0.3
-589048708512280578,58.90487083166256,-51.22805781351057,999,18.124446868896484,0.1490735113620758,1,0.2675012052059173,2,4.836460113525391,0.0391550958156585,14.403520584106444,24.190824508666992,set_-589105921512438416,reference,unlabelled,south,,20.75433809643747,2.9995654882259823,1,58.26684778983805,0.0013188877087735,-0.027784119548774,0.0222289470651523,58.26684778984096,121.58059941900136,1.1848526178170116,data/raw/cutouts/-589048708512280578_VIS.fits,0.3
-589105921512438416,58.9105921712665,-51.24384165288845,1065,18.14647674560547,0.1665808856487274,1,0.0531979128718376,0,5.121453762054443,0.0408698171377182,12.69810390472412,0.2171676903963089,set_-589105921512438416,candidate,C,south,102018667.0,20.75301920872869,3.0273496077747564,0,0.0,0.0,0.0,0.0,0.0,108.93492776759108,0.985864050790754,data/raw/cutouts/-589105921512438416_VIS.fits,0.8
-589107956487132598,58.910795606897146,-48.71325980955586,3829,64.55623626708984,0.3030268251895904,1,0.3228142261505127,0,10.427939414978027,0.0463240854442119,25.10141372680664,0.2780525386333465,set_-589107956487132598,candidate,C,south,102021011.0,19.37515449404529,3.583085366347688,0,0.0,0.0,0.0,0.0,0.0,213.038024692038,0.9537492064768468,data/raw/cutouts/-589107956487132598_VIS.fits,0.9
-589257492489565961,58.92574921328832,-48.95659616705754,4165,72.95098114013672,0.2536678612232208,1,0.0766528025269508,2,14.584413528442385,0.048489823937416,38.682865142822266,0.3629621565341949,set_-589257492489565961,candidate,A,south,102020532.0,19.24242215692865,3.6196150057428063,0,0.0,0.0,0.0,0.0,0.0,287.5846423285835,1.0590741595982962,data/raw/cutouts/-589257492489565961_VIS.fits,1.0
-589264296472037764,58.92642960056724,-47.2037764999079,1830,35.03031921386719,0.2142769396305084,1,0.2947253882884979,0,6.054250717163086,0.0333668254315853,11.840832710266112,0.1985917836427688,set_-589320209472119562,reference,unlabelled,south,,20.03888976288694,3.2624510897304293,1,32.46726139462148,-0.0850085967988256,0.1363196824684447,0.5457741533269937,32.467261394624735,163.48151730313228,0.7283046086636988,data/raw/cutouts/-589264296472037764_VIS.fits,0.3
-589269309489438212,58.92693091188977,-48.94382126116073,3400,90.42283630371094,0.2883032560348511,1,0.681587278842926,0,13.483939170837402,0.0494628064334392,40.71175003051758,0.337703675031662,set_-589257492489565961,reference,unlabelled,south,,19.009304686305303,3.531478917042255,1,46.074438906956246,-0.2331174706233483,-0.0881360887005513,0.7998387595820461,46.074438906961966,313.6379295445082,1.199757466654236,data/raw/cutouts/-589269309489438212_VIS.fits,0.0
-589296119472977969,58.92961192915196,-47.29779695369592,2921,54.963623046875,0.3229454457759857,1,0.3850100040435791,0,6.050966262817383,0.0382681116461753,12.030259132385254,0.1630040854215622,set_-589666734473073583,reference,unlabelled,south,,19.54981161884665,3.46553155697355,1,96.80310594091644,-0.0717877900809043,-0.1579244910963839,0.6887985727403225,96.80310594091246,170.19476126937258,0.7461256265917047,data/raw/cutouts/-589296119472977969_VIS.fits,0.0
-589298493510857488,58.929849377967656,-51.08574881432643,882,13.76267433166504,0.1558476835489273,1,0.4333838522434234,0,3.2143971920013428,0.0310354270040988,5.0860595703125,0.1303920894861221,set_-589417021511139044,reference,unlabelled,south,,21.05324291695318,2.94546858513182,1,104.84205096911066,-0.0733506233308389,-0.0202033860882866,0.079409430826501,104.8420509691082,88.30849466777184,0.4982047562797448,data/raw/cutouts/-589298493510857488_VIS.fits,0.3
-589320209472119562,58.93202090229632,-47.21195628159239,1337,32.392215728759766,0.2026308327913284,1,0.1560900509357452,0,7.374234199523926,0.0441278554499149,18.03388214111328,0.2417241930961609,set_-589320209472119562,candidate,C,south,102022474.0,20.123898359685764,3.126131407261985,0,0.0,0.0,0.0,0.0,0.0,159.85827666275077,0.9709307518365063,data/raw/cutouts/-589320209472119562_VIS.fits,1.0
-589339104487093562,58.93391044958545,-48.70935623463066,3645,59.82160568237305,0.2859868109226227,1,0.1842181831598281,2,10.766816139221191,0.0457593649625778,22.49950218200684,0.2649213075637817,set_-589107956487132598,reference,unlabelled,south,,19.45785483543178,3.561697532653993,1,56.67843239810831,0.0827003413864915,-0.0213878336936943,0.090182877806259,56.67843239809711,209.1760997277547,0.8002140307431381,data/raw/cutouts/-589339104487093562_VIS.fits,0.5
-589417021511139044,58.94170210042575,-51.11390440493658,924,12.863601684570312,0.1518598794937133,1,0.1114853173494339,0,2.997748613357544,0.0292973760515451,9.256628036499023,0.1927188634872436,set_-589417021511139044,candidate,C,south,102018667.0,21.12659354028402,2.9656719712201065,0,0.0,0.0,0.0,0.0,0.0,84.70704525419329,1.2241440046337209,data/raw/cutouts/-589417021511139044_VIS.fits,0.9
-589550018511894248,58.9550018014418,-51.18942481131185,2574,56.11447143554688,0.2064860314130783,1,0.1957269608974456,2,13.770560264587402,0.0472189113497734,39.75716781616211,0.2925875782966614,set_-589550018511894248,candidate,C,south,102018667.0,19.52731280879687,3.410608542568368,0,0.0,0.0,0.0,0.0,0.0,271.75916477996066,1.1511595719552794,data/raw/cutouts/-589550018511894248_VIS.fits,0.8
-589597149505340169,58.95971490317726,-50.534016951929694,1125,12.111656188964844,0.1841138005256652,1,0.2787001729011535,2,1.8123581409454343,0.0272244978696107,9.80418872833252,0.1886265873908996,set_-589597149505340169,candidate,B,south,102019126.0,21.1919911647377,3.051152522447381,0,0.0,0.0,0.0,0.0,0.0,65.78353254554916,1.832919099422168,data/raw/cutouts/-589597149505340169_VIS.fits,0.6
-589666030505609975,58.96660305543228,-50.56099752385071,2780,64.19296264648438,0.2369276732206344,1,0.169071152806282,2,14.662884712219238,0.0560908429324626,38.72770690917969,0.3189826309680938,set_-589666030505609975,candidate,B,south,102019126.0,19.381281450517903,3.444044795918076,0,0.0,0.0,0.0,0.0,0.0,270.9390666522348,1.054505907474688,data/raw/cutouts/-589666030505609975_VIS.fits,0.9
-589666734473073583,58.96667348047048,-47.3073583356432,4202,51.447021484375,0.2993955612182617,1,0.1248309761285781,0,7.882157802581787,0.0396680757403373,24.065380096435547,0.2842671871185303,set_-589666734473073583,candidate,C,south,102021981.0,19.62159940892756,3.623456048069934,0,0.0,0.0,0.0,0.0,0.0,171.8362866671551,1.211869000413486,data/raw/cutouts/-589666734473073583_VIS.fits,0.8
-589686686505443917,58.96866863024166,-50.5443917269511,2790,58.07126998901367,0.2085542380809784,1,0.1506127715110778,0,12.975342750549316,0.0450023524463176,33.52701187133789,0.2974247932434082,set_-589666030505609975,reference,unlabelled,south,,19.490096690160804,3.4456042032735974,1,59.967278798751096,0.1088152396429009,0.0015594073555211,0.1347078078363788,42.59854688964672,278.4468468411824,1.0306900235757042,data/raw/cutouts/-589686686505443917_VIS.fits,0.0
-589917489512027830,58.991748902845536,-51.202783032719246,2963,59.06435394287109,0.2961958050727844,1,0.1099510937929153,0,10.830445289611816,0.0498083792626857,25.815587997436523,0.282209575176239,set_-589550018511894248,reference,unlabelled,south,,19.47168635517524,3.471731651480051,1,95.83863995236553,-0.0556264536216346,0.061123108911683,0.1356566937806206,95.83863995237952,199.40982597088828,0.943089271266761,data/raw/cutouts/-589917489512027830_VIS.fits,0.2
-589945926505498113,58.99459268820389,-50.5498113482001,879,13.894095420837402,0.1308987140655517,1,0.3208922743797302,0,3.606405258178711,0.0289268791675567,8.619508743286133,0.1511942446231842,set_-589597149505340169,reference,unlabelled,south,,21.042924307090026,2.943988875073772,1,97.98110896569416,-0.1490668576476785,-0.1071636473736097,0.5422310914211025,75.63042586660254,106.14386489602558,0.9460199673936404,data/raw/cutouts/-589945926505498113_VIS.fits,0.1
-589955462471358536,58.99554624765813,-47.13585368360874,1563,30.038843154907227,0.1793581396341323,1,0.0719163417816162,2,6.505679130554199,0.0336845703423023,10.282915115356444,0.1544138044118881,set_-590266584471556814,reference,unlabelled,south,,20.20579199184564,3.193958978019187,1,104.39418795137368,-0.2514331016925624,0.0506318480271406,0.7758619452081721,104.39418795135867,167.47967622870436,0.4970590282676617,data/raw/cutouts/-589955462471358536_VIS.fits,0.3
-590266584471556814,59.02665840481892,-47.15568145118306,1391,23.82922744750977,0.1665367037057876,1,0.1943398863077163,2,6.021308422088623,0.039163913577795,20.85100173950196,0.2695889770984649,set_-590266584471556814,candidate,A,south,102022474.0,20.4572250935382,3.143327129992046,0,0.0,0.0,0.0,0.0,0.0,143.08694069991753,1.3485901285076898,data/raw/cutouts/-590266584471556814_VIS.fits,0.5
-590671118493770057,59.06711187621752,-49.37700571561222,2174,38.17421340942383,0.3051126599311828,1,0.1189879700541496,0,8.320449829101562,0.0534720383584499,20.47359275817871,0.2229788303375244,set_-590814898493650143,reference,unlabelled,south,,19.94557475735313,3.337259539750276,1,54.76811322848925,-0.0893558558513873,-0.0166566911700876,0.0982240833854634,54.76811322849365,125.11514080744438,0.9776181355774048,data/raw/cutouts/-590671118493770057_VIS.fits,1.0
-590814898493650143,59.08148989976037,-49.36501436418274,2259,35.15829086303711,0.2422157824039459,1,0.1971689760684967,2,6.73293399810791,0.0431561209261417,22.55763816833496,0.2682577967643738,set_-590814898493650143,candidate,B,south,102020059.0,20.03493061320452,3.353916230920363,0,0.0,0.0,0.0,0.0,0.0,145.15276632306,1.312723172467759,data/raw/cutouts/-590814898493650143_VIS.fits,1.0
-591117402487550021,59.11174027572756,-48.75500215813452,1080,13.78056526184082,0.1551668047904968,1,0.1672228872776031,0,3.2123734951019287,0.0301343072205781,11.418087005615234,0.2303085029125213,set_-591117402487550021,candidate,A,south,102020532.0,21.05183241959359,3.03342375548695,0,0.0,0.0,0.0,0.0,0.0,88.81129749656876,1.376918285150663,data/raw/cutouts/-591117402487550021_VIS.fits,1.0
-591358815487660200,59.13588157321536,-48.76602008387311,978,13.296812057495115,0.2040972411632537,1,0.0825772657990455,2,2.265249013900757,0.032676812261343,3.1487693786621094,0.1395766735076904,set_-591117402487550021,reference,unlabelled,south,,21.09063117423539,2.990338854787601,1,69.68156177810735,0.0387987546417996,-0.0430849006993483,0.067296579892839,69.68156177810579,65.14939634514332,0.3575622582441528,data/raw/cutouts/-591358815487660200_VIS.fits,0.1
-591510767474433779,59.15107676097974,-47.44337791416704,3330,52.99263381958008,0.2992637455463409,1,0.1430940181016922,0,10.524994850158691,0.0461460836231708,27.13212013244629,0.3410262167453766,set_-591510767474433779,candidate,C,south,102021982.0,19.5894612370283,3.52244423350632,0,0.0,0.0,0.0,0.0,0.0,177.07669107340698,1.0281545982669509,data/raw/cutouts/-591510767474433779_VIS.fits,0.9
-591546828474566358,59.154682882045975,-47.4566358591596,2260,42.395992279052734,0.24941486120224,1,0.4673150777816772,2,9.75395965576172,0.0482679419219493,24.96946907043457,0.409358412027359,set_-591510767474433779,reference,unlabelled,south,,19.831687989022683,3.3541084391474008,1,48.52925154775527,0.2422267519943837,-0.168335794358919,1.36237370438978,48.52925154777072,169.981820949617,1.0205708826160174,data/raw/cutouts/-591546828474566358_VIS.fits,0.3
-591599248510120548,59.15992480254272,-51.01205481885123,1502,20.10055160522461,0.185744360089302,1,0.2856401801109314,2,4.724991798400879,0.0371630452573299,15.30411148071289,0.24410080909729,set_-591758931510313586,reference,unlabelled,south,,20.641980060949003,3.17666993266815,1,78.33887928868543,-0.2152216471641068,-0.0100039348315954,0.5224340768703368,78.3388792886752,108.21621499334184,1.276017653970709,data/raw/cutouts/-591599248510120548_VIS.fits,0.4
-591758931510313586,59.17589319211659,-51.0313586995926,1537,16.48615264892578,0.1872852742671966,1,0.1025476232171058,0,3.6001687049865723,0.0320051610469818,12.515665054321287,0.1933969259262085,set_-591758931510313586,candidate,C,south,102018667.0,20.85720170811311,3.186673867499745,0,0.0,0.0,0.0,0.0,0.0,88.02695627529839,1.352827698941133,data/raw/cutouts/-591758931510313586_VIS.fits,1.0
-592207491503311248,59.220749112350106,-50.33112483896082,1623,30.17422866821289,0.2317855358123779,1,0.5758508443832397,0,5.591177940368652,0.0386908017098903,15.71635627746582,0.2274490892887115,set_-592392693503503757,reference,unlabelled,south,,20.20090955696389,3.210318519826232,1,81.32432123077041,-0.2956151988433113,-0.0786010858354946,1.1311050220143546,81.32432123079755,130.18167230520308,1.1221213784454809,data/raw/cutouts/-592207491503311248_VIS.fits,0.2
-592392693503503757,59.23926938550915,-50.35037579584372,1945,22.982120513916016,0.2644360363483429,1,0.3208791613578796,386,2.5262668132781982,0.0274561885744333,4.121088981628418,0.1192986592650413,set_-592392693503503757,candidate,C,south,102019126.0,20.4965247558072,3.2889196056617265,0,0.0,0.0,0.0,0.0,0.0,86.90994174349805,0.5313319372121557,data/raw/cutouts/-592392693503503757_VIS.fits,0.4
-592683510495052614,59.26835107156057,-49.50526140594452,1076,18.24826431274414,0.1814707964658737,1,0.6668369770050049,0,3.768080711364746,0.0356275103986263,13.680519104003906,0.1865983456373214,set_-593000527494984994,reference,unlabelled,south,,20.746946093120854,3.0318122713303706,1,78.01139016275182,-0.002998968370985,-0.0787774389688782,0.160464626368561,78.01139016273758,100.5575809889378,1.3999559504863812,data/raw/cutouts/-592683510495052614_VIS.fits,0.1
-593000527494984994,59.30005275451344,-49.49849946434031,1290,18.19792938232422,0.2360108792781829,1,0.3260238468647003,2,2.781635284423828,0.0354132838547229,10.034109115600586,0.1979018598794937,set_-593000527494984994,candidate,C,south,102020059.0,20.749945061491843,3.110589710299249,0,0.0,0.0,0.0,0.0,0.0,77.10631576807339,1.392946582000163,data/raw/cutouts/-593000527494984994_VIS.fits,0.7
-593232426475404965,59.32324264113364,-47.54049651835183,854,8.948275566101074,0.1771599501371383,1,0.3086468875408172,0,1.910771608352661,0.0292149484157562,5.646885395050049,0.1625850349664688,set_-593232426475404965,candidate,C,south,102021982.0,21.520651625197367,2.931457870689005,0,0.0,0.0,0.0,0.0,0.0,50.50958503416983,1.1765004852957297,data/raw/cutouts/-593232426475404965_VIS.fits,0.8
-593299724501429153,59.32997247310861,-50.1429153877131,761,7.001007556915283,0.1634614616632461,1,0.2495698928833007,0,1.3613044023513794,0.0278834234923124,5.510276794433594,0.1593313664197921,set_-593299724501429153,candidate,C,south,102019590.0,21.78709863392154,2.8813846567705728,0,0.0,0.0,0.0,0.0,0.0,42.829713411827655,1.5180454151496785,data/raw/cutouts/-593299724501429153_VIS.fits,0.9
-593436260475215085,59.343626078930136,-47.52150853952456,778,9.277342796325684,0.1239688470959663,1,0.1092098504304885,0,2.469757556915283,0.0272984728217124,9.395137786865234,0.2069970518350601,set_-593232426475404965,reference,unlabelled,south,,21.48144098998681,2.890979596989689,1,84.42408474749254,-0.039210635210555,-0.0404782736993158,0.0641559285984211,84.42408474749476,74.8360819161603,1.4506220769798626,data/raw/cutouts/-593436260475215085_VIS.fits,0.1
-593498448501513465,59.34984481472125,-50.15134656831303,716,6.97644567489624,0.1327810138463974,1,0.3546185195446014,0,1.3766361474990845,0.0243436601012945,6.987996578216553,0.1721784770488739,set_-593299724501429153,reference,unlabelled,south,,21.790914458102414,2.854913022307856,1,54.9815417240899,0.0038158241808723,-0.0264716344627173,0.0202721787429753,54.98154172411259,52.54098814885291,1.763833786617439,data/raw/cutouts/-593498448501513465_VIS.fits,0.0
-593498930474278705,59.34989304281991,-47.42787057452573,1752,41.540260314941406,0.2197459191083908,1,0.1858727782964706,2,7.421085834503174,0.0412155948579311,20.545270919799805,0.2737663090229034,set_-593498930474278705,candidate,C,south,102021982.0,19.85382696563925,3.243534101832062,0,0.0,0.0,0.0,0.0,0.0,189.03768717748727,1.105611044132335,data/raw/cutouts/-593498930474278705_VIS.fits,1.0
-593617089500569920,59.3617089772134,-50.05699205091705,1128,13.341731071472168,0.2073516249656677,1,0.4374530911445617,2,2.0182125568389893,0.0316150449216365,8.43544864654541,0.1886939108371734,set_-593617089500569920,candidate,C,south,102019590.0,21.086969544112044,3.0523090996473234,0,0.0,0.0,0.0,0.0,0.0,64.34350863506003,1.5528532048485644,data/raw/cutouts/-593617089500569920_VIS.fits,0.7
-593632453474271572,59.363245304932526,-47.42715728978472,1943,35.87019348144531,0.2568915486335754,1,0.7362802028656006,386,8.03400707244873,275.9493408203125,19.162826538085938,0.2823638021945953,set_-593498930474278705,reference,unlabelled,south,,20.013165701905187,3.2884728005997825,1,32.62040095173269,0.1593387362659371,0.0449386987677207,0.3334975953709251,32.62040095171774,139.63166041172414,0.9438183966798666,data/raw/cutouts/-593632453474271572_VIS.fits,0.1
-593636751500506200,59.36367513977299,-50.050620041638375,1076,13.240114212036133,0.1636850982904434,1,0.4849366247653961,2,3.3340604305267334,0.0311926174908876,5.871657848358154,0.1863890886306762,set_-593617089500569920,reference,unlabelled,south,,21.09527067140939,3.0318122713303706,1,23.38509155669119,0.0083011272973472,-0.0204968283169528,0.0117374981153805,23.385091556689765,80.88771885967792,0.6144681832909198,data/raw/cutouts/-593636751500506200_VIS.fits,0.6
-593675473508702104,59.36754734951189,-50.870210403628136,2428,32.86431884765625,0.2214870601892471,1,0.1832628846168518,0,6.125396251678467,0.0351714342832565,14.024209976196287,0.2381418794393539,set_-593675473508702104,candidate,C,south,102018668.0,20.108188411408204,3.38524868240322,0,0.0,0.0,0.0,0.0,0.0,148.38031088396633,0.8993605428196341,data/raw/cutouts/-593675473508702104_VIS.fits,0.7
-593709468508518142,59.37094682655749,-50.85181424839214,2754,28.207582473754883,0.2948816120624542,1,0.2427420020103454,2,2.380312204360962,0.0274955835193395,3.6772115230560303,0.1578482538461685,set_-593675473508702104,reference,unlabelled,south,,20.27408533346823,3.439963935920905,1,66.67515132326749,0.1658969220600248,0.0547152535176849,0.3844529916695152,66.6751513232719,95.65731235822422,0.4722117225897612,data/raw/cutouts/-593709468508518142_VIS.fits,0.0
-593874517471170354,59.38745178340595,-47.11703547210212,1483,27.58584976196289,0.1631159782409668,1,0.2429008930921554,0,6.448274612426758,0.0347000733017921,18.32781219482422,0.2728779017925262,set_-593874517471170354,candidate,C,south,102022475.0,20.29828408343932,3.1711411510283822,0,0.0,0.0,0.0,0.0,0.0,169.11801075190235,1.1341677537826478,data/raw/cutouts/-593874517471170354_VIS.fits,1.0
-593943227471407808,59.3943227565277,-47.1407808882229,1279,27.02238655090332,0.153217539191246,1,0.3107077479362488,0,7.255401611328125,0.0362563133239746,13.334634780883787,0.2231541574001312,set_-593874517471170354,reference,unlabelled,south,,20.3206907444917,3.106870544478654,1,87.12426699683358,0.0224066610523827,-0.0642706065497282,0.1153539475270062,66.61076443842698,176.3661438079488,0.6607991706880013,data/raw/cutouts/-593943227471407808_VIS.fits,0.2
-594292561503070502,59.42925619324247,-50.30705023155713,1005,45.054298400878906,0.1825518310070037,1,0.089531660079956,0,14.246468544006348,0.0631336271762847,22.5151596069336,0.2610256969928741,set_-594292561503070502,candidate,C,south,102019126.0,19.76565942221561,3.002166061756508,0,0.0,0.0,0.0,0.0,0.0,246.80277460021955,0.4969195161428685,data/raw/cutouts/-594292561503070502_VIS.fits,0.5
-594322005503142251,59.432200522377165,-50.31422519223056,1188,45.59173202514648,0.2225432246923446,1,0.5864200592041016,0,11.96721363067627,0.0638664364814758,18.51972770690918,0.207679271697998,set_-594292561503070502,reference,unlabelled,south,,19.752784771706363,3.074816440645175,1,26.70211799641353,-0.0128746505092429,0.0726503788886669,0.1344049643439539,26.702117996419517,204.86686165429157,0.474103882965549,data/raw/cutouts/-594322005503142251_VIS.fits,0.1
-594574363484275631,59.45743633830307,-48.42756315671165,1100,13.269973754882812,0.2801094949245453,1,0.5504752993583679,0,2.386748790740967,0.0467336289584636,3.634910345077514,0.1295358389616012,set_-594949811484370392,reference,unlabelled,south,,21.09282484018647,3.041392685158225,1,95.94953962256832,0.058223102192116,0.0306688197664519,0.0690732279278717,95.94953962257304,47.37423755827135,0.4567174806781355,data/raw/cutouts/-594574363484275631_VIS.fits,0.2
-594606647495917244,59.46066475265084,-49.59172446096531,2224,25.737228393554688,0.260166198015213,1,0.3114306628704071,2,1.5635945796966553,0.0283329673111438,2.477210283279419,0.1257434636354446,set_-594608728495978705,reference,unlabelled,south,,20.37359555871068,3.34713478291002,1,22.131399598385208,0.0242275618530491,0.0035292748058481,0.0072532597868813,22.13139959835488,98.92610412075793,0.4995967947793636,data/raw/cutouts/-594606647495917244_VIS.fits,0.4
-594608728495978705,59.46087286608426,-49.59787059176789,2206,26.317995071411133,0.2259737849235534,1,0.2834542393684387,2,4.333649635314941,0.0366959162056446,9.727148056030272,0.1761160194873809,set_-594608728495978705,candidate,C,south,102020059.0,20.349367996857627,3.343605508104172,0,0.0,0.0,0.0,0.0,0.0,116.46481506832517,0.8778293237425382,data/raw/cutouts/-594608728495978705_VIS.fits,0.8
-594701290492743840,59.47012907485363,-49.27438409429966,878,29.96627426147461,0.1319551914930343,1,0.2489784359931945,2,9.586557388305664,0.0448633842170238,20.526023864746094,0.277742862701416,set_-594796080492663753,reference,unlabelled,south,,20.20841812497376,2.9434945159061026,1,36.42822342153149,0.0577226738320177,-0.0879139483455215,0.2313804494275273,36.428223421526624,227.09431832438725,0.8266053826560504,data/raw/cutouts/-594701290492743840_VIS.fits,0.1
-594796080492663753,59.47960807876582,-49.26637538230819,1075,31.602527618408203,0.1664169728755951,1,0.3956717550754547,0,8.058286666870117,0.0429746694862842,15.354009628295898,0.2299188524484634,set_-594796080492663753,candidate,C,south,102020059.0,20.150695451141743,3.031408464251624,0,0.0,0.0,0.0,0.0,0.0,189.89966631608337,0.6999477390444284,data/raw/cutouts/-594796080492663753_VIS.fits,0.3
-594878578477346510,59.48785782794967,-47.73465108928461,1060,10.950194358825684,0.2059899568557739,1,0.1828601658344268,2,2.258720636367798,0.0318951457738876,3.787731885910034,0.1487295478582382,set_-594932939477461938,reference,unlabelled,south,,21.30144543077737,3.0253058652647704,1,43.58810416447098,0.0257486298279872,0.0439403561862259,0.0572643272265591,43.5881041644876,53.15887495666879,0.5612917755407009,data/raw/cutouts/-594878578477346510_VIS.fits,0.1
-594906468492937706,59.49064688386386,-49.29377062498214,1217,41.93093490600586,0.2363729774951934,1,0.1380711644887924,0,10.093618392944336,0.0563703328371048,23.627342224121094,0.2867231070995331,set_-594906468492937706,candidate,C,south,102020059.0,19.843663635787347,3.085290578230065,0,0.0,0.0,0.0,0.0,0.0,177.3930986119533,0.9234199758209632,data/raw/cutouts/-594906468492937706_VIS.fits,0.9
-594932939477461938,59.49329390059837,-47.74619382670128,958,11.21298599243164,0.1720213294029235,1,0.218451902270317,0,2.252566337585449,0.0301528647541999,9.770944595336914,0.2019702345132827,set_-594932939477461938,candidate,C,south,102021982.0,21.275696800949387,2.9813655090785445,0,0.0,0.0,0.0,0.0,0.0,65.18369571582369,1.593147402433809,data/raw/cutouts/-594932939477461938_VIS.fits,0.8
-594949811484370392,59.49498119255693,-48.43703927614104,1025,14.00100803375244,0.1573071032762527,1,0.1810714304447174,0,3.1649694442749023,0.0289043355733156,11.576282501220703,0.2146210968494415,set_-594949811484370392,candidate,C,south,102021012.0,21.034601737994358,3.010723865391773,0,0.0,0.0,0.0,0.0,0.0,89.00429632325479,1.4079989874530514,data/raw/cutouts/-594949811484370392_VIS.fits,1.0
-594963796484947260,59.49637969470766,-48.494726093546255,2338,25.146759033203125,0.2318566143512725,1,0.2124065458774566,2,4.3133955001831055,0.0327159874141216,13.095418930053713,0.237347662448883,set_-594963796484947260,candidate,A,south,102021012.0,20.39879494945204,3.368844506825821,0,0.0,0.0,0.0,0.0,0.0,108.45823442890756,1.20575028846248,data/raw/cutouts/-594963796484947260_VIS.fits,1.0
-595169103486142432,59.51691032764612,-48.61424323766082,3426,52.746280670166016,0.3279540836811065,1,0.0740114748477935,2,7.230938911437988,0.0430210642516613,24.016786575317383,0.2364668995141983,set_-595169103486142432,candidate,C,south,102021012.0,19.594520396538787,3.534787358629492,0,0.0,0.0,0.0,0.0,0.0,160.83434631494035,1.303300515511144,data/raw/cutouts/-595169103486142432_VIS.fits,0.9
-595203216497695527,59.520321695224055,-49.76955277447299,1254,19.649959564208984,0.2105516940355301,1,0.1365842819213867,0,3.69173526763916,0.0358421690762043,10.635614395141602,0.1753933280706405,set_-595305472497722697,reference,unlabelled,south,,20.666595847452808,3.0982975364946976,1,25.70822139111361,0.0911225065132264,-0.0639680778033238,0.1951235137738512,25.70822139112325,93.3260577846175,1.148830081794452,data/raw/cutouts/-595203216497695527_VIS.fits,0.1
-595242200492769219,59.52422003863647,-49.27692191133936,940,37.48918151855469,0.1566029489040374,1,0.3060222566127777,2,11.915553092956545,0.0530215576291084,16.999155044555664,0.2503165900707245,set_-594906468492937706,reference,unlabelled,south,,19.965235102990903,2.9731278535996988,1,99.47130611632184,0.1215714672035552,-0.112162724630366,0.4872129119988391,87.13323258270722,239.39001009187368,0.3857828221854478,data/raw/cutouts/-595242200492769219_VIS.fits,0.3
-595249555471639697,59.52495552328434,-47.1639697513038,1745,25.39658737182617,0.2188331484794616,1,0.2121242582798004,0,5.5123291015625,0.0378627926111221,16.859106063842773,0.245300605893135,set_-595373137471638997,reference,unlabelled,south,,20.388061592815973,3.241795431295199,1,30.249575647446875,-0.0430247343769352,0.0442392181416622,0.0702802934517022,30.24957564745348,116.05457193433264,1.2137485115498772,data/raw/cutouts/-595249555471639697_VIS.fits,0.0
-595305472497722697,59.53054723155813,-49.772269759239386,1453,21.370302200317383,0.2232083827257156,1,0.1426406800746917,0,4.572706699371338,0.0404897071421146,11.746262550354004,0.2233402580022812,set_-595305472497722697,candidate,C,south,102019590.0,20.57547334093958,3.162265614298021,0,0.0,0.0,0.0,0.0,0.0,95.741485778237,1.0243158948691682,data/raw/cutouts/-595305472497722697_VIS.fits,1.0
-595337378484792229,59.53373784920724,-48.47922290144264,2730,29.88178825378418,0.3448799252510071,1,0.5254324078559875,2,2.3727476596832275,0.0340292565524578,7.897046089172363,0.1804515719413757,set_-594963796484947260,reference,unlabelled,south,,20.211483540107476,3.436162647040756,1,105.16914040259648,-0.1873114093445664,0.0673181402149345,0.5126155380888764,105.16914040260528,86.64403482468838,1.3055327974075246,data/raw/cutouts/-595337378484792229_VIS.fits,0.6
-595358391486166510,59.53583912354194,-48.61665106369498,2436,61.55040740966797,0.2612116038799286,1,0.7760242223739624,0,11.291990280151367,0.0521543063223362,30.06596946716309,0.2646501064300537,set_-595169103486142432,reference,unlabelled,south,,19.426922670187263,3.3866772839608377,1,45.87677662408113,-0.1675977263515236,-0.1481100746686539,0.8623192545799895,45.87677662407966,235.6342769441472,1.0632617911058335,data/raw/cutouts/-595358391486166510_VIS.fits,0.0
-595373137471638997,59.53731370916467,-47.16389970210152,1576,24.40987014770508,0.1871136873960495,1,0.2138358056545257,2,6.088417530059815,0.0404679290950298,18.36804962158203,0.2714122831821441,set_-595373137471638997,candidate,C,south,102022475.0,20.431086327192908,3.1975562131535367,0,0.0,0.0,0.0,0.0,0.0,130.45475447254984,1.1988965406119534,data/raw/cutouts/-595373137471638997_VIS.fits,0.7
-595396085483002350,59.539608509187126,-48.300235046377765,1687,29.311128616333008,0.1802265495061874,1,0.5197111964225769,0,6.264843940734863,0.0339595414698123,10.550220489501951,0.2056369930505752,set_-595807815483116843,reference,unlabelled,south,,20.23241864714777,3.2271150825891253,1,106.85977113011069,0.034777573881108,-0.095930652892576,0.2532958779832727,106.85977113009582,162.63490976575966,0.56587819754166,data/raw/cutouts/-595396085483002350_VIS.fits,0.0
-595438572473447655,59.54385720362366,-47.344765532508205,931,9.141008377075195,0.1990498751401901,1,0.3894692063331604,2,1.684749960899353,0.0317206904292106,3.559784173965454,0.1435220092535019,set_-595617579473440330,reference,unlabelled,south,,21.497514732644746,2.9689496809813427,1,43.74517449467879,-0.0890033705957762,0.0967934082330499,0.3238825125710706,43.74517449467794,45.92320578265732,0.8122205324529451,data/raw/cutouts/-595438572473447655_VIS.fits,0.0
-595617579473440330,59.561757909362335,-47.34403302061087,745,8.421564102172852,0.1553908884525299,1,0.0760634690523147,0,1.8522542715072632,0.0291757807135581,7.314220428466797,0.1755420118570327,set_-595617579473440330,candidate,C,south,102021982.0,21.58651810324052,2.8721562727482928,0,0.0,0.0,0.0,0.0,0.0,54.19599685695562,1.49116859883214,data/raw/cutouts/-595617579473440330_VIS.fits,0.9
-595646727509469177,59.56467277951752,-50.94691775377698,1555,21.3694076538086,0.2239634543657302,1,0.2171027809381485,0,4.433065414428711,0.0370814725756645,20.504196166992188,0.2160797119140625,set_-595646727509469177,candidate,A,south,102018668.0,20.57551879007973,3.191730393362856,0,0.0,0.0,0.0,0.0,0.0,95.41470823589174,1.6628465208874277,data/raw/cutouts/-595646727509469177_VIS.fits,1.0
-595703430509405428,59.5703430824632,-50.940542871156936,1222,23.043682098388672,0.2121108621358871,1,0.0519745238125324,0,4.027097225189209,0.0349002890288829,8.557311058044434,0.1612162142992019,set_-595646727509469177,reference,unlabelled,south,,20.493620311901825,3.0870712059065357,1,26.308036886387512,-0.081898478177905,-0.1046591874563209,0.3489582434605495,26.30803688639629,108.63980215980608,0.8183630101851898,data/raw/cutouts/-595703430509405428_VIS.fits,0.4
-595807815483116843,59.58078150513329,-48.31168430485456,2104,30.26520156860352,0.2054342329502105,1,0.1227827593684196,0,6.500669956207275,0.0370105095207691,22.031538009643555,0.2405267357826233,set_-595807815483116843,candidate,B,south,102021012.0,20.197641073266663,3.3230457354817013,0,0.0,0.0,0.0,0.0,0.0,147.32306847777733,1.3252167473018095,data/raw/cutouts/-595807815483116843_VIS.fits,1.0
-595904947496609166,59.59049478094239,-49.66091667077112,762,12.81967544555664,0.2643225193023681,1,0.0379167012870311,0,3.2047901153564453,0.0532624125480651,6.653525352478027,0.1732808649539947,set_-595972740496354540,reference,unlabelled,south,,21.130307424170155,2.8819549713396007,1,93.01758018988065,0.0735401140912657,0.0034331758383943,0.0678031321172738,93.01758018988907,48.5001258288241,0.7931305590119747,data/raw/cutouts/-595904947496609166_VIS.fits,0.2
-595972740496354540,59.597274098977714,-49.63545403109507,756,13.718071937561035,0.1809544414281845,1,0.1692959815263748,2,3.515428304672241,0.0418918170034885,12.141627311706545,0.1905855387449264,set_-595972740496354540,candidate,A,south,102020059.0,21.05676731007889,2.8785217955012063,0,0.0,0.0,0.0,0.0,0.0,75.80953431864414,1.3457466322074136,data/raw/cutouts/-595972740496354540_VIS.fits,1.0
-596315317481291321,59.63153174759023,-48.12913212476531,1123,14.242964744567873,0.1898837238550186,1,0.569318950176239,2,2.6419215202331543,0.0274318382143974,3.619239091873169,0.1453374177217483,set_-596705787481338553,reference,unlabelled,south,,21.015999001784863,3.050379756261458,1,95.34754983559468,0.008915575901863,-0.0486098831397194,0.0677504131709402,95.34754983560032,75.00887625019807,0.3417434040852152,data/raw/cutouts/-596315317481291321_VIS.fits,0.0
-596705787481338553,59.67057874004436,-48.13385535539454,1256,14.360403060913086,0.2244463562965393,1,0.3565368950366974,0,1.9152525663375848,0.0281870067119598,10.400373458862305,0.1639772802591323,set_-596705787481338553,candidate,B,south,102021495.0,21.007083425883,3.0989896394011773,0,0.0,0.0,0.0,0.0,0.0,63.98144883198759,1.837057203438094,data/raw/cutouts/-596705787481338553_VIS.fits,0.7
-596715715490891422,59.6715715514145,-49.089142214751256,3266,82.68356323242188,0.2621252238750458,1,0.0892329886555671,2,19.32552528381348,0.0636589899659156,53.23061752319336,0.401271104812622,set_-596715715490891422,candidate,C,south,102020533.0,19.10645203950853,3.5140161804006493,0,0.0,0.0,0.0,0.0,0.0,315.4353557055496,1.1000754929366152,data/raw/cutouts/-596715715490891422_VIS.fits,0.9
-596881593490863925,59.6881593733318,-49.08639252984649,3875,71.22969055175781,0.3518576920032501,1,0.5441159605979919,0,9.783390045166016,0.0474868901073932,24.97077369689941,0.2476990520954132,set_-596715715490891422,reference,unlabelled,south,,19.268347355969823,3.588271706842329,1,40.34156844982513,0.1618953164612904,0.0742555264416795,0.4304656105303196,40.34156844981609,202.43891826329568,1.0173565760407248,data/raw/cutouts/-596881593490863925_VIS.fits,0.0
-597110175501660820,59.711017578281314,-50.16608203766022,4606,102.28407287597656,0.3668771684169769,1,0.45953369140625,2,10.432111740112305,0.0465728528797626,22.81143951416016,0.2461964339017868,set_-597348936501788330,reference,unlabelled,south,,18.875479967542468,3.663323933628212,1,71.6784881543071,0.0742747088097708,-0.010802049114496,0.068618973193524,71.67848815431282,278.796506518293,0.8494511551184616,data/raw/cutouts/-597110175501660820_VIS.fits,0.0
-597348936501788330,59.73489360361414,-50.17883302062988,4722,109.5261688232422,0.2692646086215973,1,0.1580882370471954,0,20.754135131835938,0.0544098615646362,46.19748306274414,0.3597264885902405,set_-597348936501788330,candidate,C,south,102019591.0,18.801205258732697,3.674125982742708,0,0.0,0.0,0.0,0.0,0.0,406.760358830378,0.8687841869477089,data/raw/cutouts/-597348936501788330_VIS.fits,0.8
-597545545492645600,59.75455451038533,-49.26456002131536,2440,27.424196243286133,0.2260257452726364,1,0.2187321335077285,0,4.7364821434021,0.032170120626688,13.372936248779297,0.1872403472661972,set_-597545545492645600,candidate,C,south,102020059.0,20.3046652300049,3.387389826338729,0,0.0,0.0,0.0,0.0,0.0,121.3321792621746,1.1269271747548857,data/raw/cutouts/-597545545492645600_VIS.fits,0.9
-597667324476561960,59.76673242084809,-47.65619602780919,3057,36.90486145019531,0.2913941740989685,1,0.2031963169574737,0,5.476828575134277,0.039053987711668,23.91446685791016,0.273488312959671,set_-597667324476561960,candidate,C,south,102021983.0,19.98229105195142,3.485295438726089,0,0.0,0.0,0.0,0.0,0.0,126.64927692638432,1.6003288889216247,data/raw/cutouts/-597667324476561960_VIS.fits,1.0
-597728698492912112,59.77286984919207,-49.291211299555854,1752,31.02484130859375,0.2030291259288787,1,0.2344302386045456,2,6.243285655975342,0.0362614728510379,10.505151748657228,0.177635446190834,set_-597545545492645600,reference,unlabelled,south,,20.17072607807657,3.243534101832062,1,105.14610437226156,-0.133939151928331,-0.1438557245066674,0.7261701806422153,105.1461043722574,152.80980581801737,0.5649728102496553,data/raw/cutouts/-597728698492912112_VIS.fits,0.5
-597908760511024082,59.79087607554281,-51.10240825240414,831,10.183293342590332,0.1486042886972427,1,0.2524596452713012,0,2.3246712684631348,0.0272325407713651,9.2044095993042,0.1914625465869903,set_-597908760511024082,candidate,C,south,102018668.0,21.38027936413172,2.919601023784111,0,0.0,0.0,0.0,0.0,0.0,68.52624128054038,1.4940859716217352,data/raw/cutouts/-597908760511024082_VIS.fits,0.7
-597918964510732336,59.79189649350142,-51.0732336073168,757,10.905620574951172,0.177174225449562,1,0.5313846468925476,0,2.083159923553467,0.031086441129446,5.287064552307129,0.1302744597196579,set_-597908760511024082,reference,unlabelled,south,,21.30587404057116,2.8790958795000727,1,105.0540658744196,-0.0744053235605584,-0.040505144284038,0.1119913668540429,105.05406587442708,61.55308734822598,1.0112300026607772,data/raw/cutouts/-597918964510732336_VIS.fits,0.3
-597993330476620819,59.799333012535726,-47.662081901282725,2771,46.13817596435547,0.367701768875122,1,0.6450689435005188,0,6.854461193084717,0.0507031492888927,16.55511474609375,0.2351971715688705,set_-597667324476561960,reference,unlabelled,south,,19.73984894739567,3.442636525782232,1,81.83872388507538,-0.2424421045557494,-0.0426589129438572,0.7043274867735919,81.83872388507521,125.47716619776394,0.9573971831800528,data/raw/cutouts/-597993330476620819_VIS.fits,0.4
-598036771501180809,59.8036771328505,-50.11808095516636,722,8.173027038574219,0.1189011707901954,1,0.0546951480209827,0,2.593254327774048,0.029995022341609,9.072854042053224,0.207358181476593,set_-598036771501180809,candidate,C,south,102019591.0,21.619042660789333,2.858537197569639,0,0.0,0.0,0.0,0.0,0.0,68.73798621374188,1.3597470323827023,data/raw/cutouts/-598036771501180809_VIS.fits,1.0
-598123115501222606,59.81231150067472,-50.12226064018271,752,6.77698278427124,0.1576000154018402,1,0.6400966644287109,0,1.3305087089538574,0.0243913903832435,4.990943908691406,0.1531406044960022,set_-598036771501180809,reference,unlabelled,south,,21.82240904401765,2.876217840591642,1,24.97244337619752,0.2033663832283174,0.0176806430220031,0.4678818493358653,24.972443376174848,43.00115559628371,1.435412418543033,data/raw/cutouts/-598123115501222606_VIS.fits,0.0
-598457786472152534,59.845778633558425,-47.21525340582549,5850,96.27814483642578,0.2819174230098724,1,0.0561216697096824,0,15.948770523071287,0.0438482910394668,30.03839492797852,0.3126326203346252,set_-598602975472160057,reference,unlabelled,south,,18.941180716616365,3.767155866082181,1,35.605919321051935,-0.1080322662770143,-0.1734104204079098,0.8825437165715887,35.60591932105076,341.51186474577787,0.6873737838927031,data/raw/cutouts/-598457786472152534_VIS.fits,0.0
-598523367504401932,59.85233674701816,-50.44019327178667,861,23.24263572692871,0.1546285897493362,1,0.6104501485824585,0,6.016843795776367,0.0378500036895275,17.32229232788086,0.2052032351493835,set_-598523367504401932,candidate,A,south,102019127.0,20.48428656067471,2.935003151453655,0,0.0,0.0,0.0,0.0,0.0,150.31266704693263,1.1480915663764235,data/raw/cutouts/-598523367504401932_VIS.fits,0.1
-598572810479217173,59.857281011410365,-47.92171738800916,997,19.60491180419922,0.1323784440755844,1,0.2067411988973617,0,5.324824810028076,0.0316759869456291,10.854982376098633,0.1819980442523956,set_-598581476478977498,reference,unlabelled,south,,20.669087767754725,2.998695158311656,1,86.3083153877066,-0.1004020742124609,-0.0249687598861374,0.1339788041816634,86.308315387687,148.09746360975024,0.7733094972173736,data/raw/cutouts/-598572810479217173_VIS.fits,0.3
-598581476478977498,59.85814761288327,-47.89774989415692,1056,17.873271942138672,0.1672280877828598,1,0.2563231289386749,0,4.208283424377441,0.0340444222092628,10.164673805236816,0.1927569657564163,set_-598581476478977498,candidate,C,south,102021495.0,20.769489841967182,3.0236639181977933,0,0.0,0.0,0.0,0.0,0.0,106.8796048505113,0.9574711618563436,data/raw/cutouts/-598581476478977498_VIS.fits,0.9
-598602975472160057,59.86029759246954,-47.216005793566616,8721,87.15951538085938,0.4011856019496918,1,0.2771267294883728,2,6.937675952911377,0.0335236191749572,20.489072799682617,0.271616131067276,set_-598602975472160057,candidate,C,south,102022475.0,19.04921298289338,3.9405662864900894,0,0.0,0.0,0.0,0.0,0.0,217.25484403547733,1.1757707368031016,data/raw/cutouts/-598602975472160057_VIS.fits,0.8
-598690519504240230,59.86905192804729,-50.42402301937048,1197,23.64972305297852,0.1520882993936538,1,0.4955311715602875,0,5.884818077087402,0.0348729789257049,16.741851806640625,0.2550106346607208,set_-598523367504401932,reference,unlabelled,south,,20.465434851614308,3.0780941504064105,1,69.69929125693642,-0.018851709060403,0.1430909989527555,0.5199895376950011,69.69929125694,155.49995066856113,1.1351761293615117,data/raw/cutouts/-598690519504240230_VIS.fits,0.0
-598698823467009190,59.86988238379069,-46.70091900091518,993,12.11452293395996,0.1630772352218628,1,0.0044321329332888,0,2.412716150283813,0.029008612036705,3.618139982223511,0.1426079422235489,set_-598751051466947284,reference,unlabelled,south,,21.191734208918977,2.996949248495381,1,25.747865662360688,0.0809088670472348,0.0341065672941387,0.1023858762680711,25.747865662342072,74.28702674213498,0.4399478348986325,data/raw/cutouts/-598698823467009190_VIS.fits,0.1
-598720801495866362,59.87208018713308,-49.5866362212602,1129,13.72911262512207,0.1704687476158142,1,0.4631555080413818,2,2.5392098426818848,0.028490025550127,4.394366264343262,0.1492319107055664,set_-598920538496078263,reference,unlabelled,south,,21.05589383070037,3.052693941924968,1,89.39474316040875,0.0810882450347847,-0.0915688318370229,0.2895315563719405,89.39474316042603,80.537417075788,0.5954941476921185,data/raw/cutouts/-598720801495866362_VIS.fits,0.0
-598751051466947284,59.87510512154759,-46.69472843797022,918,13.051783561706545,0.1326744854450225,1,0.0751603245735168,2,2.613893985748291,0.0288843587040901,4.586291790008545,0.141041412949562,set_-598751051466947284,candidate,C,south,102022972.0,21.11082534187174,2.9628426812012423,0,0.0,0.0,0.0,0.0,0.0,98.37448035262912,0.6104342813761197,data/raw/cutouts/-598751051466947284_VIS.fits,0.8
-598794269502533583,59.87942698823021,-50.25335835642255,2400,41.85541915893555,0.2162070572376251,1,0.2126931548118591,0,7.1623053550720215,0.0342577584087848,11.661094665527344,0.197184607386589,set_-598818802502691765,reference,unlabelled,south,,19.84562076123431,3.380211241711606,1,57.224710744648846,-0.0640223539046829,0.0158478870958753,0.0546292966066977,57.22471074463607,193.58951411532243,0.5292162209390211,data/raw/cutouts/-598794269502533583_VIS.fits,0.0
-598818802502691765,59.88188028354981,-50.269176548621616,2314,39.45869827270508,0.2420990914106369,1,0.2026252299547195,0,8.249616622924805,0.0455150716006755,16.808841705322266,7.180716514587402,set_-598818802502691765,candidate,C,south,102019127.0,19.909643115138994,3.3643633546157306,0,0.0,0.0,0.0,0.0,0.0,162.98573465431608,0.7727600521657991,data/raw/cutouts/-598818802502691765_VIS.fits,0.7
-598920538496078263,59.89205385113966,-49.607826345265366,1394,14.79373264312744,0.1493260562419891,1,0.1634831875562667,2,2.4631197452545166,0.0256294179707765,8.425066947937012,0.2050234377384185,set_-598920538496078263,candidate,A,south,102020060.0,20.974805585665585,3.144262773761991,0,0.0,0.0,0.0,0.0,0.0,99.0700016824497,1.33521958720635,data/raw/cutouts/-598920538496078263_VIS.fits,0.9
-599213871503841647,59.921387193993134,-50.384164703621295,1577,25.6624813079834,0.1875981539487838,1,0.4618631899356842,0,4.661495208740234,0.0309533774852752,13.928385734558104,0.215774580836296,set_-599213871503841647,candidate,C,south,102019127.0,20.376753384880715,3.197831693328903,0,0.0,0.0,0.0,0.0,0.0,136.79495649509172,1.1884388587794188,data/raw/cutouts/-599213871503841647_VIS.fits,0.1
-599287912503673052,59.92879120823281,-50.36730524415516,1426,25.25295829772949,0.1655797064304351,1,0.3866422176361084,0,6.37548303604126,0.034508790820837,10.381587982177734,31.890182495117188,set_-599213871503841647,reference,unlabelled,south,,20.394219346128303,3.154119525515847,1,63.02959788366255,0.0174659612475878,-0.043712167813056,0.054564369562917,63.02959788367349,152.51239926759382,0.5293767359373016,data/raw/cutouts/-599287912503673052_VIS.fits,0.7
-599367482480644561,59.93674824813309,-48.06445615871568,4174,61.43365478515625,0.261677086353302,1,0.2242037057876587,2,12.51657772064209,0.0444845929741859,32.22878646850586,0.3635265231132507,set_-599367482480644561,candidate,C,south,102021495.0,19.42898411761795,3.620552444729435,0,0.0,0.0,0.0,0.0,0.0,234.76894993477535,1.0268958815601588,data/raw/cutouts/-599367482480644561_VIS.fits,1.0
-599491896465629208,59.949189604347374,-46.56292082434012,715,12.227890968322754,0.1344774514436721,1,0.0473172850906848,0,2.9744210243225098,0.03139478713274,5.643810749053955,0.1666045784950256,set_-599491896465629208,candidate,C,south,102022972.0,21.181621105938408,2.8543060418010806,0,0.0,0.0,0.0,0.0,0.0,90.92893148294525,0.6954250004063469,data/raw/cutouts/-599491896465629208_VIS.fits,0.8
-599657499465703238,59.96574991323802,-46.570323847692094,787,12.16199779510498,0.1458510905504226,1,0.2166868448257446,0,2.79541563987732,0.0281124152243137,5.340095520019531,0.1343043893575668,set_-599491896465629208,reference,unlabelled,south,,21.187487699145613,2.8959747323590648,1,48.89004569074775,0.0058665932072052,0.0416686905579841,0.0458386470957807,48.89004569075923,83.3864028661508,0.7027565870535822,data/raw/cutouts/-599657499465703238_VIS.fits,0.1
-599665909480464014,59.96659092324745,-48.046401416207736,4579,73.86167907714844,0.2877080142498016,1,0.489319235086441,0,13.227380752563477,0.0470944568514823,30.3694076538086,0.323984831571579,set_-599367482480644561,reference,unlabelled,south,,19.22895205969081,3.660770643527697,1,96.85698297049956,-0.2000320579271388,0.0402181987982621,0.4930674547741922,96.85698297048852,256.7244408180381,0.902406165613885,data/raw/cutouts/-599665909480464014_VIS.fits,0.3
-599922229484834183,59.99222292070064,-48.483418390719685,6118,125.37586212158205,0.4137603640556335,1,0.1113614439964294,0,20.658428192138672,0.0535420179367065,42.41962432861328,2.4014291763305664,set_-600149369484993154,reference,unlabelled,south,,18.65446516905925,3.78660947264866,1,78.8161403749925,0.0838789096690995,-0.1511089709686044,0.6543479303364163,78.81614037499716,303.0156414516404,0.7811738578666271,data/raw/cutouts/-599922229484834183_VIS.fits,0.5
-600083192470571702,60.00831925804403,-47.05717029644418,1555,22.88698959350586,0.2383155971765518,1,0.4254763722419739,386,6.506513595581055,0.0936033129692077,9.855162620544434,0.2277067601680755,set_-600456068470534030,reference,unlabelled,south,,20.50102831963612,3.191730393362856,1,92.45359792916594,0.0367906908075958,0.1688897824863282,0.7354617123326208,92.45359792916244,96.0364737543823,0.4507886334848688,data/raw/cutouts/-600083192470571702_VIS.fits,0.7
-600149369484993154,60.01493695571873,-48.49931545879527,8664,135.44578552246094,0.3268005847930908,1,0.2872529029846191,2,21.33335876464844,0.0538480579853057,46.24312210083008,0.3136242628097534,set_-600149369484993154,candidate,C,south,102021012.0,18.57058625939015,3.937718443617264,0,0.0,0.0,0.0,0.0,0.0,414.46004635584274,0.8399697769439363,data/raw/cutouts/-600149369484993154_VIS.fits,0.5
-600323536502378420,60.0323536401523,-50.23784203380106,720,11.799065589904783,0.1335470080375671,1,0.1051800623536109,0,3.2306365966796875,0.0324235968291759,8.309203147888184,0.1976400017738342,set_-600521539502419334,reference,unlabelled,south,,21.22038096165344,2.8573324964312685,1,47.9099660812403,0.1197560438498008,-0.0479235523171825,0.2187346885995284,47.90996608121888,88.3514034742409,1.0256781712714187,data/raw/cutouts/-600323536502378420_VIS.fits,0.1
-600456068470534030,60.04560683046446,-47.05340301458803,1054,23.67581558227539,0.1750107705593109,1,0.1104353815317154,2,5.318160533905029,0.0417523123323917,18.83907890319824,0.2672171890735626,set_-600456068470534030,candidate,C,south,102022476.0,20.46423762882852,3.022840610876528,0,0.0,0.0,0.0,0.0,0.0,135.28204867969362,1.3732455556726788,data/raw/cutouts/-600456068470534030_VIS.fits,0.8
-600521539502419334,60.052153994387446,-50.24193342971328,804,13.174982070922852,0.1466090530157089,1,0.0862680748105049,0,3.4163410663604736,0.0348687432706356,9.504426956176758,0.1680525243282318,set_-600521539502419334,candidate,C,south,102019591.0,21.10062491780364,2.905256048748451,0,0.0,0.0,0.0,0.0,0.0,89.8647239029037,1.1109117897965908,data/raw/cutouts/-600521539502419334_VIS.fits,1.0
-600569205487846672,60.056920518693794,-48.78466728215514,1517,18.16116523742676,0.1743446141481399,1,0.3934706449508667,0,4.132194995880127,0.0323861949145793,15.233892440795898,0.1981465369462967,set_-600985388487893328,reference,unlabelled,south,,20.752140725447344,3.1809855807867304,1,100.133074215873,-0.0150004207225151,0.0730975556039319,0.144677677448217,100.13307421587028,104.16820345247542,1.4165751937198334,data/raw/cutouts/-600569205487846672_VIS.fits,0.1
-600746555466333367,60.0746555774382,-46.63333677705033,2352,55.669883728027344,0.2262739092111587,1,0.3226649463176727,2,11.865532875061035,0.0424367673695087,22.48750114440918,0.2527772486209869,set_-600831085466204480,reference,unlabelled,south,,19.535949214396062,3.371437317404101,1,50.88850943878692,0.0814289466550413,-0.1435086879039033,0.5907629352075052,50.8885094387792,246.028735359304,0.694134878797726,data/raw/cutouts/-600746555466333367_VIS.fits,0.5
-600831085466204480,60.08310853550404,-46.62044804324656,3273,60.005615234375,0.2981653213500976,1,0.1237407326698303,0,12.068331718444824,0.0529366061091423,31.71941566467285,0.3339975774288177,set_-600831085466204480,candidate,C,south,102022972.0,19.454520267741024,3.5149460053080044,0,0.0,0.0,0.0,0.0,0.0,201.24947784896165,1.0491948478994642,data/raw/cutouts/-600831085466204480_VIS.fits,1.0
-600852681472220928,60.08526811662029,-47.22209289870237,3564,56.28390121459961,0.2520920038223266,1,0.2376403361558914,0,10.913172721862791,0.0434625446796417,29.170413970947266,0.308152824640274,set_-600852681472220928,candidate,C,south,102022476.0,19.52403951968641,3.5519376953648374,0,0.0,0.0,0.0,0.0,0.0,223.26730067276657,1.0674789091035142,data/raw/cutouts/-600852681472220928_VIS.fits,1.0
-600943684472404458,60.094368484654574,-47.24044584513985,3141,58.82527160644531,0.230452686548233,1,0.4487466216087341,2,12.397912979125977,0.0443089455366134,26.4056396484375,0.2828654944896698,set_-600852681472220928,reference,unlabelled,south,,19.47609014733658,3.497067936398505,1,69.71529153601851,-0.0479493723498336,-0.0548697589663325,0.1049801437661045,69.71529153601762,255.25964781553276,0.8208702713906184,data/raw/cutouts/-600943684472404458_VIS.fits,0.5
-600985388487893328,60.09853883829494,-48.78933287381373,1282,17.911977767944336,0.1664924323558807,1,0.3634946346282959,2,3.7615134716033936,0.0301202535629272,14.734530448913574,0.1829257011413574,set_-600985388487893328,candidate,A,south,102020534.0,20.76714114616986,3.1078880251827985,0,0.0,0.0,0.0,0.0,0.0,107.58433590337094,1.482434197547804,data/raw/cutouts/-600985388487893328_VIS.fits,0.3
-601313605481492453,60.131360580454746,-48.14924532293148,713,9.611531257629396,0.1329073309898376,1,0.2229181975126266,2,2.3327231407165527,0.029916638508439,8.095568656921387,0.1570923030376434,set_-601313605481492453,candidate,C,south,102021495.0,21.4430185433774,2.8530895298518657,0,0.0,0.0,0.0,0.0,0.0,72.3175402443701,1.3509604067441583,data/raw/cutouts/-601313605481492453_VIS.fits,0.5
-601362659499825067,60.13626591148245,-49.98250674895026,2258,45.108734130859375,0.2123111188411712,1,0.7357867360115051,0,6.279528617858887,0.0338089279830455,19.16642570495605,0.2041496187448501,set_-601417531499600002,reference,unlabelled,south,,19.764348400427767,3.353723937588949,1,82.01339719869492,-0.2049111564538535,0.0095282217175141,0.4745761057391329,82.0133971987043,212.46524617773304,1.2115352150541696,data/raw/cutouts/-601362659499825067_VIS.fits,0.0
-601417531499600002,60.14175313788287,-49.96000027775544,2209,37.35047912597656,0.2133424133062362,1,0.0685220956802368,1,8.430671691894531,0.0441194809973239,27.962322235107425,0.3003089129924774,set_-601417531499600002,candidate,B,south,102019591.0,19.96925955688162,3.344195715871435,0,0.0,0.0,0.0,0.0,0.0,175.0729193841212,1.3017776472087683,data/raw/cutouts/-601417531499600002_VIS.fits,1.0
-601584208481430865,60.15842089993913,-48.1430865421323,725,9.96276569366455,0.1447299271821975,1,0.0743676051497459,2,2.4002327919006348,0.030088372528553,3.848286390304565,0.1245369985699653,set_-601313605481492453,reference,unlabelled,south,,21.404050208467936,2.8603380065709936,1,68.67726844608376,-0.0389683349094625,0.0072484767191278,0.0222297745912579,68.67726844610412,68.83694262571301,0.5125350502244721,data/raw/cutouts/-601584208481430865_VIS.fits,0.9
-601657296470027378,60.165729654101575,-47.002737869545705,2779,34.9365234375,0.2300473302602768,1,0.1016543209552764,0,7.041860580444336,0.0357463061809539,19.38494110107422,0.2525930106639862,set_-601657296470027378,candidate,B,south,102022476.0,20.041800785519992,3.443888546777372,0,0.0,0.0,0.0,0.0,0.0,151.86667629645007,1.0994426585750765,data/raw/cutouts/-601657296470027378_VIS.fits,1.0
-601671559474562593,60.16715593696664,-47.45625936977412,2019,60.14384841918945,0.1847862303256988,1,0.3220941722393036,0,14.934332847595217,0.0477658435702323,35.19757080078125,0.3509970903396606,set_-601671559474562593,candidate,C,south,102021983.0,19.452021965458027,3.305136318943639,0,0.0,0.0,0.0,0.0,0.0,325.47797697470025,0.9308171619999134,data/raw/cutouts/-601671559474562593_VIS.fits,1.0
-601798619474592790,60.17986195777677,-47.45927901620412,2129,50.96775436401367,0.2146418690681457,1,0.7809589505195618,0,8.894997596740723,0.0391030423343181,25.0058650970459,0.3217074573040008,set_-601671559474562593,reference,unlabelled,south,,19.631761252441905,3.3281756614383227,1,32.78233513193108,0.1797392869838781,0.0230393424946835,0.3731495519031871,32.78233513192059,237.4548571780846,1.122240122029531,data/raw/cutouts/-601798619474592790_VIS.fits,0.0
-601846137470083649,60.18461378762755,-47.00836499219549,2605,35.28486633300781,0.2381048649549484,1,0.3451533913612366,0,5.872843265533447,0.03284377977252,19.854167938232425,29.456018447875977,set_-601657296470027378,reference,unlabelled,south,,20.031028808579222,3.4158077276355434,1,50.592149389025685,-0.0107719769407665,-0.0280808191418286,0.0231970082178233,50.59214938900016,148.19044684233577,1.3225082013316305,data/raw/cutouts/-601846137470083649_VIS.fits,0.4
-601860132501221718,60.18601327131462,-50.12217188765516,706,10.809085845947266,0.1115428656339645,1,0.1582779288291931,0,3.3257997035980225,0.0305831748992204,11.183361053466797,0.4155347347259521,set_-601860132501221718,candidate,C,south,102019591.0,21.31552758492441,2.848804701051804,0,0.0,0.0,0.0,0.0,0.0,96.90521921337414,1.3166906399975984,data/raw/cutouts/-601860132501221718_VIS.fits,1.0
-601877641507900848,60.18776419795175,-50.79008486630107,1250,20.781810760498047,0.1703210324048996,1,0.1074471399188041,2,3.922945499420166,0.0286128371953964,9.824423789978027,0.1881248950958252,set_-601964314507851429,reference,unlabelled,south,,20.60579153547081,3.096910013008056,1,26.56368292602956,-0.0517158233639136,0.0152027429107071,0.0361000079962518,26.56368292603907,122.01552836465908,0.9967370336762084,data/raw/cutouts/-601877641507900848_VIS.fits,0.3
-601964314507851429,60.19643143166767,-50.78514291282703,1207,19.815135955810547,0.1945931315422058,1,0.2298316806554794,0,4.581732749938965,0.0391491129994392,13.249661445617676,0.2251619100570678,set_-601964314507851429,candidate,C,south,102018669.0,20.657507358834728,3.081707270097349,0,0.0,0.0,0.0,0.0,0.0,101.8285475893726,1.152937569825501,data/raw/cutouts/-601964314507851429_VIS.fits,0.8
-602211081501095691,60.22110812057163,-50.10956911172171,768,11.114137649536133,0.159212440252304,1,0.2048929035663604,0,2.6477744579315186,0.0306853726506233,7.503986835479736,0.1753182411193847,set_-601860132501221718,reference,unlabelled,south,,21.28531057185847,2.885361220031512,1,92.85385739039718,-0.0302170130659398,0.0365565189797085,0.0509465127825537,51.21119817236228,69.80696754552318,1.13102768773691,data/raw/cutouts/-602211081501095691_VIS.fits,0.4
-602367657488487722,60.23676577481466,-48.84877228428121,1086,11.458864212036133,0.1773483157157898,1,0.246540293097496,0,2.106523275375366,0.0277958419173955,8.747308731079102,0.1593610048294067,set_-602367657488487722,candidate,C,south,102020534.0,21.25214606737237,3.035829825252828,0,0.0,0.0,0.0,0.0,0.0,64.6121964326945,1.545770482176994,data/raw/cutouts/-602367657488487722_VIS.fits,0.8
-602490594496396650,60.24905944717717,-49.63966501288856,5138,88.6164321899414,0.289426177740097,1,0.4157491624355316,2,14.786649703979492,0.0426758527755737,45.650146484375,0.3619888126850128,set_-602850610496543491,reference,unlabelled,south,,19.03121434799901,3.710794099930328,1,99.1811893480208,-0.290372139665866,0.0096580338378009,0.9476097204166872,99.1811893480356,306.179741175722,1.223930977264969,data/raw/cutouts/-602490594496396650_VIS.fits,0.1
-602566711472517218,60.25667111781717,-47.25172184582422,1815,21.48562240600586,0.214773491024971,1,0.2188079953193664,0,3.202740430831909,0.0291721951216459,13.315482139587402,0.2222745865583419,set_-602566711472517218,candidate,C,south,102021983.0,20.56963015235785,3.258876629372131,0,0.0,0.0,0.0,0.0,0.0,100.03852106453768,1.5470878853201326,data/raw/cutouts/-602566711472517218_VIS.fits,1.0
-602581153472635098,60.25811539326224,-47.26350988107763,3487,77.25091552734375,0.2466139048337936,1,0.47447669506073,2,14.284765243530272,0.0456044487655162,35.50586700439453,0.2845994830131531,set_-602805252472760279,reference,unlabelled,south,,19.18024091224593,3.542451947375977,1,70.90530891871748,-0.1308831624770832,-0.0728667092355022,0.3273870601028696,42.58339466333706,313.2463904636979,0.988567536062836,data/raw/cutouts/-602581153472635098_VIS.fits,0.6
-602645294476838591,60.26452945796935,-47.68385910909134,987,12.810195922851562,0.1373647302389145,1,0.0566061586141586,0,3.509275436401367,0.0303875003010034,10.065841674804688,0.1800124496221542,set_-602645294476838591,candidate,C,south,102021983.0,21.131110569946905,2.9943171526696366,0,0.0,0.0,0.0,0.0,0.0,93.25680544468118,1.1440815965213982,data/raw/cutouts/-602645294476838591_VIS.fits,0.2
-602674677494407313,60.2674677789924,-49.44073134428216,1487,19.6799545288086,0.1829684376716613,1,0.0968459993600845,0,4.213356971740723,0.0316723473370075,14.189501762390137,0.2364953607320785,set_-602674677494407313,candidate,C,south,102020060.0,20.66493977338851,3.172310968521954,0,0.0,0.0,0.0,0.0,0.0,107.55928606727504,1.3183472262885756,data/raw/cutouts/-602674677494407313_VIS.fits,1.0
-602754448488587494,60.27544484275314,-48.85874949310973,855,12.995682716369627,0.1506120711565017,1,0.2998979687690735,2,2.99669885635376,0.0291414130479097,4.187076091766357,0.1481121480464935,set_-602367657488487722,reference,unlabelled,south,,21.115502250745298,2.931966114728173,1,98.40954960364652,-0.1366438166270747,-0.1038637105246551,0.4854560785771917,98.40954960364073,86.28579778884891,0.3631693782336826,data/raw/cutouts/-602754448488587494_VIS.fits,0.0
-602774648476706574,60.27746484389209,-47.67065742100259,1226,29.230579376220703,0.1807705163955688,1,0.0568736121058464,0,8.418349266052246,0.0482693724334239,22.0534782409668,0.2697688937187195,set_-603187980476595342,reference,unlabelled,south,,20.235406441130703,3.0884904701823963,1,107.91522549293543,-0.0371242552547919,-0.086731330160656,0.2133558460559459,56.93687587006344,161.69992739445,1.0456253884664024,data/raw/cutouts/-602774648476706574_VIS.fits,1.0
-602782620483749704,60.27826205088743,-48.37497049221645,1864,32.957801818847656,0.2252190858125686,1,0.279228925704956,2,5.863287925720215,0.0368506871163845,9.240262031555176,0.1828376203775406,set_-602988184483617128,reference,unlabelled,south,,20.1051044051937,3.270445908017962,1,68.51943456195511,-0.0314172853363423,-0.039822458614485,0.0546380121050464,68.51943456194324,146.33662906471318,0.4938576638402753,data/raw/cutouts/-602782620483749704_VIS.fits,0.0
-602793047476653008,60.27930477158941,-47.66530087884578,1343,13.293529510498049,0.2326525151729583,1,0.2558749914169311,0,1.9079965353012085,0.0307905208319425,8.956543922424316,0.1809752732515335,set_-602645294476838591,reference,unlabelled,south,,21.090899240001114,3.1280760126687155,1,75.80431483557285,-0.0402113299457909,0.1337588599990788,0.4701784595965651,75.80431483557167,57.13898902238554,1.678907195648553,data/raw/cutouts/-602793047476653008_VIS.fits,0.1
-602805252472760279,60.28052521411325,-47.27602798875559,4124,68.47789001464844,0.2470876276493072,1,0.1387175470590591,2,13.451322555541992,0.0426894053816795,34.18660354614258,0.3339453637599945,set_-602805252472760279,candidate,C,south,102021983.0,19.31112407472301,3.615318656611479,0,0.0,0.0,0.0,0.0,0.0,277.14010072507347,1.0127274215735853,data/raw/cutouts/-602805252472760279_VIS.fits,0.8
-602850610496543491,60.28506105614724,-49.65434917535883,5025,67.8211898803711,0.3059222996234894,1,0.3260734677314758,2,11.896068572998049,0.0449179671704769,30.30081558227539,0.2644725441932678,set_-602850610496543491,candidate,C,south,102020060.0,19.32158648766488,3.701136066092527,0,0.0,0.0,0.0,0.0,0.0,221.69416862988183,1.0151271481659534,data/raw/cutouts/-602850610496543491_VIS.fits,0.3
-602907085494502542,60.29070853850541,-49.45025423906164,1040,19.084060668945312,0.1769389361143112,1,0.6077905297279358,2,3.98494815826416,0.0352961085736751,6.972220420837402,0.1820772439241409,set_-602674677494407313,reference,unlabelled,south,,20.69832302868113,3.0170333392987803,1,64.29925177733881,0.0333832552926232,-0.1552776292231739,0.6187058156470782,64.2992517773268,107.85676170572246,0.6073710816081755,data/raw/cutouts/-602907085494502542_VIS.fits,0.0
-602940269483238112,60.29402695508576,-48.32381123584299,3260,46.02024841308594,0.2626726925373077,1,0.167662501335144,2,7.911693572998047,0.038652554154396,25.143253326416016,0.2677476108074188,set_-602940269483238112,candidate,B,south,102021013.0,19.742627603448028,3.513217600067939,0,0.0,0.0,0.0,0.0,0.0,175.19997213471146,1.2553800318885122,data/raw/cutouts/-602940269483238112_VIS.fits,0.9
-602988184483617128,60.29881840397395,-48.36171286318531,2043,32.01778793334961,0.1926170140504837,1,0.2007899135351181,2,7.43304967880249,0.0388780459761619,19.6518669128418,0.2181234657764434,set_-602988184483617128,candidate,C,south,102021013.0,20.13652169053004,3.310268366632448,0,0.0,0.0,0.0,0.0,0.0,166.22512861173286,1.0555919472640238,data/raw/cutouts/-602988184483617128_VIS.fits,0.2
-602998181472542368,60.2998181170486,-47.25423688395757,1814,24.46315193176269,0.1973069161176681,1,0.7438284754753113,2,4.040426731109619,0.0301330052316188,13.732961654663086,0.2221908420324325,set_-602566711472517218,reference,unlabelled,south,,20.428718968578146,3.2586372827240764,1,105.81969842660784,-0.140911183779707,-0.0002393466480548,0.2302235449886146,91.51794924411844,123.98527336554984,1.32834242929345,data/raw/cutouts/-602998181472542368_VIS.fits,0.0
-603093568483473260,60.30935685945626,-48.34732605851217,2903,49.83306121826172,0.3104362785816192,1,0.5248004198074341,0,6.715436935424805,0.0409548282623291,20.15886688232422,0.206200823187828,set_-602940269483238112,reference,unlabelled,south,,19.656206083830146,3.4628470358316736,1,92.26115873637724,-0.0864215196178861,-0.0503705642362652,0.1537129384779201,57.60250855318434,160.5258942219916,1.1934796050635217,data/raw/cutouts/-603093568483473260_VIS.fits,0.0
-603187980476595342,60.31879802422644,-47.659534274384136,1497,28.24800109863281,0.2066399753093719,1,0.1973747164011001,0,7.0757598876953125,0.0453014411032199,20.85057640075684,0.2934558391571045,set_-603187980476595342,candidate,C,south,102021983.0,20.2725306963855,3.1752218003430523,0,0.0,0.0,0.0,0.0,0.0,136.70153152283916,1.1733624458527605,data/raw/cutouts/-603187980476595342_VIS.fits,0.8
-603526268471351537,60.35262688298845,-47.13515376796513,4217,80.44239807128906,0.2647155523300171,1,0.1776074469089508,0,15.127311706542969,0.0483049824833869,40.93425750732422,0.3441614210605621,set_-603526268471351537,candidate,C,south,102022476.0,19.136287477783828,3.625003601014864,0,0.0,0.0,0.0,0.0,0.0,303.8824026893693,1.0808129035267215,data/raw/cutouts/-603526268471351537_VIS.fits,0.6
-603818455471379495,60.38184554714911,-47.13794954560342,4599,75.533935546875,0.326302707195282,1,0.0476120933890342,2,6.57724142074585,0.032979529350996,9.345102310180664,0.1547716856002807,set_-603526268471351537,reference,unlabelled,south,,19.204644716637745,3.6626634095740376,1,72.25833638082516,0.0683572388539168,0.0376598085591739,0.0918519479342365,72.25833638083904,231.48424417352533,0.3813506931536263,data/raw/cutouts/-603818455471379495_VIS.fits,0.1
-604105345487687311,60.41053457000606,-48.76873115888649,1102,21.671152114868164,0.1482949405908584,1,0.0999560207128524,0,5.1953125,0.0323242209851741,13.56049346923828,0.2280163466930389,set_-604105345487687311,candidate,C,south,102020534.0,20.560294998600643,3.042181594515766,0,0.0,0.0,0.0,0.0,0.0,146.13547858425102,1.0416595455795865,data/raw/cutouts/-604105345487687311_VIS.fits,1.0
-604202280487971371,60.420228017904776,-48.79713713754781,1282,24.109575271606445,0.1405930817127227,1,0.3894283175468445,0,6.936519622802734,0.0371604859828949,18.938278198242188,0.2855452299118042,set_-604105345487687311,reference,unlabelled,south,,20.444526100852546,3.1078880251827985,1,104.81474213795356,-0.1157688977480972,0.0657064306670323,0.2662681859409637,104.8147421379558,171.4847912706696,1.0904971818449287,data/raw/cutouts/-604202280487971371_VIS.fits,0.0
-604445744496598366,60.44457444833819,-49.65983667007566,1086,10.900629997253418,0.1544607728719711,1,0.1271495223045349,0,2.801180839538574,0.0309865586459636,7.066702365875244,0.1831859797239303,set_-604835509496532268,reference,unlabelled,south,,21.306371003675,3.035829825252828,1,93.9007322550367,-0.0089675016069001,0.0581062199639803,0.0928612863381928,93.9007322550286,70.57215754247646,1.0046891327730476,data/raw/cutouts/-604445744496598366_VIS.fits,0.8
-604559521473181262,60.45595217846718,-47.31812624006899,918,9.85433292388916,0.1857669055461883,1,0.545525074005127,2,1.4183672666549685,0.0253657083958387,3.746224164962769,0.158088207244873,set_-604677753473202214,reference,unlabelled,south,,21.415931923458658,2.9628426812012423,1,29.823882082084,0.05303500468451,0.0597526942092985,0.1212745360642661,29.82388208207701,53.04676252702622,1.054512652413429,data/raw/cutouts/-604559521473181262_VIS.fits,0.0
-604677753473202214,60.46777533655038,-47.320221462546805,800,10.347638130187988,0.1249459087848663,1,0.2678152322769165,0,2.32057523727417,0.0269166845828294,6.244184494018555,3.4550111293792725,set_-604677753473202214,candidate,C,south,102021983.0,21.362896918774148,2.903089986991944,0,0.0,0.0,0.0,0.0,0.0,82.81694239388585,1.0747001821903557,data/raw/cutouts/-604677753473202214_VIS.fits,0.9
-604829009504180724,60.48290096069786,-50.41807245532069,848,8.5693941116333,0.1312458217144012,1,0.0768321901559829,0,1.7282315492630005,0.0225399062037467,,,set_-604893006504279963,reference,unlabelled,south,,21.56762470810809,2.9283958522567137,1,38.62395428010251,0.0969400778034135,0.0789764384598141,0.2616262510039091,38.62395428011645,65.29270036710821,,data/raw/cutouts/-604829009504180724_VIS.fits,0.4
-604835509496532268,60.48355094189029,-49.65322683738035,950,10.810968399047852,0.1580819338560104,1,0.1226830258965492,0,2.401862144470215,0.0281382072716951,7.166329383850098,0.1946078240871429,set_-604835509496532268,candidate,C,south,102020060.0,21.3153385052819,2.977723605288848,0,0.0,0.0,0.0,0.0,0.0,68.38838654956655,1.1868717207586807,data/raw/cutouts/-604835509496532268_VIS.fits,1.0
-604836154490669092,60.48361548429967,-49.066909219608,1043,13.386634826660156,0.1492694616317749,1,0.2733500599861145,2,3.1082921028137207,0.030021533370018,6.209065437316895,27.12794303894043,set_-604836154490669092,candidate,A,south,102020534.0,21.08332145886877,3.018284308426531,0,0.0,0.0,0.0,0.0,0.0,89.68100159484028,0.7512610296969292,data/raw/cutouts/-604836154490669092_VIS.fits,0.9
-604889332489148809,60.48893324139952,-48.91488099141328,1824,37.29384613037109,0.2010291069746017,1,0.0767937302589416,0,8.23652172088623,0.0430577360093593,18.876333236694336,0.2172598093748092,set_-604929086489066527,reference,unlabelled,south,,19.970907063381272,3.2610248339923973,1,31.07904532901116,-0.0061040677225889,-0.1980659556081891,0.9819951749234268,31.079045329007734,185.51465850705316,0.9004344689248523,data/raw/cutouts/-604889332489148809_VIS.fits,0.3
-604893006504279963,60.48930066061335,-50.42799637022507,707,9.369709968566896,0.1277416199445724,1,0.1717894375324249,0,2.572848558425904,0.0275924354791641,0.2825911343097687,9.40773868560791,set_-604893006504279963,candidate,C,south,102019128.0,21.47068463030468,2.8494194137969,0,0.0,0.0,0.0,0.0,0.0,73.3489208343565,-2.398139227736027,data/raw/cutouts/-604893006504279963_VIS.fits,0.9
-604914053494128514,60.49140535812042,-49.41285140335484,1947,50.18431854248047,0.1949934363365173,1,0.0294252485036849,0,10.943148612976074,0.0421235561370849,24.170448303222656,0.2906897962093353,set_-604914053494128514,candidate,C,south,102020060.0,19.648579921998056,3.289365951520032,0,0.0,0.0,0.0,0.0,0.0,257.3641425338696,0.8603560210295892,data/raw/cutouts/-604914053494128514_VIS.fits,0.9
-604929086489066527,60.49290865450189,-48.9066527916342,2878,37.08476638793945,0.2394839227199554,1,0.1409528255462646,0,6.170713901519775,0.0348600670695304,20.52394294738769,0.2686051726341247,set_-604929086489066527,candidate,B,south,102020534.0,19.97701113110386,3.4590907896005865,0,0.0,0.0,0.0,0.0,0.0,154.85284342575747,1.3048134686075177,data/raw/cutouts/-604929086489066527_VIS.fits,1.0
-605137123490500917,60.5137123396568,-49.050091749214936,914,13.663201332092283,0.1715416610240936,1,0.0626866370439529,0,2.7618534564971924,0.0312189627438783,4.416802406311035,0.1504801362752914,set_-604836154490669092,reference,unlabelled,south,,21.06111883033838,2.960946195733831,1,93.30801177606672,-0.0222026285303904,-0.0573381126926997,0.0951330978952536,93.30801177607428,79.64946387089746,0.5097683487031527,data/raw/cutouts/-605137123490500917_VIS.fits,0.2
-605149566494185473,60.514956602270864,-49.418547334670485,2280,50.0269660949707,0.2522701919078827,1,0.2497104555368423,130,7.439709186553955,0.0394031628966331,19.65126037597656,0.2448200136423111,set_-604914053494128514,reference,unlabelled,south,,19.651989585694007,3.357934847000454,1,58.84611030119503,0.003409663695951,0.0685688954804222,0.1206403596478092,58.84611030118006,198.30708383191867,1.054586126081127,data/raw/cutouts/-605149566494185473_VIS.fits,0.1
-605224276503811049,60.52242765779537,-50.38110496263911,1500,19.263103485107425,0.1747186928987503,1,0.3358206152915954,2,4.218774795532227,0.0321016535162925,10.737042427062988,0.2215560376644134,set_-605224276503811049,candidate,C,south,102019128.0,20.68818435560963,3.1760912590556813,0,0.0,0.0,0.0,0.0,0.0,110.2521039135201,1.014245816243278,data/raw/cutouts/-605224276503811049_VIS.fits,0.9
-605269648503871741,60.52696486514809,-50.38717410527666,1344,20.02489471435547,0.1318476349115371,1,0.3091299831867218,0,5.6091628074646,0.0315547324717044,13.865614891052246,0.2429243922233581,set_-605224276503811049,reference,unlabelled,south,,20.64607439661052,3.1283992687178066,1,24.20433870155912,-0.0421099589991129,-0.0476919903378747,0.0770681832612538,24.20433870155462,151.87905894399344,0.9826027201510378,data/raw/cutouts/-605269648503871741_VIS.fits,0.1
-605735923486510918,60.57359236453317,-48.65109183068712,1134,20.017921447753903,0.1626022905111313,1,0.0453267991542816,2,4.870776653289795,0.0357524342834949,19.11693382263184,0.2643196582794189,set_-605843340486369332,reference,unlabelled,south,,20.64645254824004,3.054613054556888,1,57.01641813601032,0.0937345022653666,0.021591609873977,0.1120660048567333,57.01641813601426,123.10971379818008,1.4845500526317632,data/raw/cutouts/-605735923486510918_VIS.fits,0.9
-605783133510521407,60.57831333806972,-51.05214070110254,1604,22.592937469482425,0.173899695277214,1,0.1653535366058349,0,5.46549654006958,0.0345882698893547,18.034406661987305,0.2263839840888977,set_-605783133510521407,candidate,C,south,102018669.0,20.51506824918756,3.2052043639481447,0,0.0,0.0,0.0,0.0,0.0,129.91936204066926,1.2961805868675536,data/raw/cutouts/-605783133510521407_VIS.fits,0.9
-605793639505199951,60.5793639929334,-50.519995128217566,714,10.335529327392578,0.1352555900812149,1,0.1035925224423408,0,2.512703418731689,0.0265722218900918,3.423589944839477,0.1394796818494796,set_-605793639505199951,candidate,C,south,102019128.0,21.364168190896294,2.8536982117761744,0,0.0,0.0,0.0,0.0,0.0,76.41480341911604,0.3358512788096224,data/raw/cutouts/-605793639505199951_VIS.fits,0.7
-605802480487234091,60.58024803348568,-48.72340912387143,2485,40.7832145690918,0.2338244616985321,1,0.6885046362876892,0,5.245783805847168,0.0323094390332698,13.593354225158691,0.1897847950458526,set_-606090281487314103,reference,unlabelled,south,,19.873796364332588,3.395326393069351,1,74.16651231552544,0.1200461231058263,0.0261105356592081,0.1818829596529899,74.166512315536,174.41808386016194,1.0337906153102785,data/raw/cutouts/-605802480487234091_VIS.fits,0.0
-605843340486369332,60.5843340842864,-48.63693325380095,1079,21.82291603088379,0.1209310442209243,1,0.3496857583522796,2,6.183372974395752,0.0346474274992942,19.387847900390625,0.2752223312854767,set_-605843340486369332,candidate,C,south,102021013.0,20.552718045974675,3.0330214446829107,0,0.0,0.0,0.0,0.0,0.0,180.457517517308,1.240760401290396,data/raw/cutouts/-605843340486369332_VIS.fits,0.6
-605874922505005481,60.58749224958999,-50.500548161247,808,9.849527359008787,0.1363923251628875,1,0.2248499095439911,0,2.206793546676636,0.0263574142009019,6.842277526855469,0.1608816683292389,set_-605793639505199951,reference,unlabelled,south,,21.4164615228167,2.907411360774586,1,72.44000985192089,0.0522933319204064,0.0537131489984115,0.1070108538346171,72.44000985189855,72.21467444921055,1.2285974504214665,data/raw/cutouts/-605874922505005481_VIS.fits,0.2
-605941776485915182,60.59417762677664,-48.59151821740346,884,12.710652351379396,0.1547203510999679,1,0.2414666712284088,0,2.730097532272339,0.0277736652642488,3.699180603027344,0.1255088150501251,set_-605941776485915182,candidate,C,south,102021013.0,21.13958039872632,2.946452265013073,0,0.0,0.0,0.0,0.0,0.0,82.15242701438022,0.32981843183757,data/raw/cutouts/-605941776485915182_VIS.fits,0.4
-605974662485769782,60.59746621988117,-48.57697820068876,900,13.354336738586426,0.1698266565799713,1,0.4591488242149353,0,2.987567186355591,0.0324317961931228,11.22961711883545,0.2048190385103225,set_-605941776485915182,reference,unlabelled,south,,21.08594419234221,2.9542425094393248,1,52.92670101273865,-0.0536362063841053,0.0077902444262516,0.0358837239686352,52.92670101272312,78.6351036257837,1.437618170488807,data/raw/cutouts/-605974662485769782_VIS.fits,0.0
-606070563492810739,60.60705634278896,-49.281073923592174,1560,17.39560317993164,0.2023247480392456,1,0.1057658866047859,2,2.527059316635132,0.0271483827382326,6.867714881896973,0.1461171060800552,set_-606070563492810739,candidate,C,south,102020061.0,20.79890126952233,3.1931245983544616,0,0.0,0.0,0.0,0.0,0.0,85.97862272665407,1.0854920518984612,data/raw/cutouts/-606070563492810739_VIS.fits,1.0
-606090281487314103,60.60902818000293,-48.73141034503661,2340,45.55120849609375,0.2333869487047195,1,0.3144665956497192,0,10.699145317077637,0.0511186383664608,29.489913940429688,0.285294622182846,set_-606090281487314103,candidate,B,south,102021013.0,19.75375024122676,3.369215857410143,0,0.0,0.0,0.0,0.0,0.0,195.17461772776767,1.1008110474137414,data/raw/cutouts/-606090281487314103_VIS.fits,1.0
-606163017510683890,60.616301780387126,-51.06838908327043,1465,19.823230743408203,0.2090216875076294,1,0.3895849287509918,2,2.835289239883423,0.0342245772480964,6.990459442138672,0.1574555784463882,set_-605783133510521407,reference,unlabelled,south,,20.657063909479035,3.1658376246901283,1,103.9686868306875,0.1419956602914744,-0.0393667392580163,0.2720416480114943,103.96868683068372,94.83815282414004,0.9797708765407592,data/raw/cutouts/-606163017510683890_VIS.fits,0.8
-606383588492899682,60.63835885000093,-49.28996823258157,1426,18.744712829589844,0.1971203684806823,1,0.2651481330394745,0,4.125421047210693,0.0348432175815105,6.1798906326293945,0.1419752240180969,set_-606070563492810739,reference,unlabelled,south,,20.71780302153897,3.154119525515847,1,80.17711312963182,-0.0810982479833661,-0.0390050728386146,0.1166231369982509,80.17711312963041,95.0927241769377,0.438781273413499,data/raw/cutouts/-606383588492899682_VIS.fits,0.4
-606755307495538866,60.675530777386776,-49.55388661989282,4008,72.41458892822266,0.2512557208538055,1,0.3839916586875915,0,14.959318161010742,0.0471704490482807,38.598331451416016,0.369195818901062,set_-607087127495633316,reference,unlabelled,south,,19.250434825779426,3.602927712859189,1,84.61908641478176,-0.059660193470691,0.0275089216448289,0.0646056069939526,84.61908641478064,288.21070693294774,1.0291418303477458,data/raw/cutouts/-606755307495538866_VIS.fits,0.0
-607039895492102795,60.70398956177137,-49.21027954645156,1122,16.60613250732422,0.1463072150945663,1,0.1793572753667831,0,4.464250564575195,0.0327794402837753,14.927468299865724,0.2445864826440811,set_-607039895492102795,candidate,C,south,102020534.0,20.849328752450965,3.0499928569201424,0,0.0,0.0,0.0,0.0,0.0,113.50180164792812,1.3105939884070008,data/raw/cutouts/-607039895492102795_VIS.fits,0.2
-607087127495633316,60.70871278898007,-49.56333168622921,3762,68.5428237915039,0.359496921300888,1,0.0809534862637519,0,12.85665512084961,0.0641671568155288,34.07828903198242,0.2889260053634643,set_-607087127495633316,candidate,A,south,102020061.0,19.31009501925012,3.57541879121436,0,0.0,0.0,0.0,0.0,0.0,190.6631732574301,1.0583744697381858,data/raw/cutouts/-607087127495633316_VIS.fits,1.0
-607213986492190571,60.72139864905288,-49.21905716940408,1088,15.98968505859375,0.1805281490087509,1,0.08252814412117,2,3.2965610027313232,0.028802040964365,6.949799060821533,0.1761212050914764,set_-607039895492102795,reference,unlabelled,south,,20.89040022566597,3.036628895362161,1,51.716216445751165,0.041071473215009,-0.0133639615579812,0.025500851445288,51.71621644576031,88.57170001681382,0.8097778282038776,data/raw/cutouts/-607213986492190571_VIS.fits,0.0
-607268369478886909,60.7268369210408,-47.888690930516574,722,10.065176963806152,0.1676290333271026,1,0.3343230485916137,0,1.6915229558944702,0.0276147238910198,5.471935272216797,0.1692651957273483,set_-607268369478886909,candidate,C,south,102021496.0,21.39294646258688,2.858537197569639,0,0.0,0.0,0.0,0.0,0.0,60.0443536780737,1.2746576385430053,data/raw/cutouts/-607268369478886909_VIS.fits,0.7
-607295603471472406,60.72956032839927,-47.14724066698219,706,8.732529640197754,0.1486580520868301,1,0.3595079183578491,2,1.7650530338287354,0.0257232077419757,5.485574722290039,0.1342694759368896,set_-607549866471441504,reference,unlabelled,south,,21.54714982898317,2.848804701051804,1,63.24237431244234,-0.0013195659955371,-0.0227682344940749,0.0164081703734298,63.24237431242644,58.74239247462455,1.2311609405737356,data/raw/cutouts/-607295603471472406_VIS.fits,0.2
-607401945467119719,60.74019457158882,-46.71197193140216,6706,115.72972106933594,0.3253399729728699,1,0.3514679670333862,2,20.052833557128903,0.0531784668564796,50.6235466003418,0.4891937375068664,set_-607627723466897752,reference,unlabelled,south,,18.74138773402025,3.8264635490928014,1,97.42937382408807,-0.1412253978404898,0.0727273269177914,0.3619766871503045,97.42937382407476,355.7193418682267,1.0054420468443075,data/raw/cutouts/-607401945467119719_VIS.fits,0.8
-607549866471441504,60.75498668476028,-47.14415042765058,744,8.721922874450684,0.1263323724269867,1,0.1626263856887817,2,2.1000375747680664,0.0269767213612794,8.185171127319336,0.1558582335710525,set_-607549866471441504,candidate,C,south,102022477.0,21.548469394978703,2.8715729355458786,0,0.0,0.0,0.0,0.0,0.0,69.03949246652108,1.4770017456230455,data/raw/cutouts/-607549866471441504_VIS.fits,1.0
-607557369478744075,60.75573695910494,-47.8744075119567,754,10.010480880737305,0.1535215973854065,1,0.1653070598840713,0,2.431058406829834,0.0294660422950983,1.338449478149414,21.30980491638184,set_-607268369478886909,reference,unlabelled,south,,21.39886264875065,2.877371345869774,1,86.67615856857675,0.0059161861637768,0.0188341483001348,0.0156980091937392,86.67615856856204,65.20568474549292,-0.6479835257404853,data/raw/cutouts/-607557369478744075_VIS.fits,0.1
-607627723466897752,60.76277231864372,-46.68977528842103,5672,101.6142807006836,0.3425309658050537,1,0.2315797507762909,0,16.410072326660156,0.0543001890182495,45.743412017822266,0.3665974140167236,set_-607627723466897752,candidate,C,south,102022973.0,18.88261313186074,3.75373622217501,0,0.0,0.0,0.0,0.0,0.0,296.657210135319,1.113045151180644,data/raw/cutouts/-607627723466897752_VIS.fits,0.8
-607636640471742689,60.763664020449006,-47.17426892443824,4792,75.30889892578125,0.2810041606426239,1,0.3030774891376495,2,13.626577377319336,0.0456532314419746,34.941768646240234,0.2712714672088623,set_-607636640471742689,candidate,C,south,102022477.0,19.207884255181774,3.680516809381255,0,0.0,0.0,0.0,0.0,0.0,267.99923087814267,1.0223952430196457,data/raw/cutouts/-607636640471742689_VIS.fits,0.9
-607678276504956125,60.76782767430553,-50.49561256647682,1066,20.301368713378903,0.1283586025238037,1,0.4547200202941894,0,6.178020477294922,0.0350991934537887,16.13912010192871,0.2373278737068176,set_-607985898505032672,reference,unlabelled,south,,20.63118670267641,3.0277572046905536,1,75.64091967108236,-0.0269454914666837,-0.0060684892627564,0.0138932977787802,75.64091967107433,158.16134107267237,1.0425762750599097,data/raw/cutouts/-607678276504956125_VIS.fits,0.4
-607690057471926343,60.76900576746012,-47.19263436302564,3783,66.73887634277344,0.8680753111839294,1,0.3240577280521393,0,0.4439631998538971,0.0553282424807548,-0.0276778880506753,0.1036680862307548,set_-607636640471742689,reference,unlabelled,south,,19.33905277417913,3.577836341292744,1,67.39505006769139,0.1311685189973559,-0.1026804680885109,0.458644746476132,67.39505006769369,76.8814358419562,,data/raw/cutouts/-607690057471926343_VIS.fits,0.2
-607763791472471373,60.77637917269071,-47.2471373249673,1581,31.4946231842041,0.1696293801069259,1,0.2149244844913482,0,6.865337371826172,0.0352515652775764,11.573143005371094,0.1652281582355499,set_-607905577472403419,reference,unlabelled,south,,20.154408958442424,3.198931869932209,1,42.41712177109037,-0.1335496663797535,0.0022031473089221,0.1998362519348188,42.41712177110232,185.66726568446728,0.5669735891948006,data/raw/cutouts/-607763791472471373_VIS.fits,0.3
-607803664488386012,60.78036647049699,-48.83860126533346,3617,49.82175064086914,0.3048250675201416,1,0.0543289929628372,0,4.933543682098389,0.0312933698296546,10.88791561126709,0.1914939731359481,set_-607969367488468354,reference,unlabelled,south,,19.65645254063831,3.55834850876162,1,49.193615438517504,0.1900087871980318,-0.0239421739573746,0.4175536758786382,49.19361543850852,163.44374511645805,0.8594644207212315,data/raw/cutouts/-607803664488386012_VIS.fits,0.4
-607813213462381797,60.78132130537505,-46.23817974043847,1321,18.06532096862793,0.1602183729410171,1,0.174927070736885,0,4.185389518737793,0.0322056896984577,12.107738494873049,0.2223383635282516,set_-607813213462381797,candidate,C,south,102023475.0,20.75788579466895,3.1209028176145277,0,0.0,0.0,0.0,0.0,0.0,112.75436541399974,1.153317875055243,data/raw/cutouts/-607813213462381797_VIS.fits,0.8
-607905577472403419,60.79055775514911,-47.24034199508638,1573,27.84944534301757,0.196418821811676,1,0.1129546612501144,0,6.134284019470215,0.0372837334871292,18.54553604125977,0.2473227828741073,set_-607905577472403419,candidate,C,south,102022477.0,20.287958624822178,3.196728722623287,0,0.0,0.0,0.0,0.0,0.0,141.78603194005146,1.2011887765564704,data/raw/cutouts/-607905577472403419_VIS.fits,0.8
-607969367488468354,60.79693676425732,-48.84683546305636,3822,59.350242614746094,0.3017849624156952,1,0.1718212366104126,2,8.046074867248535,0.0472522750496864,27.30000114440918,0.2915419936180115,set_-607969367488468354,candidate,C,south,102020535.0,19.46644375344028,3.582290682718994,0,0.0,0.0,0.0,0.0,0.0,196.66401579345032,1.3264464899046415,data/raw/cutouts/-607969367488468354_VIS.fits,0.8
-607985898505032672,60.79858988166666,-50.50326725831778,1081,19.803735733032227,0.1376803517341613,1,0.3134745657444,2,5.292588233947754,0.041620522737503,13.825361251831056,0.2483262866735458,set_-607985898505032672,candidate,C,south,102019128.0,20.658132194143093,3.03382569395331,0,0.0,0.0,0.0,0.0,0.0,143.83850334192977,1.0425209527821244,data/raw/cutouts/-607985898505032672_VIS.fits,0.4
-608182597462503556,60.81825979969207,-46.25035568052192,1282,18.008586883544922,0.1946751177310943,1,0.0924537181854248,0,4.6010613441467285,0.0384366437792778,11.209810256958008,0.2068470567464828,set_-607813213462381797,reference,unlabelled,south,,20.761300911282184,3.1078880251827985,1,101.8779499030147,0.0034151166132332,-0.0130147924317287,0.0132626293257568,101.8779499029952,92.50584817120938,0.9668505949572536,data/raw/cutouts/-608182597462503556_VIS.fits,0.1
-608203827493491303,60.82038274569893,-49.34913030126828,785,7.131994247436523,0.1489062011241912,1,0.2344311773777008,2,1.5031375885009766,0.027844876050949,5.421501159667969,0.1684096455574035,set_-608203827493491303,candidate,B,south,102020061.0,21.766972539480484,2.8948696567452528,0,0.0,0.0,0.0,0.0,0.0,47.89588474887138,1.3928020495004696,data/raw/cutouts/-608203827493491303_VIS.fits,0.8
-608230289466641729,60.82302892433816,-46.66417295541287,1440,20.62754821777344,0.1673755496740341,1,0.0900811031460762,0,4.379179000854492,0.0317921116948127,16.130910873413086,0.2368888705968856,set_-608230289466641729,candidate,C,south,102022974.0,20.61388097257438,3.1583624920952498,0,0.0,0.0,0.0,0.0,0.0,123.24110814241293,1.4156654852646036,data/raw/cutouts/-608230289466641729_VIS.fits,0.7
-608238628469296787,60.82386287807831,-46.92967875686437,1775,36.25358963012695,0.1796483546495437,1,0.1517137587070465,0,10.082371711730955,0.0468337088823318,22.14497375488281,0.2424540668725967,set_-608256917469057875,reference,unlabelled,south,,20.00162246381012,3.249198357391113,1,86.12583987221142,-0.1124429105183502,-0.076112014319948,0.2916677287309022,86.12583987221197,201.80307078709464,0.8542811629312621,data/raw/cutouts/-608238628469296787_VIS.fits,0.0
-608256917469057875,60.82569171272418,-46.90578754766017,2115,32.68690872192383,0.1745092570781707,1,0.2372160702943802,0,7.342626571655273,0.0347917824983596,17.087926864624023,0.2499285042285919,set_-608256917469057875,candidate,C,south,102022477.0,20.114065374328472,3.325310371711061,0,0.0,0.0,0.0,0.0,0.0,187.3075919822515,0.917094837501544,data/raw/cutouts/-608256917469057875_VIS.fits,0.9
-608492864493445568,60.84928649732333,-49.34455687126737,724,6.420748233795166,0.1451441198587417,1,0.2236540764570236,2,1.1658592224121094,0.0253984052687883,1.7277477979660034,0.1277096271514892,set_-608203827493491303,reference,unlabelled,south,,21.8810358975562,2.859738566197147,1,69.75937136591332,0.1140633580757146,-0.0351310905481057,0.1795875176288862,69.75937136589808,44.23705376452051,0.4270855890757577,data/raw/cutouts/-608492864493445568_VIS.fits,0.0
-608492908506551716,60.84929082447044,-50.65517164657598,1887,30.645631790161133,0.2080740630626678,1,0.0942181274294853,0,5.118895053863525,0.0327090360224247,8.144537925720215,0.1430313736200332,set_-608762015506575350,reference,unlabelled,south,,20.18407855201786,3.2757719001649312,1,62.00464235602953,-0.1087853462126311,-0.0485105551327613,0.1936196368504451,62.00464235605135,147.28232504851542,0.5042255602778355,data/raw/cutouts/-608492908506551716_VIS.fits,0.2
-608582878466734274,60.85828782904468,-46.673427463484416,1534,22.8622989654541,0.1741478145122528,1,0.551647424697876,0,4.666097640991211,0.0310310218483209,13.31579303741455,0.2223237305879593,set_-608230289466641729,reference,unlabelled,south,,20.502200250926904,3.185825359612962,1,93.25683958138129,-0.111680721647474,0.0274628675177122,0.1648956263345688,93.25683958138958,131.28099844081328,1.1385330350486258,data/raw/cutouts/-608582878466734274_VIS.fits,0.0
-608762015506575350,60.876201530545,-50.65753507455612,2110,27.723907470703125,0.1970440149307251,1,0.0286117941141128,0,6.153937339782715,0.0351060479879379,17.846956253051758,0.2144830524921417,set_-608762015506575350,candidate,C,south,102019128.0,20.29286389823049,3.3242824552976926,0,0.0,0.0,0.0,0.0,0.0,140.69905894096829,1.1560277230056069,data/raw/cutouts/-608762015506575350_VIS.fits,0.8
-608789354485750504,60.878935470446514,-48.57505047214687,1779,26.95019149780273,0.2283872663974762,1,0.2507385909557342,0,4.37658166885376,0.0388394407927989,14.36086654663086,0.2266207635402679,set_-608789354485750504,candidate,C,south,102021013.0,20.32359536133749,3.250175948083925,0,0.0,0.0,0.0,0.0,0.0,118.00216326815558,1.29011402347613,data/raw/cutouts/-608789354485750504_VIS.fits,0.7
-608925956485947929,60.89259566155073,-48.59479297409218,1498,21.48968505859375,0.2496038675308227,1,0.2081177085638046,0,3.416776657104492,0.0294844917953014,8.278594017028809,0.174588531255722,set_-608789354485750504,reference,unlabelled,south,,20.569424873127733,3.1755118133634475,1,78.16410568095446,0.2458295117902444,-0.0746641347204777,0.8160746668458099,64.76661568128588,86.09516058856767,0.9608499847012254,data/raw/cutouts/-608925956485947929_VIS.fits,0.0
-608928997504779012,60.892899780474096,-50.47790122954819,1260,63.22228240966797,0.2132302522659301,1,0.3038639724254608,0,18.47055625915528,0.0759370326995849,51.00834274291992,0.3302172124385834,set_-608928997504779012,candidate,A,south,102019128.0,19.397824573992143,3.100370545117563,0,0.0,0.0,0.0,0.0,0.0,296.49771426814385,1.1029030967986904,data/raw/cutouts/-608928997504779012_VIS.fits,0.8
-608981925505071193,60.89819257773011,-50.50711937788887,1976,52.04420852661133,0.2036932110786438,1,0.579750657081604,0,14.083784103393556,0.0552529506385326,36.799598693847656,0.3642889857292175,set_-608928997504779012,reference,unlabelled,south,,19.609068979258517,3.295786940251609,1,105.88150231412652,0.2112444052663704,0.1954163951340461,1.4601251511838391,105.88150231413802,255.5029117122495,1.0428093092138957,data/raw/cutouts/-608981925505071193_VIS.fits,0.1
-608988979505359824,60.898897907714165,-50.53598247570209,1085,22.40831184387207,0.1793463826179504,1,0.0494696423411369,0,5.55996036529541,0.0392845347523689,12.696870803833008,0.2116124033927917,set_-609199218505469854,reference,unlabelled,south,,20.52397715077601,3.0354297381845483,1,62.31070600223117,-0.0024597451857921,0.1121857195542719,0.3180368422191846,62.31070600222565,124.94432012942796,0.8965625119839737,data/raw/cutouts/-608988979505359824_VIS.fits,0.8
-609093165468982563,60.90931650968726,-46.89825637539586,1012,11.642019271850586,0.1645725816488266,1,0.6262897253036499,0,2.0378429889678955,0.0270459130406379,3.1968648433685303,0.1376340538263321,set_-609172608469162591,reference,unlabelled,south,,21.234929215331107,3.0051805125037805,1,67.6912433871781,0.0108771885733993,0.0197540384207788,0.0149985583143311,51.48892056250369,70.74094089799796,0.4888838900716057,data/raw/cutouts/-609093165468982563_VIS.fits,0.0
-609136745484504669,60.913674537559565,-48.45046694520191,784,12.394363403320312,0.1593200266361236,1,0.4096798002719879,0,2.599526643753052,0.0325344316661357,6.109354496002197,0.160193994641304,set_-609303754484679111,reference,unlabelled,south,,21.16693943616236,2.8943160626844384,1,74.38701103949246,-0.0124351901239379,0.0461269456930395,0.0596545551413049,74.38701103951199,77.79538872177204,0.9277526319324534,data/raw/cutouts/-609136745484504669_VIS.fits,0.0
-609172608469162591,60.91726086406357,-46.91625916407237,967,11.759238243103027,0.1623747050762176,1,0.1267424970865249,0,2.414618015289306,0.0273852776736021,7.974071979522705,0.1807825118303299,set_-609172608469162591,candidate,C,south,102022477.0,21.224052026757708,2.9854264740830017,0,0.0,0.0,0.0,0.0,0.0,72.42038245786695,1.2970792876010129,data/raw/cutouts/-609172608469162591_VIS.fits,0.9
-609173325479005768,60.917332501501086,-47.90057688208192,1347,20.63687896728516,0.2074865102767944,1,0.4674879908561706,2,3.104450464248657,0.0338607393205165,8.32514476776123,0.1864402592182159,set_-609173325479005768,candidate,C,south,102021496.0,20.61338995726525,3.1293675957229854,0,0.0,0.0,0.0,0.0,0.0,99.4613044469967,1.0710176495263932,data/raw/cutouts/-609173325479005768_VIS.fits,0.6
-609199218505469854,60.9199218918089,-50.54698542476139,838,22.35760307312012,0.3681058287620544,1,0.3747816681861877,2,4.845914363861084,0.0798325091600418,13.77397632598877,0.2296648323535919,set_-609199218505469854,candidate,C,south,102019128.0,20.5264368959618,2.9232440186302764,0,0.0,0.0,0.0,0.0,0.0,60.73688957414526,1.134208992780927,data/raw/cutouts/-609199218505469854_VIS.fits,0.8
-609303754484679111,60.93037548665362,-48.46791114023637,705,12.253217697143556,0.1168596297502517,1,0.2443511039018631,0,3.827534914016724,0.0321358740329742,8.785111427307129,0.1953146606683731,set_-609303754484679111,candidate,C,south,102021014.0,21.179374626286297,2.848189116991399,0,0.0,0.0,0.0,0.0,0.0,104.854154709635,0.9020702834252532,data/raw/cutouts/-609303754484679111_VIS.fits,0.7
-609351519505569407,60.935151908727576,-50.55694074341438,1868,24.71186065673828,0.1873918771743774,1,0.1994174122810363,0,5.540249824523926,0.033844456076622,17.476057052612305,0.2525311112403869,set_-609351519505569407,candidate,C,south,102019128.0,20.41773638391165,3.2713768718940743,0,0.0,0.0,0.0,0.0,0.0,131.8726351929474,1.2472852629679567,data/raw/cutouts/-609351519505569407_VIS.fits,1.0
-609453179483678619,60.94531798043097,-48.367861920833775,2483,25.40716552734375,0.2307584583759308,1,0.1044107154011726,2,3.470198392868042,0.0267965495586395,13.60891056060791,0.218617558479309,set_-609453179483678619,candidate,C,south,102021014.0,20.387609457454488,3.394976719554564,0,0.0,0.0,0.0,0.0,0.0,110.1028569273621,1.48367263882677,data/raw/cutouts/-609453179483678619_VIS.fits,1.0
-609493889478965462,60.94938894065708,-47.89654626623732,1152,18.23722267150879,0.1438090354204177,1,0.2691469490528106,2,4.906036853790283,0.0329896956682205,7.718393325805664,0.1869258284568786,set_-609173325479005768,reference,unlabelled,south,,20.74760324811623,3.061452479087193,1,78.72037532773689,0.1342132908509761,-0.0679151166357923,0.3207711668214167,78.72037532771563,126.8155552131567,0.4919902499427755,data/raw/cutouts/-609493889478965462_VIS.fits,0.3
-609613720505638798,60.961372000740646,-50.56387987179094,1876,26.85820960998535,0.1827813237905502,1,0.3596894443035126,0,6.6188645362854,0.0371480248868465,14.83659553527832,0.2422370314598083,set_-609351519505569407,reference,unlabelled,south,,20.32730735281117,3.273232834043045,1,64.95948018241268,-0.0904290311004771,0.0018559621489711,0.094563964110679,64.95948018243224,146.94176107818473,0.8763769116154629,data/raw/cutouts/-609613720505638798_VIS.fits,0.8
-609693921469334491,60.96939210204494,-46.93344919868539,3266,85.56697845458984,0.3116578161716461,1,0.7014081478118896,2,13.138504981994627,0.0496748760342597,29.311813354492188,11.931190490722656,set_-609904253469232772,reference,unlabelled,south,,19.069234508920864,3.5140161804006493,1,63.3631323100477,-0.14200268861698,-0.1466596079378748,0.7652210617038302,63.36313231004353,274.5542515367677,0.8712418412759799,data/raw/cutouts/-609693921469334491_VIS.fits,0.4
-609709426483570798,60.97094269849709,-48.35707987770498,1683,20.97492408752441,0.2049006521701812,1,0.3878785669803619,0,3.807513236999512,0.0305963642895221,6.1112823486328125,0.1638348549604416,set_-609453179483678619,reference,unlabelled,south,,20.595749005739087,3.226084115975824,1,72.54862562481891,0.2081395482845991,-0.1688926035787403,1.1989865733116458,72.54862562481894,102.36631199252402,0.5137273181437227,data/raw/cutouts/-609709426483570798_VIS.fits,0.0
-609723701504645522,60.97237010457565,-50.46455227797104,777,18.684234619140625,0.1133779659867286,1,0.3954288363456726,2,5.633181571960449,0.0336011983454227,12.134456634521484,0.1873209178447723,set_-609723701504645522,candidate,B,south,102019128.0,20.7213117197154,2.890421018800914,0,0.0,0.0,0.0,0.0,0.0,164.7959941469377,0.8331664601485224,data/raw/cutouts/-609723701504645522_VIS.fits,1.0
-609864541480531086,60.98645414282353,-48.05310865036895,2826,44.70688247680664,0.2050353586673736,1,0.1957116276025772,0,11.161760330200195,0.0454549863934516,25.95614051818848,0.3552742600440979,set_-609864541480531086,candidate,C,south,102021496.0,19.77406403380259,3.45117215751254,0,0.0,0.0,0.0,0.0,0.0,218.04474490340996,0.9162685592208408,data/raw/cutouts/-609864541480531086_VIS.fits,1.0
-609877994487400704,60.98779946709999,-48.74007045674017,3730,60.534324645996094,0.2777571380138397,1,0.1662334203720092,0,10.45919704437256,0.0417636632919311,27.985206604003903,0.3227238953113556,set_-610047486487275523,reference,unlabelled,south,,19.444995746128857,3.571708831808688,1,60.41934452581796,0.0180436023221766,-0.0831412587527062,0.179558897684411,60.41934452581352,217.9397623364764,1.0685754314684648,data/raw/cutouts/-609877994487400704_VIS.fits,1.0
-609904253469232772,60.990425385039046,-46.92327720769406,4578,75.07669067382812,0.2974665760993957,1,0.2802417278289795,2,12.41610622406006,0.0442131385207176,35.21337127685547,0.4346284568309784,set_-609904253469232772,candidate,C,south,102022477.0,19.211237197537844,3.660675788338524,0,0.0,0.0,0.0,0.0,0.0,252.38697960049785,1.1318054657820589,data/raw/cutouts/-609904253469232772_VIS.fits,0.5
-609912986480479426,60.99129860766995,-48.04794267597404,3037,47.44725036621094,0.3052386343479156,1,0.6590734720230103,2,5.125586032867432,0.0369380488991737,12.739791870117188,0.206790804862976,set_-609864541480531086,reference,unlabelled,south,,19.709472376183527,3.4824447919182653,1,21.94953682619784,-0.0645916576190615,0.0312726344057252,0.071218961387876,21.94953682619669,155.44313539330622,0.98854701362779,data/raw/cutouts/-609912986480479426_VIS.fits,0.0
-610047486487275523,61.0047486834014,-48.72755230023029,4517,61.548736572265625,0.2905674278736114,1,0.3434504568576813,0,10.63088321685791,0.042578961700201,26.95161819458008,0.2392614632844925,set_-610047486487275523,candidate,A,south,102021014.0,19.42695214380668,3.654850090561394,0,0.0,0.0,0.0,0.0,0.0,211.82256050749632,1.0100387458141749,data/raw/cutouts/-610047486487275523_VIS.fits,0.8
-610057349504559337,61.00573496612642,-50.455933759909946,790,17.26256561279297,0.1189613342285156,1,0.1789125651121139,0,5.960874557495117,0.0410391353070735,13.18738842010498,0.2305110692977905,set_-609723701504645522,reference,unlabelled,south,,20.807236644281684,2.8976270912904414,1,82.52080882057886,0.0859249245662816,0.0072060724895273,0.0891707562776324,82.52080882056771,145.1107263107263,0.8621220388713597,data/raw/cutouts/-610057349504559337_VIS.fits,0.1
-610075256489625838,61.00752563772182,-48.962583815073,1821,26.27831649780273,0.1757760196924209,1,0.1928632855415344,2,6.411016464233398,0.0368244089186191,17.61041259765625,0.2496883571147918,set_-610181497489670475,reference,unlabelled,south,,20.35100615249277,3.26030994579492,1,29.811771385539025,0.1081853287774663,0.1341785385329355,0.5809041285392997,29.81177138553017,149.49887102794486,1.097106597623823,data/raw/cutouts/-610075256489625838_VIS.fits,0.0
-610181497489670475,61.01814979696484,-48.967047574852,1337,29.031646728515625,0.1560123264789581,1,0.2010870575904846,0,8.373295783996582,0.0394550189375877,13.293464660644531,0.2373580187559127,set_-610181497489670475,candidate,C,south,102020535.0,20.242820823715302,3.126131407261985,0,0.0,0.0,0.0,0.0,0.0,186.08559582265585,0.5018543814542332,data/raw/cutouts/-610181497489670475_VIS.fits,0.9
-610215216474616438,61.021521615796175,-47.46164382284773,939,17.76193618774414,0.2109787762165069,1,0.1552321165800094,0,4.330925941467285,0.0480804741382598,13.595757484436035,0.2260331511497497,set_-610367881474644147,reference,unlabelled,south,,20.77627423633997,2.972665592266111,1,38.47192666593151,-0.1535790875668006,-0.1050655873862811,0.5393110029529268,38.47192666592801,84.18826057421435,1.2420566295620477,data/raw/cutouts/-610215216474616438_VIS.fits,0.2
-610335578478019427,61.0335578440116,-47.8019427549002,4003,63.57219314575195,0.3306535482406616,1,0.1518010199069976,2,11.033062934875488,0.0512256883084774,30.807861328125,0.3104793429374695,set_-610335578478019427,candidate,C,south,102021496.0,19.39183201449966,3.602385590105105,0,0.0,0.0,0.0,0.0,0.0,192.26224392269884,1.1149136382200626,data/raw/cutouts/-610335578478019427_VIS.fits,0.8
-610367881474644147,61.03678813026211,-47.46441472398151,1196,15.419087409973145,0.1818849444389343,1,0.1230168864130973,0,3.190706253051758,0.0340719446539878,13.694879531860352,0.2304750680923462,set_-610367881474644147,candidate,A,south,102021984.0,20.92985332390677,3.077731179652392,0,0.0,0.0,0.0,0.0,0.0,84.7738522698338,1.581678482122411,data/raw/cutouts/-610367881474644147_VIS.fits,1.0
-610656487478104952,61.06564870639258,-47.81049525610951,2682,57.50077819824219,0.2387557029724121,1,0.081575259566307,2,14.042630195617676,0.0554268136620521,36.08854675292969,0.3452591001987457,set_-610335578478019427,reference,unlabelled,south,,19.500815694149164,3.42845877351558,1,83.47802825031653,0.1089836796495049,-0.1739268165895251,0.8942094559647784,83.47802825031094,240.8352030229256,1.0248023368248445,data/raw/cutouts/-610656487478104952_VIS.fits,0.2
-610748069492251753,61.074806994147714,-49.22517537456237,1568,19.632444381713867,0.2450030297040939,1,0.2075797468423843,0,3.396883726119995,0.0295434854924678,6.553434371948242,0.1441786438226699,set_-611081814492203081,reference,unlabelled,south,,20.66756406055169,3.19534605834842,1,80.40352222073851,-0.0701062460361576,-0.0307380576274041,0.0837730070414736,80.40352222074573,80.13143513133387,0.7134706830562312,data/raw/cutouts/-610748069492251753_VIS.fits,0.2
-610978759464405134,61.09787596659113,-46.44051347581706,3870,75.45755767822266,0.2402282357215881,1,0.5708093047142029,0,15.4493989944458,0.0483081303536891,38.9727668762207,0.3373831212520599,set_-610978759464405134,candidate,B,south,102022974.0,19.205743139105657,3.5877109650189114,0,0.0,0.0,0.0,0.0,0.0,314.1077794272028,1.0046241257857702,data/raw/cutouts/-610978759464405134_VIS.fits,0.9
-611081814492203081,61.10818144344818,-49.22030819151826,1683,18.40483283996582,0.2050196677446365,1,0.2361518144607544,0,3.275346279144287,0.0293241813778877,11.68380641937256,0.1771691739559173,set_-611081814492203081,candidate,C,south,102020535.0,20.73767030658785,3.226084115975824,0,0.0,0.0,0.0,0.0,0.0,89.77105973505952,1.3808178280363266,data/raw/cutouts/-611081814492203081_VIS.fits,1.0
-611109580479502153,61.11095801558679,-47.95021536999648,34075,437.5081176757813,0.7889687418937683,1,0.4679301381111145,514,8.88657283782959,0.0379534661769866,23.16250991821289,0.2468056380748748,set_-611109580479502153,candidate,C,south,102021497.0,17.297534711295075,4.532435864506711,0,0.0,0.0,0.0,0.0,0.0,554.5316239343359,1.0401282835155468,data/raw/cutouts/-611109580479502153_VIS.fits,0.7
-611119324478002070,61.11193241091936,-47.80020708380396,3487,56.78150177001953,0.3163891136646271,1,0.2157658338546753,2,10.65832805633545,0.0512784756720066,29.855876922607425,0.3228073418140411,set_-611119324478002070,candidate,C,south,102021497.0,19.5144828133486,3.542451947375977,0,0.0,0.0,0.0,0.0,0.0,179.46730566149634,1.1183518708299305,data/raw/cutouts/-611119324478002070_VIS.fits,1.0
-611151084478103931,61.11510847544965,-47.81039317393604,3890,49.594520568847656,0.3714331090450287,1,0.4017581641674042,2,4.879909515380859,0.0373095609247684,6.906754016876221,0.1596803367137909,set_-611119324478002070,reference,unlabelled,south,,19.661415759287003,3.589949601325708,1,37.46543682032497,0.1469329459384063,0.0474976539497311,0.2974850962722007,37.46543682033228,133.52207803003188,0.3771555491784469,data/raw/cutouts/-611151084478103931_VIS.fits,0.0
-611187233464659320,61.11872336554875,-46.465932032477546,3448,70.7016830444336,0.2381586581468582,1,0.3793413937091827,0,14.200332641601562,0.0455411560833454,23.01388931274414,0.2238522320985794,set_-610978759464405134,reference,unlabelled,south,,19.27642561938999,3.5375672571526757,1,105.10467501205568,0.0706824802843328,-0.0501437078662361,0.1278420574299904,105.10467501207322,296.8679937759647,0.5242287554314737,data/raw/cutouts/-611187233464659320_VIS.fits,0.3
-611229522479727570,61.12295229439974,-47.97275703349271,39110,466.7987060546875,0.9569895267486572,1,0.2843547165393829,514,0.778575599193573,0.0193470753729343,0.7241896986961365,3.3335649967193604,set_-611109580479502153,reference,unlabelled,south,,17.227175891175108,4.5922878159521305,1,86.14727465589282,-0.0703588201199671,0.0598519514454194,0.1509230559141496,86.14727465587973,487.7782807515375,-0.0786211145147614,data/raw/cutouts/-611229522479727570_VIS.fits,0.1
-611391258485761386,61.13912585622879,-48.57613864718561,750,7.892202854156494,0.1645399332046508,1,0.0606757849454879,2,1.809800386428833,0.0306985490024089,5.469017028808594,0.1375288665294647,set_-611391258485761386,candidate,C,south,102021014.0,21.657004401394083,2.8750612633917,0,0.0,0.0,0.0,0.0,0.0,47.965273234554935,1.2006964975653711,data/raw/cutouts/-611391258485761386_VIS.fits,0.5
-611404680464595695,61.140468041934696,-46.45956955625131,10254,166.92100524902344,0.5557497143745422,1,0.0705764815211296,2,12.544651985168455,0.0494780130684375,25.04034423828125,0.2729693353176117,set_-611692730464722711,reference,unlabelled,south,,18.34372252124773,4.010893313104381,1,84.8086622714359,-0.2935067678261163,-0.0767461552082604,1.110595978716531,84.80866227142099,300.35284037326306,0.750454193484364,data/raw/cutouts/-611404680464595695_VIS.fits,0.1
-611490254473756408,61.14902543758324,-47.37564082457606,1771,49.47843551635742,0.1722688972949981,1,0.7005036473274231,0,10.722241401672363,0.0421675741672515,29.24858665466309,0.2545119524002075,set_-611675386473609358,reference,unlabelled,south,,19.66396010250597,3.248218561190075,1,69.57009253408197,0.1725305862801782,0.033904663765675,0.3636299314114634,69.57009253408975,287.21630133632976,1.0895482606711735,data/raw/cutouts/-611490254473756408_VIS.fits,0.0
-611522174481388590,61.1522174343036,-48.138859021299744,2563,29.901222229003903,0.2877734303474426,1,0.2184017151594162,0,4.031128406524658,0.0329596698284149,7.014194965362549,0.148250013589859,set_-611694459481354870,reference,unlabelled,south,,20.21077764821373,3.408748606184244,1,43.1341376145895,-0.0941655799440077,0.1818910358955201,0.9272278090156666,43.134137614565546,103.90543071645888,0.6013780025263015,data/raw/cutouts/-611522174481388590_VIS.fits,0.2
-611605629471630904,61.16056293335334,-47.16309046315732,804,12.049954414367676,0.1681743264198303,1,0.3674169778823852,0,2.5365898609161377,0.0318744219839572,4.109391689300537,0.1196294128894805,set_-611759342471748630,reference,unlabelled,south,,21.19753649011407,2.905256048748451,1,56.66957945387948,0.2090044447250392,0.0330997760001583,0.5155082604642773,56.66957945389712,71.65156936193802,0.5238182152583701,data/raw/cutouts/-611605629471630904_VIS.fits,0.2
-611633151474144340,61.16331511476712,-47.41443401230181,3188,76.1523666381836,0.2115796506404876,1,0.1497037261724472,0,18.315793991088867,0.0515055209398269,43.92806243896485,0.3675463199615478,set_-611633151474144340,candidate,C,south,102021984.0,19.195791488143136,3.5035183127240748,0,0.0,0.0,0.0,0.0,0.0,359.92292457075825,0.9497907447401444,data/raw/cutouts/-611633151474144340_VIS.fits,0.1
-611641204485909252,61.16412040575237,-48.590925210548285,702,7.138467311859131,0.1453129202127456,1,0.0952203869819641,0,1.5541757345199585,0.0257928855717182,2.3957278728485107,0.1223949119448661,set_-611391258485761386,reference,unlabelled,south,,21.76598756210576,2.846337112129805,1,79.8546860992803,0.1089831607116771,-0.0287241512618949,0.1580643006402139,79.85468609928894,49.12479428125212,0.4698434041432526,data/raw/cutouts/-611641204485909252_VIS.fits,0.5
-611675386473609358,61.16753866514391,-47.36093580366016,1638,58.00002670288086,0.1815826147794723,1,0.0761397257447242,2,15.308419227600098,0.0530922524631023,37.55582427978516,0.2847205102443695,set_-611675386473609358,candidate,C,south,102021984.0,19.4914295162258,3.2143138974244,0,0.0,0.0,0.0,0.0,0.0,319.4139856027544,0.974367378283884,data/raw/cutouts/-611675386473609358_VIS.fits,0.4
-611686143503333470,61.16861430635596,-50.33334707448071,1264,21.91781616210937,0.1532616913318634,1,0.0931728258728981,0,5.934936046600342,0.0393848530948162,15.912213325500488,0.2345073223114013,set_-611776570503439805,reference,unlabelled,south,,20.54800680019468,3.1017470739463664,1,43.55572653085142,0.081570361189339,-0.0823762802933045,0.2452030121935725,43.55572653085679,143.00909752228876,1.0707863725372757,data/raw/cutouts/-611686143503333470_VIS.fits,0.0
-611692730464722711,61.16927308972727,-46.472271197733775,12236,127.38206481933594,0.5079230666160583,1,0.0327496789395809,2,10.749114990234377,0.0420496985316276,28.82455825805664,0.3053644597530365,set_-611692730464722711,candidate,C,south,102022974.0,18.63722928907385,4.087639468312641,0,0.0,0.0,0.0,0.0,0.0,250.79007667045903,1.070974878827642,data/raw/cutouts/-611692730464722711_VIS.fits,0.6
-611694459481354870,61.16944594252457,-48.13548704773953,1686,27.41717529296875,0.1937165856361389,1,0.0916803926229476,0,6.50663423538208,0.0405875705182552,18.594118118286133,0.2105150669813156,set_-611694459481354870,candidate,B,south,102021497.0,20.304943228157736,3.226857570288724,0,0.0,0.0,0.0,0.0,0.0,141.53241036607412,1.140047978807477,data/raw/cutouts/-611694459481354870_VIS.fits,1.0
-611759342471748630,61.17593429956104,-47.17486301277761,745,14.607879638671877,0.1181996911764144,1,0.1091107651591301,0,4.145695209503174,0.0311175789684057,10.41758632659912,0.1631491780281067,set_-611759342471748630,candidate,B,south,102022477.0,20.988532045389032,2.8721562727482928,0,0.0,0.0,0.0,0.0,0.0,123.58644505144645,1.0004243456772008,data/raw/cutouts/-611759342471748630_VIS.fits,1.0
-611776570503439805,61.17765703431937,-50.34398055829754,1528,23.62791633605957,0.1859442144632339,1,0.0476245433092117,2,5.700444221496582,0.0387500524520874,14.02854824066162,26.769752502441406,set_-611776570503439805,candidate,C,south,102019129.0,20.46643643900534,3.184123354239671,0,0.0,0.0,0.0,0.0,0.0,127.06991935332,0.9777600735995297,data/raw/cutouts/-611776570503439805_VIS.fits,0.9
-611983965473983624,61.198396570562615,-47.39836248283314,3204,69.00643920898438,0.3518694937229156,1,0.3267246186733246,0,9.239557266235352,0.0448531582951545,19.7278995513916,0.2395849525928497,set_-611633151474144340,reference,unlabelled,south,,19.302775954952157,3.5056925074122,1,103.21519780406648,0.1069844668090169,0.0021741946881252,0.1364259110981161,103.2151978040548,196.1137309144635,0.8235742160449597,data/raw/cutouts/-611983965473983624_VIS.fits,0.1
-612030189506211146,61.20301897349057,-50.62111469241556,880,9.237703323364258,0.1541881263256073,1,0.3364211022853851,0,1.6013505458831787,0.0242144037038087,6.27833366394043,0.1365574300289154,set_-612030189506211146,candidate,C,south,102019129.0,21.486089973997974,2.9444826721501687,0,0.0,0.0,0.0,0.0,0.0,59.91189816949009,1.4833949513019549,data/raw/cutouts/-612030189506211146_VIS.fits,0.8
-612136889475671311,61.21368890645808,-47.56713113879888,869,11.207865715026855,0.2215506434440612,1,0.4941689670085907,2,1.9008256196975708,0.0321768894791603,7.620955944061279,0.1901518255472183,set_-612400143475753290,reference,unlabelled,south,,21.276192702775592,2.9390197764486663,1,70.42207602300705,0.0759416809180884,-0.0708558572634938,0.1938449074872825,66.7034076368586,50.58827878266444,1.5076679354436422,data/raw/cutouts/-612136889475671311_VIS.fits,0.7
-612224298464036950,61.222429863508935,-46.40369502140519,1093,15.61015510559082,0.1596768796443939,1,0.1988274902105331,2,3.922344446182251,0.0333033166825771,3.925491571426392,24.319557189941406,set_-612224298464036950,candidate,C,south,102022974.0,20.91648195420053,3.038620161949703,0,0.0,0.0,0.0,0.0,0.0,97.76089776024678,0.0008708000508602,data/raw/cutouts/-612224298464036950_VIS.fits,0.7
-612267063502190292,61.22670639896784,-50.219029222472486,5207,77.5854721069336,0.2929568588733673,1,0.1010228469967842,0,13.858203887939451,0.0454347096383571,34.20643615722656,0.344931036233902,set_-612269334502356628,reference,unlabelled,south,,19.175548982114584,3.716587577675692,1,59.88326011371304,0.1931712521852375,0.0864649348163801,0.6045916302119787,59.88326011372933,264.8358273819097,0.9810022060575428,data/raw/cutouts/-612267063502190292_VIS.fits,0.3
-612269334502356628,61.2269334375336,-50.23566282725229,4267,92.69342041015624,0.311980277299881,1,0.17257159948349,0,18.052059173583984,0.0591327734291553,40.80874252319336,0.3002201616764068,set_-612269334502356628,candidate,B,south,102019593.0,18.982377729929347,3.630122642859312,0,0.0,0.0,0.0,0.0,0.0,297.1130778278579,0.8855661605686498,data/raw/cutouts/-612269334502356628_VIS.fits,0.7
-612388468493726389,61.23884687469332,-49.37263896690335,4191,63.71406936645508,0.293111115694046,1,0.2202266901731491,2,10.867844581604004,0.0423538647592067,31.899126052856445,0.3120546638965606,set_-612388468493726389,candidate,A,south,102020061.0,19.389411639980622,3.622317660833844,0,0.0,0.0,0.0,0.0,0.0,217.37172681284736,1.169088414277744,data/raw/cutouts/-612388468493726389_VIS.fits,0.9
-612400143475753290,61.24001431071069,-47.57532900530263,1023,12.019865036010742,0.1578187346458435,1,0.195345938205719,0,2.847453355789185,0.0299695767462253,10.377188682556152,0.2225812971591949,set_-612400143475753290,candidate,C,south,102021985.0,21.200251021857504,3.00987563371216,0,0.0,0.0,0.0,0.0,0.0,76.16247249088758,1.404057736793003,data/raw/cutouts/-612400143475753290_VIS.fits,0.4
-612407145493601736,61.24071456545593,-49.36017362481122,3067,68.47034454345703,0.2864392399787903,1,0.6863260269165039,0,10.807499885559082,0.0495049692690372,29.506872177124023,0.3044625520706177,set_-612388468493726389,reference,unlabelled,south,,19.311243716882537,3.4867137759824853,1,45.08834099887832,-0.0781679230980856,-0.135603884851359,0.5293446539228245,45.088340998879225,239.03968097571757,1.0904948393199911,data/raw/cutouts/-612407145493601736_VIS.fits,0.0
-612408224475699876,61.24082246725558,-47.5699876101374,3458,42.230098724365234,0.2559357285499573,1,0.3688941895961761,2,6.771820545196533,0.0364894904196262,20.966693878173828,6.9549946784973145,set_-612408224475699876,candidate,C,south,102021985.0,19.835944758230475,3.5388249889379035,0,0.0,0.0,0.0,0.0,0.0,165.0027487901993,1.2270612842175446,data/raw/cutouts/-612408224475699876_VIS.fits,1.0
-612444660489452138,61.244466076408905,-48.94521383130901,1152,14.922859191894531,0.1935454159975052,1,0.0541972666978836,0,3.7488393783569336,0.0383826568722724,13.200250625610352,0.2469662129878997,set_-612444660489452138,candidate,C,south,102020535.0,20.96536989720224,3.061452479087193,0,0.0,0.0,0.0,0.0,0.0,77.10262273577634,1.366713359538834,data/raw/cutouts/-612444660489452138_VIS.fits,1.0
-612449567475889519,61.2449567269207,-47.58895198325661,2546,36.12114334106445,0.2370218485593795,1,0.0470767505466938,0,6.287714004516602,0.0346256345510482,8.409217834472656,36.45316696166992,set_-612408224475699876,reference,unlabelled,south,,20.005596278588985,3.405858399317637,1,69.00600421818447,0.1696515203585065,-0.1329665896202669,0.7658813311883377,50.48990534819431,152.3958384453122,0.3156570575498026,data/raw/cutouts/-612449567475889519_VIS.fits,0.7
-612453107467737524,61.2453107746689,-46.7737524549576,6890,113.52407836914062,0.4189838171005249,1,0.331846535205841,0,16.090234756469727,0.0573844723403453,40.78654479980469,0.3904148042201996,set_-612503725467690819,reference,unlabelled,south,,18.762280037943647,3.8382192219076257,1,20.93973495251782,-0.0345589436543107,-0.0597375880993262,0.1028606340328117,20.939734952527925,270.95098601840107,1.0098863386456358,data/raw/cutouts/-612453107467737524_VIS.fits,1.0
-612459823506234922,61.24598232531186,-50.62349220698128,749,8.884017944335938,0.1163374781608581,1,0.2451137751340866,2,1.908251166343689,0.0259235296398401,4.734755039215088,0.129352256655693,set_-612030189506211146,reference,unlabelled,south,,21.52847643228825,2.874481817699466,1,98.49858296820072,0.0423864582902773,-0.070000854450702,0.1507832206848744,87.72371486829712,76.36419565543734,0.9866549461028356,data/raw/cutouts/-612459823506234922_VIS.fits,0.8
-612477754504657380,61.24777541067991,-50.465738083352,1651,30.57075881958008,0.1819147020578384,1,0.2317012548446655,0,6.686864852905273,0.0360497385263443,9.633722305297852,0.1569590270519256,set_-612477754504657380,candidate,C,south,102019129.0,20.18673445298308,3.2177470732627937,0,0.0,0.0,0.0,0.0,0.0,168.04996228320425,0.3964289441609088,data/raw/cutouts/-612477754504657380_VIS.fits,1.0
-612503725467690819,61.250372544498525,-46.76908194802522,7906,109.96751403808594,0.3713111281394958,1,0.3616502583026886,2,16.029457092285156,0.0487743467092514,40.52918243408203,0.3680512905120849,set_-612503725467690819,candidate,C,south,102022477.0,18.79683898159796,3.897956810006952,0,0.0,0.0,0.0,0.0,0.0,296.16002781573746,1.007122574503076,data/raw/cutouts/-612503725467690819_VIS.fits,0.4
-612533649464246939,61.25336497627292,-46.42469396819032,932,13.951897621154783,0.1736251562833786,1,0.7969768643379211,0,2.322801351547241,0.0306901205331087,6.25237512588501,0.163975715637207,set_-612224298464036950,reference,unlabelled,south,,21.03841679811784,2.9694159123539814,1,107.74983343762553,0.1219348439173053,-0.0692042495957214,0.2948856101347884,107.74983343762004,80.35642944725988,1.075082391457029,data/raw/cutouts/-612533649464246939_VIS.fits,0.0
-612556107471208716,61.25561076328201,-47.12087161469681,2319,49.41657257080078,0.2402594685554504,1,0.3521151840686798,0,11.17824935913086,0.050089806318283,28.96373176574707,0.3308219313621521,set_-612639824471241952,reference,unlabelled,south,,19.665318449095636,3.365300748637988,1,23.742326127372163,0.1065204198693052,-0.02421971720839,0.1412214794195345,23.74232612737498,205.68002113679756,1.0337018084597904,data/raw/cutouts/-612556107471208716_VIS.fits,0.7
-612639824471241952,61.26398243879182,-47.12419526941122,2452,54.51057815551758,0.2575172483921051,1,0.2252110987901687,0,9.54344654083252,0.0463227443397045,25.467517852783203,0.2862561345100403,set_-612639824471241952,candidate,C,south,102022477.0,19.558798029226327,3.3895204658463776,0,0.0,0.0,0.0,0.0,0.0,211.67738664447748,1.0657034354886803,data/raw/cutouts/-612639824471241952_VIS.fits,1.0
-612739470489547208,61.273947079742726,-48.95472086647428,1046,13.509617805480955,0.22318035364151,1,0.325047880411148,2,1.7957171201705933,0.0316518358886241,1.6133475303649902,31.833984375,set_-612444660489452138,reference,unlabelled,south,,21.073392343084915,3.0195316845312554,1,77.64828803077883,0.1080224458826748,-0.0419207945559376,0.1787568168914071,77.64828803075685,60.532289626089465,-0.1162749864195013,data/raw/cutouts/-612739470489547208_VIS.fits,0.0
-612740474504562745,61.27404746451295,-50.45627452747025,1361,27.61050033569336,0.1598420888185501,1,0.5500696301460266,0,5.823841094970703,0.0330756492912769,14.557699203491213,0.2152284681797027,set_-612477754504657380,reference,unlabelled,south,,20.29731430836907,3.133858125203335,1,69.18000140430362,0.1105798553859891,-0.0838889480594589,0.3159026091625792,69.1800014042981,172.7361081162816,0.994708062392936,data/raw/cutouts/-612740474504562745_VIS.fits,0.0
-612893768495618638,61.28937680752323,-49.56186386097076,1271,14.052956581115724,0.2032369971275329,1,0.488891065120697,2,2.6459174156188965,161.36790466308594,8.642014503479004,0.2056038230657577,set_-612893768495618638,candidate,C,south,102020061.0,21.030580738902216,3.104145550554008,0,0.0,0.0,0.0,0.0,0.0,69.14566136940795,1.2850967649222578,data/raw/cutouts/-612893768495618638_VIS.fits,0.9
-612894261488306675,61.28942611025395,-48.83066756490897,2974,31.05046463012696,0.2840988337993622,1,0.3829733729362488,2,3.86644983291626,0.0300380922853946,13.370935440063477,0.2180761694908142,set_-612894261488306675,candidate,C,south,102020535.0,20.16982974195598,3.4733409641859354,0,0.0,0.0,0.0,0.0,0.0,109.29458672841857,1.3471235307037774,data/raw/cutouts/-612894261488306675_VIS.fits,0.9
-612993633468010321,61.29936330935708,-46.80103217199372,1678,34.18748474121094,0.1719028800725937,1,0.3707599937915802,0,8.354060173034668,0.0387725122272968,19.77447891235352,0.2887100875377655,set_-612993633468010321,candidate,B,south,102022477.0,20.06533212539924,3.2247919564926817,0,0.0,0.0,0.0,0.0,0.0,198.87674206955543,0.9355186222531452,data/raw/cutouts/-612993633468010321_VIS.fits,0.5
-613002654494927655,61.30026540973262,-49.49276553818302,1204,15.622438430786133,0.2159660011529922,1,0.8756264448165894,0,2.0082685947418213,0.0321598649024963,5.692989826202393,0.133114293217659,set_-613241491494933581,reference,unlabelled,south,,20.91562794561162,3.0806264869218056,1,55.88922514695528,0.2894671975537903,-0.0852111377683226,1.115215421123012,55.889225146964975,72.33748991684604,1.131296527173442,data/raw/cutouts/-613002654494927655_VIS.fits,0.0
-613044123467478363,61.30441235509363,-46.747836337200525,3821,77.0218276977539,0.3071048557758331,1,0.1767594814300537,0,15.519326210021973,0.0571407228708267,38.50037384033203,0.335695207118988,set_-613081088467583327,reference,unlabelled,south,,19.183465449883347,3.582177037688409,1,38.87136976140617,0.000546956660596,0.0012520620127896,0.0013379402143634,38.87136976141367,250.7997716388272,0.9864802115670418,data/raw/cutouts/-613044123467478363_VIS.fits,1.0
-613069323495393719,61.306932395533785,-49.53937191130519,1275,12.270809173583984,0.2320135533809662,1,0.3166466355323791,2,1.5697015523910522,0.0285619758069515,2.637737989425659,0.1299671977758407,set_-612893768495618638,reference,unlabelled,south,,21.17781699415328,3.1055101847699738,1,90.76083302376232,0.1472362552510659,0.0013646342159656,0.2479812962340533,90.760833023755,52.88832912892515,0.5635364160880046,data/raw/cutouts/-613069323495393719_VIS.fits,0.3
-613080089497356959,61.30800891557605,-49.73569596269973,879,20.275096893310547,0.1549737453460693,1,0.1639644503593444,2,5.962177753448486,0.042688675224781,15.364500999450684,0.2561569511890411,set_-613080089497356959,candidate,C,south,102020061.0,20.63259265412006,2.943988875073772,0,0.0,0.0,0.0,0.0,0.0,130.82923722359916,1.027783850726552,data/raw/cutouts/-613080089497356959_VIS.fits,0.9
-613081088467583327,61.30810882911898,-46.758332721325424,3810,77.06063842773438,0.2701192796230316,1,0.3192631304264068,0,14.930767059326172,0.0487310066819191,38.23429107666016,0.3123888373374939,set_-613081088467583327,candidate,B,south,102022477.0,19.18291849322275,3.5809249756756194,0,0.0,0.0,0.0,0.0,0.0,285.2837403360372,1.0209273054570536,data/raw/cutouts/-613081088467583327_VIS.fits,0.9
-613110045464636730,61.311004561826174,-46.46367303916724,6883,111.5239028930664,0.348599374294281,1,0.1669906228780746,0,17.29054069519043,0.0519698858261108,44.884647369384766,0.3486063182353973,set_-613110045464636730,candidate,C,south,102022974.0,18.781580101001133,3.837777769553733,0,0.0,0.0,0.0,0.0,0.0,319.9199743798738,1.0357231079399405,data/raw/cutouts/-613110045464636730_VIS.fits,1.0
-613158514493469603,61.31585141336834,-49.3469603262928,1497,28.87917137145996,0.1583107858896255,1,0.3432863354682922,2,7.056346416473389,0.0356596522033214,17.448453903198242,0.2505305111408233,set_-613269202493547660,reference,unlabelled,south,,20.24853818028069,3.1752218003430523,1,38.25522402830745,0.0173415413775828,0.0426419526833155,0.0500545201132014,38.25522402830158,182.42074416581167,0.9829426425294888,data/raw/cutouts/-613158514493469603_VIS.fits,0.0
-613194301468240735,61.31943016858741,-46.82407359387942,1772,35.58879089355469,0.1700891107320785,1,0.3758862912654876,2,8.881210327148438,0.039331279695034,22.485027313232425,0.2464210391044616,set_-612993633468010321,reference,unlabelled,south,,20.021716916558045,3.248463717551032,1,96.56568198080572,-0.0436152088411958,0.0236717610583503,0.0431399481036387,96.56568198080817,209.2361512173084,1.008553160490038,data/raw/cutouts/-613194301468240735_VIS.fits,0.2
-613208328488133121,61.32083282659628,-48.81331213817316,1952,33.6630744934082,0.2421073317527771,1,0.2289913594722747,2,6.039582252502441,0.0403933264315128,11.80215072631836,0.1940504163503646,set_-612894261488306675,reference,unlabelled,south,,20.08211555463893,3.290479813330673,1,97.18658951270906,-0.0877141873170472,-0.1828611508552624,0.9295392068945244,97.1865895127149,139.0419457754487,0.7273856412323076,data/raw/cutouts/-613208328488133121_VIS.fits,0.5
-613241491494933581,61.32414918619536,-49.493358123659405,1465,20.39556312561035,0.2083203494548797,1,0.3178455829620361,0,4.585679531097412,0.0394549891352653,16.039031982421875,0.1988139152526855,set_-613241491494933581,candidate,C,south,102020061.0,20.62616074805783,3.1658376246901283,0,0.0,0.0,0.0,0.0,0.0,97.90480468653324,1.3594361311991054,data/raw/cutouts/-613241491494933581_VIS.fits,0.9
-613269202493547660,61.32692028857152,-49.35476606309744,1357,29.34413719177246,0.1860107779502868,1,0.2984350323677063,0,7.408095836639404,0.044200662523508,17.177968978881836,0.2435129582881927,set_-613269202493547660,candidate,C,south,102020061.0,20.231196638903107,3.132579847659737,0,0.0,0.0,0.0,0.0,0.0,157.75503718185064,0.9131630551533833,data/raw/cutouts/-613269202493547660_VIS.fits,0.9
-613312664497339074,61.33126644130409,-49.733907417642655,785,19.23863983154297,0.143276959657669,1,0.4065094888210296,0,5.751266479492188,0.0415957234799861,15.601205825805664,0.2424163669347763,set_-613080089497356959,reference,unlabelled,south,,20.689564089391112,2.8948696567452528,1,54.49673620182452,0.0569714352710519,-0.0491192183285189,0.0989274729445769,54.49673620179895,134.27587992870426,1.0834866895597544,data/raw/cutouts/-613312664497339074_VIS.fits,0.0
-613485369484424521,61.34853690397672,-48.44245213490222,1099,14.74070930480957,0.1501694172620773,1,0.1316474229097366,0,3.6805050373077393,0.0308771897107362,12.898555755615234,0.1870650053024292,set_-613485369484424521,candidate,C,south,102021014.0,20.97870404564404,3.0409976924234905,0,0.0,0.0,0.0,0.0,0.0,98.16052811261778,1.3615841720934163,data/raw/cutouts/-613485369484424521_VIS.fits,1.0
-613521767464625004,61.35217671268912,-46.46250047298574,7237,98.91648864746094,0.3722976148128509,1,0.2609013319015503,0,14.08844757080078,0.0464446358382701,38.16748428344727,0.3407704532146454,set_-613110045464636730,reference,unlabelled,south,,18.911828271721504,3.8595585726260535,1,102.18421034993531,0.1302481707203711,0.0217808030723203,0.2093074843336888,102.18421034994236,265.6919752150036,1.0820759882724915,data/raw/cutouts/-613521767464625004_VIS.fits,0.4
-613524515483265210,61.35245155323109,-48.32652101536063,943,15.461840629577637,0.1489899456501007,1,0.375890702009201,0,4.481653213500977,0.0411939658224582,12.934375762939451,0.2003649920225143,set_-613524515483265210,candidate,C,south,102021014.0,20.92684701865634,2.9745116927373285,0,0.0,0.0,0.0,0.0,0.0,103.77774528416433,1.1507680638373263,data/raw/cutouts/-613524515483265210_VIS.fits,0.8
-613552795482722691,61.35527953096157,-48.272269146205225,1369,28.08885383605957,0.1850728243589401,1,0.2252821922302246,2,6.5103440284729,0.0394732095301151,19.544715881347656,0.2813685536384582,set_-613552795482722691,candidate,B,south,102021014.0,20.278664954490743,3.13640344813399,0,0.0,0.0,0.0,0.0,0.0,151.7718980804148,1.193563556959432,data/raw/cutouts/-613552795482722691_VIS.fits,0.8
-613600577482783795,61.36005774142282,-48.27837952034614,1394,24.99431800842285,0.1897031515836715,1,0.0625728294253349,0,5.381216049194336,0.0358026586472988,8.156315803527832,0.1545844227075576,set_-613552795482722691,reference,unlabelled,south,,20.405396772125396,3.144262773761991,1,24.79822725977086,0.1267318176346492,0.0078593256280008,0.1805264872808022,24.79822725975481,131.75489073200097,0.451534010122013,data/raw/cutouts/-613600577482783795_VIS.fits,0.3
-613693645483532599,61.36936452459113,-48.35325997405612,935,16.520179748535156,0.1483653634786605,1,0.6744616627693176,0,3.4616594314575195,0.0292604696005582,7.8695197105407715,0.1659383773803711,set_-613524515483265210,reference,unlabelled,south,,20.854963079074764,2.9708116108725178,1,104.42231625976235,-0.0718839395815749,-0.0037000818648107,0.0671051578999935,104.42231625975008,111.3479545440622,0.8916597226054758,data/raw/cutouts/-613693645483532599_VIS.fits,0.0
-613739870484428457,61.37398705593733,-48.442845762120136,1080,15.626509666442873,0.190103217959404,1,0.2673312723636627,2,2.911871910095215,0.029311403632164,4.650092601776123,0.1373910456895828,set_-613485369484424521,reference,unlabelled,south,,20.91534503765825,3.03342375548695,1,60.794783789972165,-0.0633590079857882,-0.0075739369365406,0.0492068854704819,60.79478378994947,82.20013229749678,0.5082233363888856,data/raw/cutouts/-613739870484428457_VIS.fits,0.1
-613905879492695592,61.39058797362404,-49.269559242348336,1632,16.801620483398438,0.2696473598480224,1,0.4281187355518341,0,2.6665191650390625,0.030009439215064,3.966371536254883,0.1318810433149337,set_-614064239492499317,reference,unlabelled,south,,20.83662207350403,3.2127201544178425,1,79.85608260061836,0.0308063062621677,-0.0217971290948439,0.0278898765434346,79.85608260060853,62.3096050073255,0.4311217084801355,data/raw/cutouts/-613905879492695592_VIS.fits,0.2
-613939657466298411,61.39396576082733,-46.62984115708823,2195,26.67368698120117,0.2358428239822387,1,0.4870044887065887,0,4.407516956329346,0.0325863100588321,15.416302680969238,0.2009982615709304,set_-613939657466298411,candidate,C,south,102022974.0,20.33479237407492,3.34143452457814,0,0.0,0.0,0.0,0.0,0.0,113.09942160126934,1.3594655920667351,data/raw/cutouts/-613939657466298411_VIS.fits,1.0
-614032291480334478,61.403229175291656,-48.03344788092096,1071,17.653871536254883,0.1661862134933471,1,0.1035662516951561,2,4.3173346519470215,0.0397869907319545,11.04169464111328,0.2105900347232818,set_-614032291480334478,candidate,C,south,102021497.0,20.78290009503141,3.029789470831856,0,0.0,0.0,0.0,0.0,0.0,106.2294589013042,1.0195500471368708,data/raw/cutouts/-614032291480334478_VIS.fits,0.8
-614064239492499317,61.40642391239789,-49.24993172823451,1716,17.285171508789062,0.2048046886920929,1,0.2839252650737762,2,1.926589846611023,0.0270894821733236,6.359220027923584,0.1378753930330276,set_-614064239492499317,candidate,C,south,102020535.0,20.805815767241864,3.2345172835126865,0,0.0,0.0,0.0,0.0,0.0,84.39831929226925,1.2965364614817854,data/raw/cutouts/-614064239492499317_VIS.fits,0.9
-614257313466107635,61.42573132831361,-46.61076357559208,1502,22.07709503173828,0.2582195997238159,1,0.6217149496078491,0,3.949453830718994,0.0367347039282321,8.461139678955078,0.1908751279115677,set_-613939657466298411,reference,unlabelled,south,,20.54014518228076,3.17666993266815,1,104.33538872803182,0.2053528082058378,-0.1647645919099902,1.1565702153567226,104.33538872804718,85.49736369877148,0.8272295582463234,data/raw/cutouts/-614257313466107635_VIS.fits,0.0
-614274887480460221,61.42748872756248,-48.0460221676782,1192,17.57762908935547,0.1805348992347717,1,0.4550006687641144,0,3.6487903594970703,0.0303609948605299,6.617983818054199,0.1688975542783737,set_-614032291480334478,reference,unlabelled,south,,20.78759925985204,3.076276255404218,1,73.88432217774736,0.0046991648206251,0.0464867845723619,0.058951006658635,73.8843221777556,97.3641615214636,0.6464419728255194,data/raw/cutouts/-614274887480460221_VIS.fits,0.0
-614372759489871259,61.43727597356765,-48.98712597586975,1661,32.03355407714844,0.205053374171257,1,0.542864203453064,0,7.149063587188721,0.0431125238537788,22.32945251464844,25.66502952575684,set_-614485783489887336,reference,unlabelled,south,,20.135987185773693,3.220369632451394,1,27.32058236649896,-0.2230454352608966,-0.1733810078966855,1.3049339017106836,27.320582366508503,156.22056553136537,1.236572287584202,data/raw/cutouts/-614372759489871259_VIS.fits,0.1
-614485783489887336,61.44857834279557,-48.98873361325271,2476,26.084766387939453,0.2987268269062042,1,0.4611371457576751,2,2.7085869312286377,0.0274816174060106,8.99435043334961,0.1963032335042953,set_-614485783489887336,candidate,C,south,102020535.0,20.35903262103459,3.39375064034808,0,0.0,0.0,0.0,0.0,0.0,87.3197986872792,1.3030675640884004,data/raw/cutouts/-614485783489887336_VIS.fits,1.0
-614693194483559414,61.46931944530581,-48.35594145756784,1389,20.830615997314453,0.173816829919815,1,0.2782622575759887,2,4.542985916137695,0.0314617939293384,6.57836389541626,0.1809042543172836,set_-615015771483563755,reference,unlabelled,south,,20.603244717559956,3.1427022457376155,1,77.18241184979489,-0.1316271594176647,0.0549208279280732,0.273022586617897,77.18241184980353,119.84234211913775,0.4019412580927344,data/raw/cutouts/-614693194483559414_VIS.fits,0.1
-614740525474565457,61.47405259157349,-47.456545785451326,1829,38.31914138793945,0.1802370846271515,1,0.2565073072910309,0,10.68417739868164,0.0476130321621894,26.43621635437012,0.3279765248298645,set_-614740525474565457,candidate,C,south,102021985.0,19.941460576662333,3.262213705476417,0,0.0,0.0,0.0,0.0,0.0,212.6040901472001,0.983645517768174,data/raw/cutouts/-614740525474565457_VIS.fits,1.0
-614754944462285793,61.47549442545772,-46.2285793193256,2135,37.06980895996094,0.1885873675346374,1,0.2203408330678939,2,8.526162147521973,0.0390013083815574,21.06545066833496,0.4304841756820678,set_-614811571462498040,reference,unlabelled,south,,19.977449130276007,3.329397879361043,1,77.69905923581103,0.0434711066271589,-0.0074619415557664,0.027564971058724,77.69905923582185,196.5657055643052,0.9820429177215964,data/raw/cutouts/-614754944462285793_VIS.fits,0.1
-614811571462498040,61.48115713809919,-46.249804049102536,2172,38.58413696289063,0.2422353327274322,1,0.2052307426929474,0,8.321582794189453,0.04663547873497,22.56717872619629,0.3162300288677215,set_-614811571462498040,candidate,C,south,102023476.0,19.933978023648848,3.336859820916809,0,0.0,0.0,0.0,0.0,0.0,159.28368718326587,1.0831783248433509,data/raw/cutouts/-614811571462498040_VIS.fits,1.0
-614813060474852843,61.48130600317191,-47.4852843928979,1547,30.857431411743164,0.2038325518369674,1,0.3058778941631317,2,6.513138294219971,0.0408790558576583,15.39904499053955,0.2654289603233337,set_-614740525474565457,reference,unlabelled,south,,20.176600569153766,3.1894903136993675,1,104.95388867762252,0.2351399924914332,-0.0727233917770493,0.7560035539353258,104.95388867762168,151.38618014469074,0.9342587203486404,data/raw/cutouts/-614813060474852843_VIS.fits,0.7
-615006007465475596,61.500600785459575,-46.547559644205,4479,103.58728790283205,0.3009907603263855,1,0.2324841022491455,2,19.593395233154297,0.0582327544689178,48.939552307128906,30.22942924499512,set_-615006007465475596,candidate,C,south,102022974.0,18.861733843436227,3.651181062444688,0,0.0,0.0,0.0,0.0,0.0,344.15437799653733,0.9938757327806816,data/raw/cutouts/-615006007465475596_VIS.fits,0.9
-615015771483563755,61.50157711548515,-48.3563755318778,1224,18.45233154296875,0.1522810459136963,1,0.3006614446640014,0,4.937201023101807,0.0340757295489311,11.939595222473145,4.420194625854492,set_-615015771483563755,candidate,C,south,102021014.0,20.734871876977618,3.087781417809542,0,0.0,0.0,0.0,0.0,0.0,121.17287107041815,0.9587719830643326,data/raw/cutouts/-615015771483563755_VIS.fits,1.0
-615090559475965120,61.50905599519699,-47.596512096296905,842,8.19076919555664,0.157234251499176,1,0.7122032642364502,2,1.2154273986816406,0.0257304850965738,4.71134090423584,13.516919136047363,set_-615462575476067577,reference,unlabelled,south,,21.616688279268185,2.925312091499649,1,97.5459255808158,0.1156195409046532,0.0673768267802206,0.2701806569641575,97.54592558082985,52.09277951502549,1.4710387699441805,data/raw/cutouts/-615090559475965120_VIS.fits,0.0
-615142196476905051,61.514219667364216,-47.6905051710152,1202,14.167254447937012,0.169103667140007,1,0.0377496182918548,0,2.885730743408203,0.0285462457686662,8.205084800720215,6.244430541992188,set_-615286551476653994,reference,unlabelled,south,,21.02178576493218,3.079904467666721,1,96.91717963492331,0.0808885451661467,-0.0429664551977144,0.1269053579784715,96.9171796349124,83.77851697448662,1.134568169077184,data/raw/cutouts/-615142196476905051_VIS.fits,0.4
-615286551476653994,61.52865518364881,-47.66539944828664,1327,15.263042449951172,0.1795918047428131,1,0.2064296007156372,0,2.747892379760742,0.0294518992304801,12.105989456176758,0.2237829118967056,set_-615286551476653994,candidate,C,south,102021985.0,20.940897219766036,3.122870922864436,0,0.0,0.0,0.0,0.0,0.0,84.9874105993245,1.610001428985186,data/raw/cutouts/-615286551476653994_VIS.fits,1.0
-615303489493486844,61.53034891486016,-49.348684455270885,1288,32.139923095703125,0.1758510917425155,1,0.3223478496074676,0,8.70003604888916,0.0469713099300861,20.70315170288086,0.2808225750923157,set_-615303489493486844,candidate,C,south,102020062.0,20.13238791687441,3.1099158630237933,0,0.0,0.0,0.0,0.0,0.0,182.7678337235632,0.9412885307634942,data/raw/cutouts/-615303489493486844_VIS.fits,1.0
-615312634493673750,61.53126349785217,-49.36737505152352,1072,27.460817337036133,0.141132041811943,1,0.4377201795578003,0,7.819318771362305,0.0382155068218708,18.321273803710938,0.3152110874652862,set_-615303489493486844,reference,unlabelled,south,,20.30321635168097,3.030194785356751,1,67.3203120099936,0.1708284348065518,-0.0797210776670422,0.4870201153865425,67.32031200998004,194.575356414296,0.9244668666792342,data/raw/cutouts/-615312634493673750_VIS.fits,0.2
-615334149465415466,61.533414948660685,-46.54154666450277,5448,121.70171356201172,0.3083207309246063,1,0.2533992230892181,2,15.906974792480469,0.0468451045453548,28.427392959594727,0.2277056127786636,set_-615006007465475596,reference,unlabelled,south,,18.68675826713464,3.736237098904729,1,84.08351466128867,-0.1749755763015912,0.085056036460041,0.5271074543700819,84.0835146612851,394.72439364374577,0.6303736001547371,data/raw/cutouts/-615334149465415466_VIS.fits,0.0
-615462575476067577,61.54625759294912,-47.60675777390789,721,9.111135482788086,0.1580490469932556,1,0.1327597051858902,0,2.17932653427124,0.0320214107632637,7.736612319946289,0.2386900186538696,set_-615462575476067577,candidate,B,south,102021985.0,21.50106873836353,2.857935264719429,0,0.0,0.0,0.0,0.0,0.0,57.64751927404463,1.3755713209513531,data/raw/cutouts/-615462575476067577_VIS.fits,0.8
-615557018492238342,61.55570185996074,-49.22383421174113,872,13.596446990966797,0.127140387892723,1,0.2956481277942657,0,3.4259769916534424,0.0298342332243919,7.68477725982666,7.748000144958496,set_-615557018492238342,candidate,C,south,102020536.0,21.06643641543734,2.940516484932567,0,0.0,0.0,0.0,0.0,0.0,106.94042401726072,0.8771171054618763,data/raw/cutouts/-615557018492238342_VIS.fits,0.8
-615566099505695042,61.5566099678491,-50.5695042762499,805,10.219220161437988,0.2046529501676559,1,0.5703057646751404,2,1.2291216850280762,0.0267301853746175,2.449706077575684,0.1384625732898712,set_-615759676505667435,reference,unlabelled,south,,21.376455610920683,2.9057958803678687,1,45.364853534653705,-0.0154231396969031,0.0187415023169119,0.0131885112237083,45.36485353464365,49.93438967318181,0.7487977469595041,data/raw/cutouts/-615566099505695042_VIS.fits,0.3
-615635286499620063,61.56352869852746,-49.962006320287166,2344,43.48592376708984,0.165515661239624,1,0.3962161839008331,2,11.835676193237305,0.0443405397236347,28.195384979248047,0.3154464066028595,set_-615842606499650508,reference,unlabelled,south,,19.8041282495437,3.369957607346053,1,49.24599555249056,0.0791055729534271,-0.0524680690251515,0.1404315548895786,49.24599555246322,262.7299642910131,0.9424623845578104,data/raw/cutouts/-615635286499620063_VIS.fits,0.8
-615702670492372067,61.5702670122358,-49.23720673652978,763,13.290186882019045,0.1362400650978088,1,0.3888848125934601,0,3.290527820587158,0.0277811363339424,5.321603775024414,23.974727630615234,set_-615557018492238342,reference,unlabelled,south,,21.0911722802882,2.8825245379548803,1,59.0761172434588,0.0247358648508608,-0.0579919469776868,0.0938672276209115,59.07611724343363,97.54976902336196,0.5219424215392988,data/raw/cutouts/-615702670492372067_VIS.fits,0.1
-615720035487827731,61.57200351488656,-48.78277319964192,812,14.781105995178224,0.143682062625885,1,0.4185974597930908,0,3.758185148239136,0.0322853773832321,8.51997184753418,0.2007001042366027,set_-616089054487652637,reference,unlabelled,south,,20.97573267168109,2.9095560292411755,1,107.8811606631908,0.055016184622616,-0.0494853630799179,0.1048289290292001,107.88116066316545,102.8737041008718,0.8886499694508596,data/raw/cutouts/-615720035487827731_VIS.fits,0.0
-615759676505667435,61.57596762925991,-50.566743554989294,771,10.075079917907717,0.14189413189888,1,0.2387072443962097,2,2.3477139472961426,0.0297111701220273,7.905194282531738,0.2106071859598159,set_-615759676505667435,candidate,C,south,102019129.0,21.391878750617582,2.8870543780509568,0,0.0,0.0,0.0,0.0,0.0,71.00420421252981,1.3181684196146006,data/raw/cutouts/-615759676505667435_VIS.fits,0.7
-615842606499650508,61.58426063214085,-49.96505087132431,2645,46.77253723144531,0.2074411064386367,1,0.2681503295898437,2,11.253358840942385,0.0433029271662235,23.79615020751953,0.3212256729602813,set_-615842606499650508,candidate,C,south,102019593.0,19.725022676590275,3.4224256763712044,0,0.0,0.0,0.0,0.0,0.0,225.47381295076696,0.8130613350153205,data/raw/cutouts/-615842606499650508_VIS.fits,1.0
-615855008472593591,61.585500849115945,-47.25935911738891,774,8.464479446411133,0.2200370281934738,1,0.4745866954326629,0,1.980250597000122,0.0368065908551216,2.840456962585449,0.1393408328294754,set_-615973730472411612,reference,unlabelled,south,,21.580999363085084,2.8887409606828927,1,71.64888085840951,-0.1140846215930935,0.0102191651816863,0.151626439791359,71.64888085843086,38.46843195395504,0.3916701513081969,data/raw/cutouts/-615855008472593591_VIS.fits,0.5
-615973730472411612,61.59737308617188,-47.24116122661905,756,7.620200634002685,0.137366235256195,1,0.2684770226478576,2,1.7498799562454224,0.0254389233887195,7.151872158050537,0.1461233794689178,set_-615973730472411612,candidate,C,south,102022478.0,21.695083984678178,2.8785217955012063,0,0.0,0.0,0.0,0.0,0.0,55.47360761391344,1.528528715236896,data/raw/cutouts/-615973730472411612_VIS.fits,0.5
-616089054487652637,61.60890544957719,-48.76526371043104,910,15.549391746520996,0.1266616880893707,1,0.0640458688139915,0,4.365721702575684,0.0319563783705234,13.730566024780272,0.192320168018341,set_-616089054487652637,candidate,C,south,102020536.0,20.920716487058478,2.959041392321093,0,0.0,0.0,0.0,0.0,0.0,122.76318104610736,1.244080982815077,data/raw/cutouts/-616089054487652637_VIS.fits,0.9
-616133820483754774,61.61338207712614,-48.37547746153754,1887,24.05215072631836,0.2374484688043594,1,0.1805544197559356,2,3.79755449295044,0.0356158800423145,14.374606132507324,0.2351163774728775,set_-616133820483754774,candidate,A,south,102021014.0,20.44711520812039,3.2757719001649312,0,0.0,0.0,0.0,0.0,0.0,101.2941917352839,1.4452298481876298,data/raw/cutouts/-616133820483754774_VIS.fits,1.0
-616202544483705960,61.62025445309609,-48.37059605702977,1251,24.42804336547852,0.1588478833436966,1,0.6643251180648804,0,5.11765718460083,0.0327583514153957,10.033469200134276,0.2137940227985382,set_-616133820483754774,reference,unlabelled,south,,20.43027829425354,3.09725730969342,1,24.06051952946245,-0.0168369138668502,-0.178514590471511,0.8003325924138235,24.060519529468333,153.7826180070902,0.7309498282913458,data/raw/cutouts/-616202544483705960_VIS.fits,0.1
-616647283503737533,61.66472833389472,-50.37375332092584,2943,49.742706298828125,0.2962334752082824,1,0.0195398516952991,0,7.523105621337891,0.0419613383710384,18.004802703857422,0.2400121837854385,set_-616647283503737533,candidate,C,south,102019129.0,19.658176475556523,3.468790262099611,0,0.0,0.0,0.0,0.0,0.0,167.91723576767924,0.9474780189164446,data/raw/cutouts/-616647283503737533_VIS.fits,0.8
-616689915504029466,61.6689915489192,-50.402946614095725,2975,54.55446243286133,0.2624836266040802,1,0.1050391197204589,2,10.230182647705078,0.0490121431648731,26.66131019592285,0.3765451312065124,set_-616647283503737533,reference,unlabelled,south,,19.55792429826641,3.4734869700645685,1,105.55042030576196,-0.100252177290109,0.0046967079649573,0.1217752068664366,105.55042030576224,207.83948750886887,1.0399952505131764,data/raw/cutouts/-616689915504029466_VIS.fits,0.7
-616846806470568831,61.68468068043435,-47.056883144786624,3751,82.4626235961914,0.3982172906398773,1,0.4515014290809631,0,16.472305297851562,0.0557965524494648,45.832481384277344,0.440507024526596,set_-616952164470784322,reference,unlabelled,south,,19.109357129960134,3.574147064150723,1,81.76529328529419,0.0204020138200817,-0.0773247880483194,0.1598347769997334,81.76529328529398,207.0794652429229,1.1110474695309578,data/raw/cutouts/-616846806470568831_VIS.fits,0.2
-616952164470784322,61.69521649986445,-47.07843220435826,4482,84.02682495117188,0.257271945476532,1,0.1378688216209411,0,16.623186111450195,0.0491927415132522,39.22770690917969,0.3675484955310821,set_-616952164470784322,candidate,C,south,102022478.0,19.088955116140056,3.6514718521990415,0,0.0,0.0,0.0,0.0,0.0,326.6070258672518,0.932196636438566,data/raw/cutouts/-616952164470784322_VIS.fits,0.7
-617330086494647877,61.73300862196033,-49.46478776977762,12446,192.1954803466797,0.5288581848144531,1,0.1912983357906341,0,22.440927505493164,0.0655075535178184,60.906959533691406,0.3598507940769195,set_-617330086494647877,candidate,A,south,102020062.0,18.19064207345297,4.095029796648452,0,0.0,0.0,0.0,0.0,0.0,363.4159135007249,1.08406529338994,data/raw/cutouts/-617330086494647877_VIS.fits,1.0
-617334854504245296,61.73348546561038,-50.42452967891342,1169,17.759510040283203,0.154214546084404,1,0.2666565179824829,2,3.817029476165772,0.0279744770377874,7.22230339050293,0.1558693647384643,set_-617672661504204895,reference,unlabelled,south,,20.77642254990376,3.06781451116184,1,78.8338944193922,-0.0459003006286415,0.0656484494053324,0.1364804540232457,78.83389441941355,115.16105640620404,0.6923755359246919,data/raw/cutouts/-617334854504245296_VIS.fits,0.1
-617551454501169998,61.75514542210128,-50.11699987316916,1070,14.356236457824709,0.1301748752593994,1,0.2213765233755111,0,3.9251351356506334,0.0305492635816335,8.600521087646484,0.1999800503253936,set_-617870550501223546,reference,unlabelled,south,,21.00739849282199,3.0293837776852097,1,76.1368172327154,0.1266473936793914,-0.04102354405491,0.2252604728267265,76.13681723272036,110.28423441326174,0.8516753792189536,data/raw/cutouts/-617551454501169998_VIS.fits,0.1
-617556835476706108,61.75568354740994,-47.6706108385511,1866,33.10268783569336,0.2368384897708892,1,0.5119230151176453,2,7.548834323883057,0.0557831525802612,18.5760555267334,0.252236008644104,set_-617556835476706108,candidate,C,south,102021985.0,20.100341853565418,3.2709116394104814,0,0.0,0.0,0.0,0.0,0.0,139.7690378270692,0.9776840166546912,data/raw/cutouts/-617556835476706108_VIS.fits,0.5
-617560137484578866,61.75601377501509,-48.45788663007414,2296,47.14998626708984,0.2247176766395568,1,0.1403803378343582,2,10.793710708618164,0.0506555922329425,28.57809829711914,0.3124189078807831,set_-617560137484578866,candidate,C,south,102021015.0,19.71629607354823,3.360971883725936,0,0.0,0.0,0.0,0.0,0.0,209.8187689200685,1.0571563792612475,data/raw/cutouts/-617560137484578866_VIS.fits,0.8
-617606472476445622,61.76064725615989,-47.64456224420803,2249,43.3689079284668,0.1718302369117736,1,0.6029284596443176,2,11.098830223083496,0.0426241308450698,29.692541122436523,0.3242495357990265,set_-617556835476706108,reference,unlabelled,south,,19.807053784183783,3.351989455435632,1,94.54420371619516,-0.2932880693816351,0.0810778160251506,1.1277580721730247,94.5442037162052,252.3939250036337,1.0684253962491082,data/raw/cutouts/-617606472476445622_VIS.fits,0.3
-617652722484412174,61.76527220034957,-48.44121740894495,2604,48.32147979736328,0.3132430613040924,1,0.3107631802558899,0,10.260493278503418,0.0593414865434169,34.243011474609375,0.2926195859909057,set_-617560137484578866,reference,unlabelled,south,,19.689649435864425,3.4156409798961542,1,63.95183375559012,-0.0266466376838039,0.0546690961702185,0.0861134979637722,63.95183375560235,154.26193192018832,1.3085092779030618,data/raw/cutouts/-617652722484412174_VIS.fits,0.9
-617672661504204895,61.767266142832256,-50.42048955522782,1005,17.024362564086914,0.1219886392354965,1,0.1731323897838592,2,4.958911895751953,0.0327079929411411,11.892884254455566,0.1975079476833343,set_-617672661504204895,candidate,B,south,102019129.0,20.8223228505324,3.002166061756508,0,0.0,0.0,0.0,0.0,0.0,139.55695112904525,0.9497519997243082,data/raw/cutouts/-617672661504204895_VIS.fits,0.6
-617757812494584237,61.77578124968522,-49.45842370690142,7892,187.9395904541016,0.570305347442627,1,0.2014252990484237,2,20.19708251953125,0.07373608648777,50.07305145263672,0.3192652463912964,set_-617330086494647877,reference,unlabelled,south,,18.214954309665774,3.8971870765801535,1,102.67026181073328,0.0243122362128076,-0.1978427200682979,0.9941485214256528,102.67026181073702,329.54204497093275,0.9857885455883038,data/raw/cutouts/-617757812494584237_VIS.fits,0.1
-617818832499820800,61.78188325707131,-49.98208002304971,10926,133.4524688720703,0.4518788158893585,1,0.260002464056015,2,12.864052772521973,0.0436039343476295,34.77250671386719,0.3394957780838012,set_-617818832499820800,candidate,C,south,102019593.0,18.58668346837424,4.038461196178564,0,0.0,0.0,0.0,0.0,0.0,295.32800427791204,1.0796454665614057,data/raw/cutouts/-617818832499820800_VIS.fits,0.9
-617870550501223546,61.78705503241815,-50.12235464091184,1176,16.132421493530273,0.1709027886390686,1,0.2996089458465576,2,3.648157835006714,0.03587481752038,11.466124534606934,0.2230538129806518,set_-617870550501223546,candidate,C,south,102019593.0,20.8807510991426,3.07040732174012,0,0.0,0.0,0.0,0.0,0.0,94.39530871319194,1.2433575871614968,data/raw/cutouts/-617870550501223546_VIS.fits,0.7
-617978483499796555,61.79784833014475,-49.9796555068213,7246,120.0119857788086,0.4011295437812805,1,0.4677672982215881,0,18.245586395263672,0.0605437979102134,46.49578475952149,0.4006530940532684,set_-617818832499820800,reference,unlabelled,south,,18.701938445346443,3.860098329698518,1,37.975111128385386,0.1152549769722064,-0.1783628664800458,0.9441659541910034,37.97511112838384,299.18510775223825,1.0156393911053605,data/raw/cutouts/-617978483499796555_VIS.fits,0.2
-618049669480587055,61.804966996661314,-48.05870559407328,921,8.826776504516602,0.1614760011434555,1,0.2642471492290497,0,1.570866346359253,0.0237318444997072,3.7112646102905273,0.1080494597554206,set_-618399040480609868,reference,unlabelled,south,,21.535494674209115,2.964259630196849,1,84.46147774568439,0.0144103089855249,0.0704978681389056,0.1326720686439186,84.46147774569246,54.66308579610465,0.9334567116826448,data/raw/cutouts/-618049669480587055_VIS.fits,0.2
-618131396479801881,61.81313962056111,-47.98018813499271,1151,11.1554594039917,0.1494983285665512,1,0.2674014270305633,2,2.232112407684326,0.0241440124809741,8.25869369506836,0.189233660697937,set_-618131396479801881,candidate,C,south,102021498.0,21.281281349754646,3.061075323629792,0,0.0,0.0,0.0,0.0,0.0,74.61929180717024,1.420488243402363,data/raw/cutouts/-618131396479801881_VIS.fits,0.7
-618203625463122467,61.82036259301099,-46.312246718981086,1334,24.28659439086914,0.1870953887701034,1,0.342991292476654,0,5.667277812957764,0.0377227887511253,14.39089012145996,0.2315106242895126,set_-618343478463176358,reference,unlabelled,south,,20.436583450631044,3.12515582958053,1,39.82021668756836,-0.0823180118704236,-0.0080636271519645,0.0782767141697437,39.82021668756023,129.80862088862972,1.011782886819072,data/raw/cutouts/-618203625463122467_VIS.fits,0.7
-618343478463176358,61.83434784507271,-46.31763587812247,1359,22.51331329345703,0.1748343408107757,1,0.0403432585299015,0,4.8892011642456055,0.033509973436594,12.84027099609375,0.2191704362630844,set_-618343478463176358,candidate,C,south,102022975.0,20.518901462501468,3.1332194567324945,0,0.0,0.0,0.0,0.0,0.0,128.76940073130902,1.0483407079555802,data/raw/cutouts/-618343478463176358_VIS.fits,0.9
-618399040480609868,61.83990409522978,-48.06098685532918,783,8.944709777832031,0.129307210445404,1,0.125697910785675,0,2.23079514503479,0.0255829747766256,8.29899787902832,0.183264210820198,set_-618399040480609868,candidate,C,south,102021498.0,21.52108436522359,2.8937617620579434,0,0.0,0.0,0.0,0.0,0.0,69.17409900825801,1.426414907365305,data/raw/cutouts/-618399040480609868_VIS.fits,0.9
-618427280479653162,61.84272803254423,-47.96531622145618,1065,10.70751953125,0.1715447157621383,1,0.5401952266693115,0,1.84528911113739,0.026318322867155,3.027056932449341,0.1131912842392921,set_-618131396479801881,reference,unlabelled,south,,21.32577781186937,3.0273496077747564,1,89.1731670892654,0.0444964621147256,-0.0337257158550352,0.0572523099847797,89.17316708925075,62.41824170262935,0.5373904253941483,data/raw/cutouts/-618427280479653162_VIS.fits,0.0
-618865683490565058,61.88656835204033,-49.0565058578038,1052,10.599553108215332,0.1605673134326934,1,0.1169986128807067,0,2.052629470825196,0.0252472702413797,9.163400650024414,0.1872617453336715,set_-618865683490565058,candidate,C,south,102020536.0,21.33678111200964,3.02201573981772,0,0.0,0.0,0.0,0.0,0.0,66.01314353221991,1.6243652888396665,data/raw/cutouts/-618865683490565058_VIS.fits,1.0
-618871807474875638,61.8871807755433,-47.48756388010372,911,22.785648345947266,0.1334073841571808,1,0.1413603723049163,2,7.330000400543213,0.0408963039517402,18.49146270751953,0.2671481370925903,set_-619001511474774350,reference,unlabelled,south,,20.50584652357817,2.9595183769729982,1,48.22214273219281,0.0517319905046811,-0.0321506304069503,0.0575707528751456,48.22214273217808,170.79750487500138,1.0046681690235035,data/raw/cutouts/-618871807474875638_VIS.fits,0.4
-618888636491356570,61.88886364796672,-49.13565706813002,1244,18.570959091186523,0.1619687527418136,1,0.2053157687187194,0,4.2120280265808105,0.0308510437607765,9.254284858703612,0.1821696311235427,set_-619154064491401577,reference,unlabelled,south,,20.727914166706817,3.0948203803548,1,64.58080363091483,0.0101724586993867,-0.0586896089460373,0.0908372067296791,64.58080363090575,114.65766561028948,0.854629028039719,data/raw/cutouts/-618888636491356570_VIS.fits,0.5
-618975635492884045,61.89756356381875,-49.28840450206527,1965,19.163917541503903,0.2656604647636413,1,0.2043903321027755,0,2.400062322616577,0.0293740108609199,3.723953485488892,0.11949422955513,set_-619281276492818145,reference,unlabelled,south,,20.69378926622995,3.2933625547114453,1,75.5916723887462,0.0051028543147992,0.1757598630213612,0.7774764803660191,75.59167238873293,72.13688178462716,0.4769543212860505,data/raw/cutouts/-618975635492884045_VIS.fits,0.0
-618997214490531274,61.89972145338618,-49.05312745029525,1058,12.837841033935549,0.1536954194307327,1,0.5098550915718079,0,2.85231876373291,0.0276610571891069,3.213939905166626,0.1356226652860641,set_-618865683490565058,reference,unlabelled,south,,21.128770015801347,3.024485667699167,1,33.32927989585243,-0.2080110962082884,0.0024699278814468,0.4818672822385546,33.32927989584393,83.52780506722449,0.1295992327005315,data/raw/cutouts/-618997214490531274_VIS.fits,0.5
-619001511474774350,61.900151107215926,-47.47743509784851,981,23.897594451904297,0.1216526702046394,1,0.1981341689825058,2,7.5273823738098145,0.0392038449645042,21.308910369873047,0.2734164297580719,set_-619001511474774350,candidate,C,south,102021985.0,20.45411453307349,2.991669007379949,0,0.0,0.0,0.0,0.0,0.0,196.441183014764,1.129793162232582,data/raw/cutouts/-619001511474774350_VIS.fits,0.4
-619064253492057922,61.90642530582971,-49.20579225248952,2385,75.45891571044922,0.2802512943744659,1,0.1945520043373108,0,11.09439182281494,0.04759107157588,21.44839096069336,0.2410684823989868,set_-619213444491826413,reference,unlabelled,south,,19.20572359896239,3.3774883833761327,1,90.4324599114593,-0.2421770352241417,-0.0722984636096408,0.7893515538777687,90.4324599114578,269.25447705380657,0.7157280436948004,data/raw/cutouts/-619064253492057922_VIS.fits,0.0
-619154064491401577,61.915406411661245,-49.1401577623794,1424,18.74577140808105,0.1768129467964172,1,0.2845276296138763,2,4.421388626098633,0.0354130156338214,10.404881477355955,0.2060443460941314,set_-619154064491401577,candidate,C,south,102020536.0,20.71774170800743,3.1535099893008374,0,0.0,0.0,0.0,0.0,0.0,106.02035511384226,0.9291961195087776,data/raw/cutouts/-619154064491401577_VIS.fits,1.0
-619213444491826413,61.921344421832,-49.18264130930852,2817,60.3725814819336,0.2322399765253067,1,0.1957693696022033,2,12.92742919921875,0.0495404973626136,33.274288177490234,0.3414239287376404,set_-619213444491826413,candidate,C,south,102020536.0,19.44790063418653,3.449786846985773,0,0.0,0.0,0.0,0.0,0.0,259.9577488131331,1.0264915141482165,data/raw/cutouts/-619213444491826413_VIS.fits,0.8
-619281276492818145,61.92812762812283,-49.281814592568274,1311,19.25419807434082,0.1786316186189651,1,0.1061300188302993,0,4.5408854484558105,0.0347228981554508,14.517823219299316,0.1960597187280655,set_-619281276492818145,candidate,C,south,102020062.0,20.68868641191515,3.117602691690084,0,0.0,0.0,0.0,0.0,0.0,107.78717801024632,1.2619023938918303,data/raw/cutouts/-619281276492818145_VIS.fits,0.7
-619381546484038462,61.93815461677231,-48.40384622587623,1426,21.50994110107422,0.1882295757532119,1,0.0822144150733947,2,4.687381744384766,0.0349002182483673,15.297198295593262,0.2385997772216797,set_-619381546484038462,candidate,C,south,102021015.0,20.568401947010592,3.154119525515847,0,0.0,0.0,0.0,0.0,0.0,114.2750336391128,1.284203930378387,data/raw/cutouts/-619381546484038462_VIS.fits,1.0
-619535738476339304,61.9535738292272,-47.63393044312661,797,13.20676612854004,0.149118959903717,1,0.0630471855401992,2,3.189347505569458,0.0320965237915515,10.680490493774414,0.1650569140911102,set_-619535738476339304,candidate,A,south,102021986.0,21.098008781941477,2.9014583213961123,0,0.0,0.0,0.0,0.0,0.0,88.56530475445491,1.3122233901061742,data/raw/cutouts/-619535738476339304_VIS.fits,1.0
-619552696476192840,61.955269627235815,-47.61928400932317,929,14.296215057373049,0.1566167920827865,1,0.4879801869392395,0,3.581613779067993,0.0322028286755085,10.106927871704102,0.1926142126321792,set_-619535738476339304,reference,unlabelled,south,,21.011947318448264,2.968015713993642,1,52.88744809743493,-0.086061463493209,0.0665573925975295,0.1954404931769492,52.88744809742415,91.2814958552859,1.126351035445636,data/raw/cutouts/-619552696476192840_VIS.fits,0.0
-619617117499852908,61.961711745518016,-49.98529081754732,1164,15.759702682495115,0.1867670118808746,1,0.1119927838444709,2,3.469276428222656,0.034357514232397,11.767196655273438,0.215520367026329,set_-619617117499852908,candidate,C,south,102019593.0,20.906129950074558,3.06595298031387,0,0.0,0.0,0.0,0.0,0.0,84.3816181657771,1.3260852654356658,data/raw/cutouts/-619617117499852908_VIS.fits,1.0
-619700823499953757,61.97008230833293,-49.99537570738801,1149,14.350662231445312,0.1498827785253524,1,0.237031027674675,0,3.349625587463379,0.0289350599050521,11.213584899902344,0.2073965817689895,set_-619617117499852908,reference,unlabelled,south,,21.007820143348244,3.060320028688285,1,41.15137956733836,0.10169019327369,-0.0056329516255848,0.1171439399245635,41.15137956735565,95.7459047172516,1.311870525219458,data/raw/cutouts/-619700823499953757_VIS.fits,0.6
-619804917484100081,61.98049172247772,-48.41000816925172,1214,21.715564727783203,0.1901180446147918,1,0.3800664842128753,0,4.464228630065918,0.0336839072406291,11.06877326965332,0.1729518622159958,set_-619381546484038462,reference,unlabelled,south,,20.55807218009113,3.0842186867392387,1,103.58083741188692,-0.0103297669194581,-0.0699008387766082,0.1325371620077961,103.58083741188014,114.22148156311124,0.9858826579452608,data/raw/cutouts/-619804917484100081_VIS.fits,0.0
-619849430467581885,61.98494306064313,-46.75818852035934,4196,103.91547393798828,0.2675133049488067,1,0.1265498995780944,0,19.357973098754883,0.0516132153570652,34.84260940551758,0.3371920883655548,set_-619877072467808093,reference,unlabelled,south,,18.858299443294143,3.62283547952152,1,81.71975163498965,-0.2772164124405591,-0.109719100329912,1.160559537699691,81.71975163499883,388.4497406881288,0.6381269760035864,data/raw/cutouts/-619849430467581885_VIS.fits,0.1
-619877072467808093,61.987707264068455,-46.78080935773677,5402,80.49958801269531,0.3081487119197845,1,0.0381171442568302,0,13.832342147827148,0.0461857579648494,35.414066314697266,0.385406881570816,set_-619877072467808093,candidate,C,south,102022478.0,19.135515855734702,3.732554579851432,0,0.0,0.0,0.0,0.0,0.0,261.2361658472566,1.0207001834172402,data/raw/cutouts/-619877072467808093_VIS.fits,0.7
-619950279486979311,61.99502796013165,-48.6979311495551,1446,21.42169570922852,0.233111098408699,1,0.4993476271629333,0,3.3545196056365967,0.0347960293292999,7.546718120574951,0.1528001278638839,set_-620343086487063025,reference,unlabelled,south,,20.572865385112827,3.160168292958512,1,98.07251111161402,0.0330553997234588,-0.1449680259851269,0.5457799457056794,98.07251111160274,91.89479117665694,0.8803194859403596,data/raw/cutouts/-619950279486979311_VIS.fits,0.4
-620183928474138168,62.01839280163311,-47.41381689321967,1452,29.32177925109864,0.1832205653190612,1,0.1928509026765823,0,8.552191734313965,0.0481015481054782,22.95561790466309,0.3152173161506653,set_-620183928474138168,candidate,C,south,102021986.0,20.2320242004005,3.161966616364075,0,0.0,0.0,0.0,0.0,0.0,160.03541523866355,1.0720288960613304,data/raw/cutouts/-620183928474138168_VIS.fits,0.9
-620343086487063025,62.0343086377711,-48.706302596157386,2019,22.08391189575196,0.216846078634262,1,0.472582995891571,0,3.5861706733703613,0.0304803717881441,15.338082313537598,0.2371213138103485,set_-620343086487063025,candidate,C,south,102021015.0,20.53980998538937,3.305136318943639,0,0.0,0.0,0.0,0.0,0.0,101.84141689275938,1.5778502735705493,data/raw/cutouts/-620343086487063025_VIS.fits,0.8
-620570828474081798,62.05708283514149,-47.4081798741706,1155,32.77543640136719,0.1747667342424392,1,0.0837214738130569,0,9.098837852478027,0.0460072867572307,16.33331871032715,0.1925060749053955,set_-620183928474138168,reference,unlabelled,south,,20.11112879253909,3.062581984228163,1,96.4181566596466,-0.1208954078614041,-0.0993846321359117,0.4172995071582088,96.41815665963644,187.53818650579453,0.6352212770417005,data/raw/cutouts/-620570828474081798_VIS.fits,0.4
-620710751479897662,62.07107515139318,-47.98976626518308,1290,16.40654945373535,0.1642735302448272,1,0.2146521210670471,512,3.4130609035491943,0.0295354034751653,12.771831512451172,0.2096983790397644,set_-620710751479897662,candidate,B,south,102021498.0,20.86245687015451,3.110589710299249,0,0.0,0.0,0.0,0.0,0.0,99.8733601772826,1.432772856569873,data/raw/cutouts/-620710751479897662_VIS.fits,1.0
-620734630479831299,62.073463040534186,-47.98312997180869,992,16.24754524230957,0.157797709107399,1,0.4224209189414978,512,3.4391043186187744,0.028347035869956,6.323817253112793,0.1725281178951263,set_-620710751479897662,reference,unlabelled,south,,20.873030612597404,2.9965116721541785,1,24.573718905440035,0.0105737424428937,-0.1140780381450703,0.3271049558553208,24.57371890543601,102.96439241238475,0.661334904014836,data/raw/cutouts/-620734630479831299_VIS.fits,0.0
-620765465496530075,62.07654653393215,-49.65300757614554,1222,24.81232643127441,0.1545649766921997,1,0.098943144083023,2,6.909675598144531,0.0408274084329605,21.745546340942383,0.2949515283107757,set_-620821345496639134,reference,unlabelled,south,,20.413331284714733,3.0870712059065357,1,41.36458866016672,-0.106988586128967,-0.0419738539814229,0.1726960151126364,41.36458866017369,160.53006937454927,1.2447816631916704,data/raw/cutouts/-620765465496530075_VIS.fits,0.7
-620821345496639134,62.08213456710978,-49.663913468151335,1346,22.48392105102539,0.1752511262893676,1,0.147117480635643,0,5.203131675720215,0.0335871577262878,15.88486385345459,0.2458386570215225,set_-620821345496639134,candidate,C,south,102020062.0,20.5203198708437,3.1290450598879582,0,0.0,0.0,0.0,0.0,0.0,128.2954439556688,1.2117967004541763,data/raw/cutouts/-620821345496639134_VIS.fits,1.0
-620897273485969972,62.0897273819312,-48.59699723797093,818,13.134840965270996,0.1445014029741287,1,0.2104707211256027,2,3.5861761569976807,0.0369515381753444,9.246134757995604,20.094541549682617,set_-620897273485969972,candidate,C,south,102021015.0,21.103937953050004,2.912753303671323,0,0.0,0.0,0.0,0.0,0.0,90.89767085252892,1.0283215000005554,data/raw/cutouts/-620897273485969972_VIS.fits,0.9
-620929180471106584,62.09291806381961,-47.11065843346866,979,14.05943202972412,0.1782713830471038,1,0.1826374679803848,0,2.878730535507202,0.0337173454463481,4.698757648468018,0.1449528038501739,set_-621145334471255869,reference,unlabelled,south,,21.0300805587704,2.9907826918031377,1,75.44697517816209,0.1200305463277153,-0.1248278198711618,0.5545112661111012,75.44697517816661,78.86533323191453,0.5319550778616188,data/raw/cutouts/-620929180471106584_VIS.fits,0.2
-620978815501656388,62.09788156139889,-50.16563882716289,790,12.098891258239746,0.14578677713871,1,0.4130949378013611,0,2.365162372589112,0.0248422883450984,8.160480499267578,0.188171774148941,set_-620978815501656388,candidate,A,south,102019594.0,21.19313606645906,2.8976270912904414,0,0.0,0.0,0.0,0.0,0.0,82.99031980608336,1.3446369253102728,data/raw/cutouts/-620978815501656388_VIS.fits,0.3
-621009421472505515,62.10094211027625,-47.25055159153342,746,8.78384017944336,0.1319599002599716,1,0.1193969845771789,0,2.1543221473693848,0.0285227466374635,7.673547744750977,0.1903039067983627,set_-621009421472505515,candidate,C,south,102022478.0,21.54078893685053,2.8727388274726686,0,0.0,0.0,0.0,0.0,0.0,66.56446513022888,1.3792138835811905,data/raw/cutouts/-621009421472505515_VIS.fits,0.9
-621052562499005686,62.105256298420976,-49.90056864937158,1289,19.821208953857425,0.1687846779823303,1,0.0448000729084014,0,3.949121475219727,0.0296748019754886,10.099645614624023,0.2187070697546005,set_-621162039498971275,reference,unlabelled,south,,20.657174650361355,3.110252917353403,1,28.24787714887215,-0.0750448061836408,0.0037220635310215,0.0636051503385489,28.2478771488753,117.43488325363552,1.019514105676837,data/raw/cutouts/-621052562499005686_VIS.fits,0.3
-621092184472667007,62.10921841421928,-47.266700730008495,701,9.260161399841309,0.1284633427858352,1,0.5159238576889038,0,2.0287282466888428,0.0281150080263614,3.032273530960083,0.1380009353160858,set_-621009421472505515,reference,unlabelled,south,,21.48345360930769,2.8457180179666586,1,61.55325024640116,-0.0573353275428409,-0.02702080950601,0.0580273888290136,61.55325024642116,72.08407627442156,0.4363612471485395,data/raw/cutouts/-621092184472667007_VIS.fits,0.0
-621101372486237835,62.11013727872814,-48.6237835193407,817,12.423792839050291,0.1282444149255752,1,0.3357042372226715,0,3.507378578186035,0.0299599226564168,11.040894508361816,0.206371784210205,set_-620897273485969972,reference,unlabelled,south,,21.16436449719251,2.9122220565324155,1,107.9764295248988,0.0604265441425049,-0.0005312471389076,0.0505734382394233,107.97642952491458,96.87589784132322,1.2450540381054314,data/raw/cutouts/-621101372486237835_VIS.fits,0.0
-621145334471255869,62.11453340376329,-47.12558698760536,1305,15.70290470123291,0.1723726093769073,1,0.1596605777740478,0,3.018965721130371,0.0287650935351848,9.362746238708496,0.1673899739980697,set_-621145334471255869,candidate,B,south,102022479.0,20.91005001244268,3.1156105116743,0,0.0,0.0,0.0,0.0,0.0,91.0986075919822,1.2288626772029076,data/raw/cutouts/-621145334471255869_VIS.fits,1.0
-621147362501518727,62.11473627646001,-50.15187276732638,851,11.351151466369627,0.1627655923366546,1,0.2275288552045822,0,2.600170135498047,0.0315232649445533,5.992313385009766,0.1857816874980926,set_-620978815501656388,reference,unlabelled,south,,21.26240020297767,2.929929560084588,1,62.98510498242591,0.0692641365186084,0.0323024687941466,0.0827931907228817,62.98510498241943,69.73925694867737,0.906481880235488,data/raw/cutouts/-621147362501518727_VIS.fits,0.0
-621162039498971275,62.11620399966503,-49.89712754852899,1278,18.497465133666992,0.1465736627578735,1,0.2579399347305298,2,4.501215934753418,0.0332957059144973,12.206345558166504,0.2499685287475586,set_-621162039498971275,candidate,C,south,102019594.0,20.732219456545,3.106530853822381,0,0.0,0.0,0.0,0.0,0.0,126.19910552568464,1.0831395322521271,data/raw/cutouts/-621162039498971275_VIS.fits,0.8
-621218317473420180,62.12183175151306,-47.34201808791453,1387,18.50640869140625,0.2079351991415023,1,0.4883537292480469,0,3.4071834087371826,0.0354088135063648,6.788143157958984,0.1368502974510193,set_-621302990473408111,reference,unlabelled,south,,20.73169462800019,3.1420764610732848,1,21.10756180985641,0.0510622876613879,0.0448191513798645,0.0795715135007594,21.10756180984341,89.00084626274567,0.7483887012054802,data/raw/cutouts/-621218317473420180_VIS.fits,0.0
-621302990473408111,62.1302990020354,-47.34081117401504,1251,19.39755821228028,0.171886995434761,1,0.2280845940113067,0,4.947275161743164,0.0343169942498207,14.041471481323242,0.2042580842971801,set_-621302990473408111,candidate,C,south,102021986.0,20.680632340338803,3.09725730969342,0,0.0,0.0,0.0,0.0,0.0,112.8506444784681,1.132616390597248,data/raw/cutouts/-621302990473408111_VIS.fits,0.9
-621355000463181883,62.13550003886825,-46.31818832183497,852,8.037449836730957,0.165928915143013,1,0.0394463650882244,0,1.5495221614837646,0.0253623910248279,2.6024773120880127,0.1326000094413757,set_-621355000463181883,candidate,C,south,102022975.0,21.637204311436463,2.9304395947667,0,0.0,0.0,0.0,0.0,0.0,48.4391152066747,0.5629729003507709,data/raw/cutouts/-621355000463181883_VIS.fits,0.4
-621382476467345948,62.138247614487135,-46.73459483248188,2090,40.45289611816406,0.2281666845083236,1,0.0612444467842578,0,8.664266586303711,0.047446109354496,21.89323234558105,0.2266807705163955,set_-621382476467345948,candidate,C,south,102022975.0,19.88262595193315,3.3201462861110542,0,0.0,0.0,0.0,0.0,0.0,177.2953672239048,1.0064451992652157,data/raw/cutouts/-621382476467345948_VIS.fits,1.0
-621400162467227685,62.14001623518144,-46.72276858566402,2418,36.14625930786133,0.2020883709192276,1,0.2171407341957092,2,8.120442390441895,0.0376576371490955,21.650463104248047,0.2493941336870193,set_-621382476467345948,reference,unlabelled,south,,20.004841600419645,3.383456296524753,1,42.79759651148196,0.1222156484864953,0.0633100104136987,0.2677372081261148,42.797596511466274,178.8636285375796,1.064718751794327,data/raw/cutouts/-621400162467227685_VIS.fits,0.1
-621527139488411273,62.15271395549136,-48.84112738837274,789,12.415258407592772,0.1384394913911819,1,0.2155410945415496,0,3.058312177658081,0.0279534552246332,5.021965980529785,0.1458834856748581,set_-621645331488224037,reference,unlabelled,south,,21.165110591839447,2.89707700320942,1,72.99286673655797,0.0134518075213172,-0.1335227187565308,0.452286344401466,72.99286673657733,89.68003481399369,0.5384798810170188,data/raw/cutouts/-621527139488411273_VIS.fits,0.0
-621553454470255058,62.15534549392881,-47.02550588659593,2026,37.53837585449219,0.2870785295963287,1,0.6055821776390076,514,6.055452823638916,0.0407623797655105,9.768717765808104,0.2004627883434295,set_-621553454470255058,candidate,C,south,102022479.0,19.96381130402634,3.3066394410242617,0,0.0,0.0,0.0,0.0,0.0,130.7599558464934,0.5192273432440484,data/raw/cutouts/-621553454470255058_VIS.fits,0.8
-621645331488224037,62.1645331458563,-48.82240372116829,1073,12.570034980773926,0.1525588184595108,1,0.217786893248558,2,2.375248432159424,0.0262318737804889,12.03477954864502,0.20526222884655,set_-621645331488224037,candidate,A,south,102020536.0,21.15165878431813,3.030599721965951,0,0.0,0.0,0.0,0.0,0.0,82.39467968946036,1.7618227481080226,data/raw/cutouts/-621645331488224037_VIS.fits,1.0
-621662243494833459,62.16622439087708,-49.48334598137877,712,8.371203422546387,0.1328090280294418,1,0.2850571572780609,0,1.915460705757141,0.0264259073883295,2.552570343017578,0.1083369255065918,set_-621957244494881303,reference,unlabelled,south,,21.59303026116893,2.852479993636857,1,71.10916063608339,0.2427301430741053,-0.0012182181393178,0.6590158277834913,71.10916063607952,63.03188530745526,0.3117611797629404,data/raw/cutouts/-621662243494833459_VIS.fits,0.1
-621691114463166623,62.16911141713664,-46.316662300930034,785,9.016438484191896,0.1388593018054962,1,0.6295961141586304,0,2.040774345397949,0.0285776685923337,2.6958346366882324,0.1380733698606491,set_-621355000463181883,reference,unlabelled,south,,21.51241243998851,2.8948696567452528,1,83.75120012919693,-0.1247918714479539,-0.0355699380214473,0.2106775702352113,83.75120012921268,64.93218939571982,0.302245657028109,data/raw/cutouts/-621691114463166623_VIS.fits,0.0
-621732909470115366,62.173290917981824,-47.011536678351256,1992,35.08538818359375,0.235499307513237,1,0.1665126234292984,2,5.960733890533447,0.0394305065274238,19.4050407409668,0.2676327526569366,set_-621553454470255058,reference,unlabelled,south,,20.037184285221404,3.29928933408768,1,66.8497730597256,0.0733729811950638,-0.0073501069365815,0.0649996717465169,66.8497730597255,148.98297814154574,1.2815370628718104,data/raw/cutouts/-621732909470115366_VIS.fits,0.6
-621793097472888655,62.17930977689507,-47.28886559498448,5233,110.59678649902344,0.2803290784358978,1,0.6607835292816162,2,15.501978874206545,0.048834104090929,42.75362396240234,0.3638984858989715,set_-622189376472948583,reference,unlabelled,south,,18.7906437292785,3.718750734739665,1,99.13734211169796,-0.2912064368844298,0.0009138672527395,0.9506824190633878,99.137342111697,394.5248459992114,1.1014644809948184,data/raw/cutouts/-621793097472888655_VIS.fits,0.2
-621805791495061367,62.18057919968442,-49.50613673144014,1804,36.71306228637695,0.220710277557373,1,0.3608942627906799,0,8.272027015686035,0.0446299463510513,13.34946346282959,0.1750765889883041,set_-621979616495321808,reference,unlabelled,south,,19.98794847223171,3.256236533205923,1,102.1814512781615,-0.0550760919475052,-0.0599435656875297,0.1324864700166049,73.86473786449741,166.3405197650277,0.5196296672860947,data/raw/cutouts/-621805791495061367_VIS.fits,0.1
-621912400483602967,62.19124003285403,-48.36029671587242,1342,27.343868255615234,0.1781749725341797,1,0.6087064743041992,2,6.001004695892334,0.0370327308773994,16.697311401367188,0.2470429837703704,set_-622080925483400126,reference,unlabelled,south,,20.3078501176874,3.1277525158329733,1,83.41436380720711,0.1141278123113771,0.0533017968783822,0.2217163373267604,83.414363807233,153.46638120216238,1.1110564503347988,data/raw/cutouts/-621912400483602967_VIS.fits,0.5
-621957244494881303,62.19572447035005,-49.48813039694209,714,10.468391418457031,0.1176245957612991,1,0.070534698665142,2,3.083219051361084,0.0297801308333873,9.2045316696167,0.161037266254425,set_-621957244494881303,candidate,C,south,102020063.0,21.35030011809483,2.8536982117761744,0,0.0,0.0,0.0,0.0,0.0,88.99832004269761,1.1874932886814773,data/raw/cutouts/-621957244494881303_VIS.fits,0.7
-621979616495321808,62.19796161248845,-49.53218083550069,2071,34.89716720581055,0.1711906045675277,1,0.1996060758829116,2,9.185303688049316,0.0450016222894191,21.194042205810547,0.2769815027713775,set_-621979616495321808,candidate,C,south,102020063.0,20.043024564179216,3.3161800988934527,0,0.0,0.0,0.0,0.0,0.0,203.84978073983635,0.9078006879088454,data/raw/cutouts/-621979616495321808_VIS.fits,0.8
-622080925483400126,62.20809258937844,-48.34001264538855,1187,30.374635696411133,0.1442006230354309,1,0.2343158721923828,2,7.698765277862549,0.0354004278779029,15.317512512207031,0.190002828836441,set_-622080925483400126,candidate,C,south,102021015.0,20.193722305376024,3.074450718954591,0,0.0,0.0,0.0,0.0,0.0,210.6415011046652,0.7469179120569647,data/raw/cutouts/-622080925483400126_VIS.fits,0.3
-622189376472948583,62.21893769144855,-47.29485831343858,5222,84.5784912109375,0.3316822052001953,1,0.3332447111606598,2,10.673800468444824,0.0409481301903724,31.51444435119629,0.300857663154602,set_-622189376472948583,candidate,B,south,102021986.0,19.08185016616293,3.7178368674869255,0,0.0,0.0,0.0,0.0,0.0,254.99857961896984,1.175476435539466,data/raw/cutouts/-622189376472948583_VIS.fits,1.0
-622308313493836797,62.23083135643429,-49.38367972939379,824,12.969317436218262,0.1205635964870452,1,0.1424344033002853,0,3.869494199752808,0.0313345231115818,7.945714950561523,0.1824543178081512,set_-622481875493986539,reference,unlabelled,south,,21.11770719962872,2.915927211697116,1,67.52741144191418,0.0811633793092845,-0.0939484220150443,0.2977614525860715,67.52741144192491,107.57241666734652,0.7811969521253527,data/raw/cutouts/-622308313493836797_VIS.fits,0.1
-622481875493986539,62.24818752512739,-49.3986539196134,1023,13.97598648071289,0.1664084792137146,1,0.1854539662599563,2,2.979909896850586,0.0282003954052925,9.14622402191162,0.1893453449010849,set_-622481875493986539,candidate,C,south,102020063.0,21.03654382031944,3.00987563371216,0,0.0,0.0,0.0,0.0,0.0,83.98602370954818,1.2175967548613322,data/raw/cutouts/-622481875493986539_VIS.fits,0.8
-622483671477358161,62.24836718683294,-47.73581613037174,963,10.659443855285645,0.1635235399007797,1,0.2043348997831344,0,1.7051843404769895,0.0261576417833566,7.256354808807373,0.1438916027545929,set_-622483671477358161,candidate,B,south,102021986.0,21.330663633883667,2.9836262871245345,0,0.0,0.0,0.0,0.0,0.0,65.1859901134321,1.5723679357482538,data/raw/cutouts/-622483671477358161_VIS.fits,1.0
-622552238477460315,62.25522389911427,-47.74603154520744,887,10.958738327026367,0.2327060252428054,1,0.1607102006673813,0,2.16199803352356,0.0404589436948299,5.572658538818359,0.1366316676139831,set_-622483671477358161,reference,unlabelled,south,,21.300598607592413,2.9479236198317262,1,40.3483231389946,-0.030065026291254,-0.0357026672928082,0.0433061457472664,40.34832313898843,47.0926282015776,1.0280178453721482,data/raw/cutouts/-622552238477460315_VIS.fits,0.7
-622697531480704134,62.26975319129441,-48.07041343601949,2336,38.28065872192383,0.2618910670280456,1,0.2473271936178207,2,7.3881330490112305,0.0432673580944538,19.53211975097656,0.2506130635738373,set_-622697531480704134,candidate,A,south,102021498.0,19.94255149405909,3.3684728384403617,0,0.0,0.0,0.0,0.0,0.0,146.17015828884456,1.0555366761241494,data/raw/cutouts/-622697531480704134_VIS.fits,1.0
-622801905480713704,62.28019051160103,-48.07137046149536,1991,34.11862564086914,0.1896077245473861,1,0.1166432574391365,0,7.98272705078125,0.0378265045583248,22.523706436157227,0.2917212247848511,set_-622697531480704134,reference,unlabelled,south,,20.067521178272436,3.299071260027409,1,25.3428622028928,0.1249696842133438,-0.0694015784129522,0.2944920229600276,25.34286220287084,179.94322605956032,1.1262214459670343,data/raw/cutouts/-622801905480713704_VIS.fits,0.2
-622823631498946266,62.28236310130245,-49.89462667115618,1018,12.527246475219728,0.153833732008934,1,0.3591466546058655,2,2.499764204025269,0.0273625720292329,7.400379180908203,0.1492872089147567,set_-622823631498946266,candidate,C,south,102019594.0,21.155360944229077,3.00774777800074,0,0.0,0.0,0.0,0.0,0.0,81.43367720216396,1.178387319785623,data/raw/cutouts/-622823631498946266_VIS.fits,0.9
-622942194499059019,62.29421941915391,-49.90590195508978,1042,11.866887092590332,0.1690340191125869,1,0.4447661340236664,0,2.4128239154815674,0.0269348546862602,4.147467613220215,0.1405958533287048,set_-622823631498946266,reference,unlabelled,south,,21.21415797426727,3.017867718963505,1,49.02535938301011,0.0587970300381961,0.0101199409627654,0.0430330512092456,49.025359383007086,70.20413497170807,0.5881434363164275,data/raw/cutouts/-622942194499059019_VIS.fits,0.0
-623287928461250242,62.32879284723717,-46.12502425783562,895,11.024441719055176,0.1843239367008209,1,0.1649378836154937,0,2.618586778640747,0.0359222218394279,4.301056385040283,0.1660163551568985,set_-623606953461346463,reference,unlabelled,south,,21.29410848525636,2.951823035315912,1,86.80454051017809,0.1504841086673281,-0.0157249409029498,0.2642582159646697,86.80454051018974,59.81014683377299,0.5387704130851655,data/raw/cutouts/-623287928461250242_VIS.fits,0.4
-623606953461346463,62.36069539525027,-46.134646359206656,928,12.663397789001465,0.159382551908493,1,0.2843964695930481,0,3.0428555011749268,0.03550611063838,10.676915168762209,0.17605921626091,set_-623606953461346463,candidate,C,south,102023477.0,21.143624376589027,2.967547976218862,0,0.0,0.0,0.0,0.0,0.0,79.45284874264001,1.362911157564226,data/raw/cutouts/-623606953461346463_VIS.fits,0.8
-623693130472838781,62.36931303732417,-47.28387818096299,1538,25.62895393371582,0.1565919518470764,1,0.1312501430511474,0,6.825663566589356,0.0354678630828857,16.201885223388672,0.2429464012384414,set_-624018037473035562,reference,unlabelled,south,,20.37817279882793,3.186956335465412,1,106.35753621528772,-0.2443382978491115,-0.0214850209731549,0.6845850148695596,106.35753621530525,163.66712102001506,0.9385516822952242,data/raw/cutouts/-623693130472838781_VIS.fits,0.0
-623864453481728686,62.386445361422936,-48.172868622730206,874,16.14369773864746,0.129065528512001,1,0.1508608013391494,0,4.662442207336426,0.0325792096555233,10.70376682281494,0.2143561542034149,set_-623864453481728686,candidate,C,south,102021498.0,20.879992456011596,2.941511432634403,0,0.0,0.0,0.0,0.0,0.0,125.08140573837544,0.9023079449666688,data/raw/cutouts/-623864453481728686_VIS.fits,1.0
-623983627481603012,62.39836274294222,-48.16030120165468,1013,17.332534790039062,0.1666297316551208,1,0.3110928535461426,2,4.8838958740234375,0.0395309701561927,14.720813751220703,0.2305489331483841,set_-623864453481728686,reference,unlabelled,south,,20.802844798520105,3.0056094453602804,1,53.53222387965712,-0.0771476574914906,0.0640980127258772,0.1713014342843118,53.53222387966561,104.01826023409076,1.1979135547865922,data/raw/cutouts/-623983627481603012_VIS.fits,0.5
-624018037473035562,62.40180378818673,-47.30355621206611,1616,20.46423721313477,0.1807663291692733,1,0.1849397271871566,0,4.203845024108887,0.0315778590738773,16.281494140625,0.1974299997091293,set_-624018037473035562,candidate,C,south,102021986.0,20.62251109667704,3.208441356438567,0,0.0,0.0,0.0,0.0,0.0,113.20823577698278,1.470118899992637,data/raw/cutouts/-624018037473035562_VIS.fits,1.0
-624283320476999595,62.42833201383412,-47.69995956636405,838,22.02908515930176,0.1478011757135391,1,0.0299367681145668,2,5.907853126525879,0.0395895950496196,10.538725852966309,0.1598201245069503,set_-624283320476999595,candidate,C,south,102021986.0,20.54250884547043,2.9232440186302764,0,0.0,0.0,0.0,0.0,0.0,149.04539867800133,0.6283960433122833,data/raw/cutouts/-624283320476999595_VIS.fits,0.5
-624621756461424625,62.46217565433479,-46.14246258469318,2366,24.59140968322754,0.2454878836870193,1,0.5197470784187317,0,3.845106363296509,0.0319498889148235,11.371434211730955,0.1782069653272628,set_-624713369461407371,reference,unlabelled,south,,20.42304143739485,3.374014740291912,1,23.68077048575794,0.1885171697416829,0.0569966392437999,0.4765709028333794,23.680770485759837,100.17361881118316,1.177267213456763,data/raw/cutouts/-624621756461424625_VIS.fits,0.1
-624676539477049980,62.46765398352633,-47.70499805488326,883,19.510028839111328,0.1308924108743667,1,0.1301944106817245,2,5.853324890136719,0.0357828475534915,13.752188682556152,0.1900540739297866,set_-624283320476999595,reference,unlabelled,south,,20.67435522161139,2.945960703577569,1,96.9779096825329,0.1318463761409596,0.0227166849472921,0.2141138538483523,96.97790968251888,149.05393451601608,0.9274229798055946,data/raw/cutouts/-624676539477049980_VIS.fits,0.4
-624713369461407371,62.471336963457055,-46.140737182978704,2075,29.25433921813965,0.1939374804496765,1,0.1664247214794159,0,6.444217205047607,0.0356827974319458,20.273101806640625,0.3194417059421539,set_-624713369461407371,candidate,C,south,102023478.0,20.234524267653168,3.317018101048112,0,0.0,0.0,0.0,0.0,0.0,150.84417488722946,1.244375078083479,data/raw/cutouts/-624713369461407371_VIS.fits,0.9
-624927287497718014,62.4927287240262,-49.771801490762,736,6.845695495605469,0.1445567607879638,1,0.1246256455779075,0,1.5954208374023438,0.025559663772583,2.626015901565552,0.1287206560373306,set_-624927287497718014,candidate,C,south,102019594.0,21.8114560567141,2.866877814337499,0,0.0,0.0,0.0,0.0,0.0,47.35645332871529,0.541055229049637,data/raw/cutouts/-624927287497718014_VIS.fits,0.8
-624927435479300584,62.49274350488107,-47.9300584176271,1409,16.699954986572266,0.193920761346817,1,0.3547954857349396,2,1.903739094734192,0.027495102956891,6.811779022216797,0.1534646302461624,set_-624927435479300584,candidate,C,south,102021498.0,20.843211748644457,3.1489109931093564,0,0.0,0.0,0.0,0.0,0.0,86.11741657049954,1.3841328055186242,data/raw/cutouts/-624927435479300584_VIS.fits,0.9
-625071030479371630,62.50710306349582,-47.93716300879073,1823,20.863338470458984,0.2648842334747314,1,0.281096339225769,2,2.776851892471313,0.0317000150680542,4.600252628326416,0.1233068406581878,set_-624927435479300584,reference,unlabelled,south,,20.601540490577875,3.260786668654976,1,43.05494579280684,-0.2416712580665816,0.1118756755456198,0.9634378535913748,43.05494579281624,78.76398756081207,0.5480724137684667,data/raw/cutouts/-625071030479371630_VIS.fits,0.6
-625194868497486172,62.5194868230718,-49.748617255127314,745,8.127950668334961,0.1754795163869857,1,0.1629773676395416,2,1.3642204999923706,0.0302658155560493,2.8709359169006348,0.154817596077919,set_-624927287497718014,reference,unlabelled,south,,21.62504735238185,2.8721562727482928,1,104.1075036663175,-0.1864087043322513,0.0052784584107938,0.396079877649797,104.10750366632767,46.3185153212433,0.8078473180891832,data/raw/cutouts/-625194868497486172_VIS.fits,0.2
-625396652482696001,62.53966525150778,-48.26960019718397,9756,150.51585388183594,0.4037074446678161,1,0.1874271184206009,2,21.0877742767334,0.0537480041384696,56.14055252075195,0.3756402134895324,set_-625491140482568245,reference,unlabelled,south,,18.45604438321899,3.989271791641693,1,51.26482306989869,-0.001627477852157,0.0814306490587486,0.1680563517711042,51.26482306990842,372.8339813145764,1.0631148456921449,data/raw/cutouts/-625396652482696001_VIS.fits,0.4
-625491140482568245,62.5491140915176,-48.25682452879364,8088,150.2904052734375,0.4201986491680145,1,0.2831112146377563,0,19.952224731445312,0.060929961502552,44.82068634033203,0.3578686118125915,set_-625491140482568245,candidate,C,south,102021016.0,18.457671861071148,3.907841142582945,0,0.0,0.0,0.0,0.0,0.0,357.6651318870484,0.8787179369606071,data/raw/cutouts/-625491140482568245_VIS.fits,0.9
-625721178472013977,62.57211783767231,-47.20139776290168,2682,29.00680923461914,0.2671529948711395,1,0.4698930978775024,2,4.132519245147705,0.0315369516611099,13.841533660888672,0.2411984205245971,set_-625721178472013977,candidate,C,south,102022479.0,20.243750103020123,3.42845877351558,0,0.0,0.0,0.0,0.0,0.0,108.57751846881033,1.3124233211302865,data/raw/cutouts/-625721178472013977_VIS.fits,0.8
-625837413480365274,62.58374134164092,-48.03652748706808,1100,19.258712768554688,0.1260664910078048,1,0.2994333803653717,2,5.715707302093506,0.0379580482840538,14.898995399475098,10.718512535095217,set_-625837413480365274,candidate,C,south,102021499.0,20.68843186003234,3.041392685158225,0,0.0,0.0,0.0,0.0,0.0,152.76631097285303,1.040217513301194,data/raw/cutouts/-625837413480365274_VIS.fits,0.4
-625907590472119115,62.590759091993895,-47.21191151431685,2301,37.51656723022461,0.2180073410272598,1,0.0845391824841499,2,5.955667018890381,0.0335446298122406,15.268068313598633,0.2320219576358795,set_-625721178472013977,reference,unlabelled,south,,19.964442266162514,3.3619166186686438,1,59.25441595541677,-0.2793078368576083,-0.0665421548469367,0.9805162909036454,59.25441595542801,172.0885501077393,1.0221342151617168,data/raw/cutouts/-625907590472119115_VIS.fits,0.2
-626058089502440974,62.605808983768064,-50.24409746161536,743,17.14851951599121,0.1407793760299682,1,0.1508645564317703,2,5.507192611694336,0.0391005016863346,17.066659927368164,0.2145309150218963,set_-626058089502440974,candidate,C,south,102019594.0,20.81443341992611,2.8709888137605755,0,0.0,0.0,0.0,0.0,0.0,121.81130503335052,1.228045671879657,data/raw/cutouts/-626058089502440974_VIS.fits,0.9
-626107008480474509,62.610700852254034,-48.04745095498579,888,19.67181396484375,0.1272289156913757,1,0.5547443628311157,0,5.210133075714111,0.0321917571127414,10.293435096740724,0.2047804594039917,set_-625837413480365274,reference,unlabelled,south,,20.665388978366494,2.948412965778601,1,75.87495342720655,-0.0230428816658445,-0.092979719379624,0.2269661278282433,75.87495342719491,154.61747715088967,0.7392787861023042,data/raw/cutouts/-626107008480474509_VIS.fits,0.0
-626148898503257561,62.61488980991852,-50.32575613428242,3773,64.81344604492188,0.3329854011535644,1,0.380895048379898,2,8.069465637207031,0.0438787750899791,,,set_-626148898503257561,candidate,B,south,102019131.0,19.370837217679146,3.576686805200996,0,0.0,0.0,0.0,0.0,0.0,194.64350635309552,,data/raw/cutouts/-626148898503257561_VIS.fits,0.3
-626361211503150316,62.63612118521657,-50.31503164700816,5826,80.2669677734375,0.3598203361034393,1,0.3350093066692352,0,13.86144733428955,0.0507350079715251,31.01710319519043,0.3451028764247894,set_-626148898503257561,reference,unlabelled,south,,19.13865785738731,3.765370480291649,1,62.22718224764058,-0.2321793602918305,0.1886836750906528,1.4923275414039083,62.22718224764169,223.07512866744355,0.8744816393399815,data/raw/cutouts/-626361211503150316_VIS.fits,0.9
-626434400502310276,62.64344006591944,-50.2310276552404,774,17.002607345581055,0.1422118693590164,1,0.1532299220561981,0,4.56671953201294,0.0370805449783802,7.914431095123291,0.1596032679080963,set_-626058089502440974,reference,unlabelled,south,,20.82371118641158,2.8887409606828927,1,98.5992311197217,0.0092777664854679,0.0177521469223171,0.0171697623004784,98.59923111971332,119.55828597300602,0.5970384060616113,data/raw/cutouts/-626434400502310276_VIS.fits,0.2
-626481631486761003,62.64816317313285,-48.67610030059974,870,15.510456085205078,0.1862019300460815,1,0.6314674019813538,2,2.8775899410247803,0.0383812263607978,4.618690490722656,0.1575507670640945,set_-626678160486839020,reference,unlabelled,south,,20.92343857890641,2.9395192526186187,1,54.507062524164986,-0.0042786274831492,-0.0261527186014878,0.019849695179485,54.50706252417221,83.2991155428224,0.5137248836195331,data/raw/cutouts/-626481631486761003_VIS.fits,0.1
-626678160486839020,62.66781600751191,-48.68390205226024,924,15.449453353881836,0.1935080736875534,1,0.2079560905694961,0,2.94636344909668,0.0340131893754005,10.901225090026855,0.175628125667572,set_-626678160486839020,candidate,A,south,102021016.0,20.92771720638956,2.9656719712201065,0,0.0,0.0,0.0,0.0,0.0,79.83880496287301,1.420472472096853,data/raw/cutouts/-626678160486839020_VIS.fits,0.3
-626848525484170764,62.68485251577008,-48.41707643981424,3026,63.83217239379883,0.3235969841480255,1,0.5708950161933899,0,13.518041610717772,0.0645650327205658,36.90061569213867,0.3490650057792663,set_-626855046484045681,reference,unlabelled,south,,19.38740093754742,3.480868923687168,1,45.05669903361603,0.1526891337515614,-0.0573276546622865,0.3429461170285736,45.05669903361865,197.2582425694041,1.090299583869823,data/raw/cutouts/-626848525484170764_VIS.fits,0.3
-626855046484045681,62.68550462996505,-48.40456817772637,3453,73.47088623046875,0.2609120905399322,1,0.1510075479745865,0,14.956568717956545,0.0552402399480342,40.229522705078125,0.3588353097438812,set_-626855046484045681,candidate,C,south,102021016.0,19.234711803795857,3.5381965783494542,0,0.0,0.0,0.0,0.0,0.0,281.59249377224296,1.074282273304715,data/raw/cutouts/-626855046484045681_VIS.fits,1.0
-627250990481307392,62.72509906853519,-48.130739214678734,2910,56.08429336547852,0.2064397633075714,1,0.1624927520751953,2,12.363296508789062,0.0440589673817157,32.58731460571289,0.2854545414447784,set_-627250990481307392,candidate,C,south,102021499.0,19.527896869131425,3.463892988985908,0,0.0,0.0,0.0,0.0,0.0,271.67388911369466,1.0522857209158574,data/raw/cutouts/-627250990481307392_VIS.fits,1.0
-627424737481069092,62.742473767588905,-48.10690924457423,3464,55.21402740478516,0.2335745692253112,1,0.0201874002814292,0,10.96447467803955,0.0435259193181991,29.2476806640625,0.2953165769577026,set_-627250990481307392,reference,unlabelled,south,,19.544876433821333,3.539577883345309,1,95.41069885436532,0.0169795646899082,0.0756848943594015,0.1542130045970939,95.41069885437244,236.38715288188968,1.0652590084946765,data/raw/cutouts/-627424737481069092_VIS.fits,0.1
-627453333496824110,62.74533335167963,-49.68241105180451,1480,16.561382293701172,0.2036569714546203,1,0.4297525286674499,2,2.736254930496216,0.0327415093779563,8.656255722045898,0.1725109368562698,set_-627453333496824110,candidate,C,south,102020063.0,20.85225854425931,3.170261715394957,0,0.0,0.0,0.0,0.0,0.0,81.3199871107356,1.2504338017208851,data/raw/cutouts/-627453333496824110_VIS.fits,0.4
-627527574501339776,62.75275749569824,-50.13397763451015,1036,23.55391502380371,0.173097088932991,1,0.5621539950370789,0,5.506498336791992,0.0387296006083488,14.995238304138184,0.22986900806427,set_-627601908501239659,reference,unlabelled,south,,20.46984224024208,3.0153597554092144,1,39.91636849636966,-0.0227195894884317,0.1628797617723578,0.6703467624585553,39.916368496365926,136.07343236674453,1.087694648923578,data/raw/cutouts/-627527574501339776_VIS.fits,0.0
-627547612484805421,62.75476122322143,-48.48054218440943,1511,24.279916763305664,0.193143218755722,1,0.1018276065587997,2,5.192355155944824,0.0372081696987152,17.619400024414062,0.2070350646972656,set_-627765430484619992,reference,unlabelled,south,,20.43688201611911,3.1792644643390253,1,84.61086627516467,0.0327543213413115,0.0929046336642769,0.2338399676951128,84.61086627514446,125.70939285222175,1.326566813206964,data/raw/cutouts/-627547612484805421_VIS.fits,0.9
-627601908501239659,62.76019088309872,-50.12396597187511,712,23.06615829467773,0.1166826039552688,1,0.1599220633506775,2,6.37589168548584,0.034400325268507,13.193751335144045,0.2057944685220718,set_-627601908501239659,candidate,C,south,102019595.0,20.492561829730512,2.852479993636857,0,0.0,0.0,0.0,0.0,0.0,197.6829236988945,0.7895684100079483,data/raw/cutouts/-627601908501239659_VIS.fits,0.8
-627630576503421055,62.76305769603773,-50.34210555899593,1131,16.48567771911621,0.1963616460561752,1,0.2213997542858123,0,3.609962463378906,187.3066253662109,7.294346332550049,0.1937116682529449,set_-628000816503335709,reference,unlabelled,south,,20.85723298623648,3.053462604925455,1,90.4494543172576,0.0913927597059149,0.0653497646571033,0.2065858439058528,90.4494543172716,83.95569119643652,0.7637092337064587,data/raw/cutouts/-627630576503421055_VIS.fits,0.3
-627765430484619992,62.77654309973087,-48.46199923060413,1220,25.023550033569336,0.1299970597028732,1,0.1775906085968017,2,7.1508636474609375,0.0368904471397399,18.57999420166016,0.2224772721529007,set_-627765430484619992,candidate,C,south,102021016.0,20.4041276947778,3.0863598306747484,0,0.0,0.0,0.0,0.0,0.0,192.49320015978995,1.0367176928124957,data/raw/cutouts/-627765430484619992_VIS.fits,1.0
-627795424496948568,62.77954247898201,-49.69485682985171,1372,14.733543395996094,0.2080536186695099,1,0.0492011569440364,2,2.6902389526367188,0.0328579992055892,7.800970077514648,0.1530815064907074,set_-627453333496824110,reference,unlabelled,south,,20.97923198349346,3.137354111370733,1,91.40678119769652,0.126973439234149,-0.0329076040242246,0.2133721556418636,91.40678119769524,70.81608813255063,1.1558943885165107,data/raw/cutouts/-627795424496948568_VIS.fits,0.0
-627891706482718950,62.78917068450788,-48.27189506638918,1547,38.36833953857422,0.1815056204795837,1,0.1766710877418518,2,9.31733226776123,0.0460732392966747,32.43516540527344,0.2552812695503235,set_-627891706482718950,candidate,A,south,102021016.0,19.940067488245965,3.1894903136993675,0,0.0,0.0,0.0,0.0,0.0,211.38926407455247,1.354311334335086,data/raw/cutouts/-627891706482718950_VIS.fits,1.0
-627937046483290884,62.793704662662094,-48.32908846893992,4628,50.64335632324219,0.4073547124862671,1,0.5917849540710449,2,1.6318318843841553,0.0242845136672258,5.099176406860352,0.1258998066186905,set_-627937046483290884,candidate,A,south,102021016.0,19.63869379932306,3.665393350279712,0,0.0,0.0,0.0,0.0,0.0,124.32250019680208,1.2370615553894824,data/raw/cutouts/-627937046483290884_VIS.fits,0.0
-628000816503335709,62.80008165328455,-50.33357099197679,973,17.933452606201172,0.1671186685562133,1,0.1191162765026092,2,4.6598286628723145,1804.4415283203125,11.92458724975586,0.2528744339942932,set_-628000816503335709,candidate,C,south,102019131.0,20.765840226530567,2.988112840268352,0,0.0,0.0,0.0,0.0,0.0,107.30969053986294,1.0201835178826717,data/raw/cutouts/-628000816503335709_VIS.fits,0.9
-628006810482497050,62.80068105414613,-48.24970509592877,1363,27.964210510253903,0.2717259228229522,1,0.3492046892642975,0,5.205594062805176,0.04940777271986,8.61278247833252,0.1759083420038223,set_-628042951482285714,reference,unlabelled,south,,20.283493593072496,3.1344958558346736,1,76.57301591708996,-0.1935232449566584,-0.1095337331953483,0.7210928703970556,76.57301591707858,102.91329667679324,0.5466829513936179,data/raw/cutouts/-628006810482497050_VIS.fits,0.0
-628042951482285714,62.80429513652352,-48.228571450804566,1754,23.39878273010254,0.2357835173606872,1,0.1153470799326896,2,4.133514404296875,0.0346900559961795,13.972407341003418,0.2221504002809524,set_-628042951482285714,candidate,B,south,102021499.0,20.477016838029154,3.244029589030022,0,0.0,0.0,0.0,0.0,0.0,99.23841578081353,1.322379457164288,data/raw/cutouts/-628042951482285714_VIS.fits,1.0
-628150849482864072,62.815084927941946,-48.28640728886857,1994,39.3948974609375,0.2236771285533905,1,0.1155078411102294,0,9.542500495910645,0.0484429523348808,24.117095947265625,0.2434570640325546,set_-627891706482718950,reference,unlabelled,south,,19.91140006396804,3.2997251539756367,1,81.14215076959609,-0.028667424277927,0.1102348402762691,0.3185691075852587,81.14215076961234,176.1239413064718,1.0066570499708964,data/raw/cutouts/-628150849482864072_VIS.fits,0.8
-628170101483140202,62.81701019966205,-48.31402028510515,4476,56.11794662475586,0.2686284482479095,1,0.4145930707454681,2,8.818232536315918,0.0384227447211742,12.57563304901123,0.1811802983283996,set_-627937046483290884,reference,unlabelled,south,,19.52724557084889,3.650890077856313,1,77.81392061091431,-0.1114482284741704,-0.0145032724233993,0.1484576772380254,77.8139206109212,208.9054491092701,0.3853707735263262,data/raw/cutouts/-628170101483140202_VIS.fits,0.7
-628426685457278907,62.84266855969773,-45.72789076686676,4025,53.25287628173828,0.2824780642986297,1,0.275031566619873,386,7.283176422119141,0.037968959659338,18.78384780883789,2.885181903839112,set_-628683592457046709,reference,unlabelled,south,,19.584142325612625,3.604765884703888,1,105.62884880020754,0.2610680393792819,-0.0841875779335303,0.9440491049867428,105.6288488002072,188.52039507549333,1.028659326812612,data/raw/cutouts/-628426685457278907_VIS.fits,0.7
-628457640459296313,62.84576401449824,-45.92963139466405,963,11.493206977844238,0.1569965481758117,1,0.1205132752656936,2,2.220866441726685,0.0267660431563854,9.97070026397705,0.2068101316690445,set_-628457640459296313,candidate,A,south,102023478.0,21.24889693035743,2.9836262871245345,0,0.0,0.0,0.0,0.0,0.0,73.20674952021005,1.6305080476485745,data/raw/cutouts/-628457640459296313_VIS.fits,1.0
-628497942459435949,62.84979426246738,-45.9435949602188,761,13.23646640777588,0.1692672371864318,1,0.1262890100479126,2,3.431648731231689,0.0343571156263351,6.213881492614746,0.1681290119886398,set_-628457640459296313,reference,unlabelled,south,,21.09556984547837,2.8813846567705728,1,51.27152520243124,-0.1533270848790628,-0.1022416303539617,0.5248007977091638,51.27152520243688,78.19863210266243,0.6446503499664427,data/raw/cutouts/-628497942459435949_VIS.fits,0.1
-628657058481893904,62.86570588035712,-48.18939043881491,1071,15.924312591552734,0.1610074043273925,1,0.3200965821743011,0,3.809502363204956,0.0330732502043247,13.869866371154783,0.2191481739282608,set_-628657058481893904,candidate,C,south,102021499.0,20.894848264693287,3.029789470831856,0,0.0,0.0,0.0,0.0,0.0,98.90422529371529,1.4030100739344815,data/raw/cutouts/-628657058481893904_VIS.fits,0.3
-628683592457046709,62.8683592745232,-45.704670979868624,4886,67.72831726074219,0.3210760653018951,1,0.079812578856945,2,8.072391510009766,0.0428457297384738,25.86292839050293,0.2915814518928528,set_-628683592457046709,candidate,A,south,102023984.0,19.323074286233343,3.688953462637418,0,0.0,0.0,0.0,0.0,0.0,210.9416570713857,1.2641887009167154,data/raw/cutouts/-628683592457046709_VIS.fits,0.9
-628740959481705944,62.87409593424168,-48.17059446321152,1166,15.55489730834961,0.1473675370216369,1,0.2114219665527343,0,3.68600082397461,0.0295854676514863,12.850421905517578,0.1801511794328689,set_-628657058481893904,reference,unlabelled,south,,20.9203321292706,3.0666985504229958,1,70.59914024070551,0.0254838645773105,0.0369090795911395,0.045546044636999,70.59914024071666,105.55172205983057,1.355904896768989,data/raw/cutouts/-628740959481705944_VIS.fits,0.5
-629094204478335066,62.90942044076511,-47.833506672053545,3068,43.47412490844727,0.2639926970005035,1,0.4865689575672149,2,7.770403861999512,0.0443741008639335,15.169580459594728,0.1918279081583023,set_-629500609478261132,reference,unlabelled,south,,19.804422877899523,3.4868553552769432,1,101.76273192993013,-0.0995802741442339,0.0673952824908727,0.2326117508292723,101.76273192991772,164.67927106470054,0.7263249455653374,data/raw/cutouts/-629094204478335066_VIS.fits,0.1
-629139696484887212,62.91396966118239,-48.48872120604349,2762,45.18164825439453,0.197874441742897,1,0.203677162528038,2,8.987945556640625,0.03867182508111,23.6289119720459,0.2812542915344238,set_-629139696484887212,candidate,A,south,102021016.0,19.762594824490265,3.4412236742426123,0,0.0,0.0,0.0,0.0,0.0,228.33493732909744,1.0494582282378326,data/raw/cutouts/-629139696484887212_VIS.fits,0.8
-629251457469796025,62.92514575135779,-46.97960252675668,948,12.18500804901123,0.1518298536539077,1,0.17025887966156,0,2.751103162765503,0.0279476884752511,7.595800876617432,0.1757021695375442,set_-629472211470016093,reference,unlabelled,south,,21.185435448996664,2.976808337338066,1,95.99555010937996,-0.1382080244318579,0.1017470739463659,0.4789506009238546,95.99555010939054,80.25436207550227,1.102666737614444,data/raw/cutouts/-629251457469796025_VIS.fits,0.0
-629285642482882698,62.928564297514605,-48.28826985153946,1555,17.72480010986328,0.1782731860876083,1,0.1182223558425903,0,3.801541805267334,0.0302473865449428,11.904033660888672,0.2156591713428497,set_-629685198482852633,reference,unlabelled,south,,20.778546634603828,3.191730393362856,1,96.32157767943453,0.19206172143911,-0.0994163683690292,0.6649080024518467,96.3215776794427,99.42493595841626,1.2393359387502796,data/raw/cutouts/-629285642482882698_VIS.fits,1.0
-629472211470016093,62.94722117761679,-47.00160935048713,750,10.728589057922363,0.177257552742958,1,0.0659569129347801,0,2.200736284255981,959.6659545898438,7.184044361114502,0.1429909616708755,set_-629472211470016093,candidate,C,south,102022480.0,21.32364347342852,2.8750612633917,0,0.0,0.0,0.0,0.0,0.0,60.52542693895779,1.2845025038744402,data/raw/cutouts/-629472211470016093_VIS.fits,0.8
-629500609478261132,62.95006095311768,-47.82611320305374,2627,39.66420364379883,0.2100886851549148,1,0.2546857595443725,0,8.74215030670166,0.0391770675778389,26.04914665222168,0.2441639453172683,set_-629500609478261132,candidate,C,south,102021499.0,19.90400315204376,3.4194600727860704,0,0.0,0.0,0.0,0.0,0.0,188.79742911690516,1.1854380789126968,data/raw/cutouts/-629500609478261132_VIS.fits,1.0
-629570835484881364,62.95708350116715,-48.48813641644459,2486,40.79718399047852,0.254380464553833,1,0.503901481628418,2,5.105682373046875,0.0333901569247245,14.693809509277344,0.2516418993473053,set_-629139696484887212,reference,unlabelled,south,,19.873424532201952,3.395501124305626,1,102.89015393344384,0.1108297077116873,-0.0457225499369862,0.197820175001756,102.89015393345753,160.37860478804518,1.1477015292643555,data/raw/cutouts/-629570835484881364_VIS.fits,0.8
-629685198482852633,62.96851985754328,-48.285263348191855,1955,21.154659271240234,0.2218755185604095,1,0.1876712590456009,0,2.638924598693848,0.0269003361463546,10.313042640686035,0.1682792901992797,set_-629685198482852633,candidate,B,south,102021016.0,20.58648491316472,3.291146761731885,0,0.0,0.0,0.0,0.0,0.0,95.34472035715156,1.4798995799732602,data/raw/cutouts/-629685198482852633_VIS.fits,0.7
-630054806472672068,63.00548068889418,-47.26720689014327,1082,12.907499313354492,0.2028188109397888,1,0.6787276268005371,0,2.330287456512451,0.0315463207662105,3.705344200134277,0.1399816870689392,set_-630063885472798259,reference,unlabelled,south,,21.1228947234602,3.0342272607705505,1,45.48262163745618,-0.2649342433282164,0.1673494464330516,1.4818100727534098,45.482621637449526,63.64054326887049,0.5035476490132195,data/raw/cutouts/-630054806472672068_VIS.fits,0.0
-630063885472798259,63.0063885326303,-47.27982592699143,736,10.112730026245115,0.132789209485054,1,0.0490217804908752,0,2.789167642593384,0.0288164671510458,8.428604125976562,0.1607677489519119,set_-630063885472798259,candidate,C,south,102021987.0,21.387828966788412,2.866877814337499,0,0.0,0.0,0.0,0.0,0.0,76.15626349054625,1.200702595342355,data/raw/cutouts/-630063885472798259_VIS.fits,1.0
-630160205470193218,63.01602051543424,-47.01932185662968,2249,35.647708892822266,0.2082103490829467,1,0.2202255725860595,2,6.815104007720947,0.0362695232033729,20.54709243774414,0.2761749029159546,set_-630160205470193218,candidate,B,south,102022480.0,20.019920943434865,3.351989455435632,0,0.0,0.0,0.0,0.0,0.0,171.21007216899173,1.1981947165118163,data/raw/cutouts/-630160205470193218_VIS.fits,1.0
-630215171489910992,63.02151715990121,-48.99109920381632,932,9.73863697052002,0.1822232007980346,1,0.5051971673965454,0,1.1035867929458618,0.0261101089417934,3.3772521018981934,0.1228650361299514,set_-630474558489891070,reference,unlabelled,south,,21.428754557907485,2.9694159123539814,1,61.69273059830666,0.2657106637910758,-0.0931660718741818,1.0047293587376993,61.692730598303385,53.44345246856764,1.214392465449288,data/raw/cutouts/-630215171489910992_VIS.fits,0.0
-630353090470228581,63.03530906823262,-47.02285818842911,1816,38.52607345581055,0.2338043004274368,1,0.726000964641571,0,5.592475891113281,0.0386491008102893,12.544815063476562,0.2169443219900131,set_-630160205470193218,reference,unlabelled,south,,19.9356131291267,3.2591158441850663,1,49.02041864594733,-0.0843078143081648,-0.0928736112505657,0.2966735175738489,49.02041864592188,164.77914813961024,0.8771503568702842,data/raw/cutouts/-630353090470228581_VIS.fits,0.0
-630474558489891070,63.047455839975264,-48.9891070854322,1155,12.438913345336914,0.2040979713201522,1,0.1021513566374778,2,1.94793701171875,0.0294180214405059,6.527007579803467,0.156019315123558,set_-630474558489891070,candidate,C,south,102020538.0,21.16304389411641,3.062581984228163,0,0.0,0.0,0.0,0.0,0.0,60.945796104092494,1.312848018929174,data/raw/cutouts/-630474558489891070_VIS.fits,1.0
-631043463457052623,63.10434637855938,-45.70526232957247,1389,17.790325164794922,0.22038334608078,1,0.6872649788856506,2,2.8775293827056885,0.0331086069345474,9.113728523254396,0.1854177564382553,set_-631043463457052623,candidate,B,south,102023984.0,20.77454028493555,3.1427022457376155,0,0.0,0.0,0.0,0.0,0.0,80.72445346334837,1.251690802185956,data/raw/cutouts/-631043463457052623_VIS.fits,0.5
-631149988457239976,63.11499886020658,-45.72399761641186,1220,15.202462196350098,0.1587255448102951,1,0.2926593422889709,2,3.4761383533477783,0.0300460141152143,12.931354522705078,0.1804597675800323,set_-631043463457052623,reference,unlabelled,south,,20.94521516966275,3.0863598306747484,1,72.56777294197526,0.1706748847271981,-0.056342415062867,0.4075422460314106,72.56777294199247,95.7782958913117,1.4263674123929433,data/raw/cutouts/-631149988457239976_VIS.fits,0.7
-631322959480571295,63.132295901885605,-48.05712955745703,982,15.663599967956545,0.1447064876556396,1,0.7570465803146362,0,3.087065935134888,0.0267823617905378,7.522837162017822,0.1709099113941192,set_-631671876480407401,reference,unlabelled,south,,20.912771042071107,2.992111487786949,1,102.6262924828612,-0.0739022917295919,0.0031068720884124,0.06995481717514,102.62629248287789,108.2439372395761,0.9670893894887488,data/raw/cutouts/-631322959480571295_VIS.fits,0.0
-631381352500365599,63.13813522290135,-50.03655995549416,1544,35.94864273071289,0.1829769909381866,1,0.4674333333969116,0,6.287269115447998,3940.851806640625,26.94879531860352,3.41189193725586,set_-631457405500289252,reference,unlabelled,south,,20.010793755253463,3.188647295999717,1,32.62994163831752,0.0455109244279015,0.1732875405905027,0.7746409378775471,32.62994163830594,196.4653727574801,1.5801932647628325,data/raw/cutouts/-631381352500365599_VIS.fits,0.4
-631411371462345640,63.141137146695065,-46.23456407990831,1396,15.53140926361084,0.1905807107686996,1,0.4624452292919159,0,2.9003024101257324,0.029898902401328,5.69980525970459,0.127235934138298,set_-631728261462264711,reference,unlabelled,south,,20.92197284045292,3.144885418287142,1,84.1225100043773,-0.0058918222803399,0.1159077130783643,0.3423176961648072,84.12251000437107,81.49517965887276,0.733541835694814,data/raw/cutouts/-631411371462345640_VIS.fits,0.0
-631457405500289252,63.14574051943338,-50.02892529631968,1036,37.48753356933594,0.1635460704565048,1,0.1275967806577682,0,9.887269020080566,0.0491113699972629,26.489646911621094,0.3458524346351623,set_-631457405500289252,candidate,C,south,102019595.0,19.965282830825565,3.0153597554092144,0,0.0,0.0,0.0,0.0,0.0,229.21696293097895,1.0699995464381695,data/raw/cutouts/-631457405500289252_VIS.fits,1.0
-631489067498086687,63.148906717163214,-49.80866878732102,1014,14.626864433288574,0.1467649936676025,1,0.1146956980228424,0,3.5466020107269287,0.0291298031806945,10.935942649841309,0.2044469863176345,set_-631489067498086687,candidate,C,south,102019595.0,20.987121909442436,3.0060379549973173,0,0.0,0.0,0.0,0.0,0.0,99.66180672767176,1.2226094202238325,data/raw/cutouts/-631489067498086687_VIS.fits,0.9
-631671876480407401,63.16718764004243,-48.0407401739346,975,14.632908821105955,0.1546845287084579,1,0.3007443249225616,0,3.1961915493011475,0.0319662131369113,10.050970077514648,0.1990702450275421,set_-631671876480407401,candidate,C,south,102021499.0,20.9866733338007,2.989004615698537,0,0.0,0.0,0.0,0.0,0.0,94.59839935696073,1.2439379529082382,data/raw/cutouts/-631671876480407401_VIS.fits,1.0
-631728261462264711,63.17282618072984,-46.226471100852514,1069,15.447355270385742,0.1575022786855697,1,0.1499331593513488,0,3.517009258270264,0.029577862471342,8.416339874267578,0.149588257074356,set_-631728261462264711,candidate,C,south,102023479.0,20.927864662733256,3.028977705208778,0,0.0,0.0,0.0,0.0,0.0,98.07702719796283,0.9473743839178208,data/raw/cutouts/-631728261462264711_VIS.fits,1.0
-631738427490567773,63.17384277745671,-49.05677733469694,1345,19.45630645751953,0.1596900075674057,1,0.2306220084428787,2,4.742571830749512,0.0340562798082828,14.267660140991213,2.5793824195861816,set_-631738427490567773,candidate,C,south,102020538.0,20.67734900438375,3.128722284338427,0,0.0,0.0,0.0,0.0,0.0,121.8379706651774,1.1958470959518142,data/raw/cutouts/-631738427490567773_VIS.fits,1.0
-631836107464869952,63.183610760023775,-46.486995275895,6455,95.95362091064452,0.3715415298938751,1,0.2331157028675079,2,15.132369041442873,0.0564118102192878,37.08635330200195,0.3430204689502716,set_-632256836464896558,reference,unlabelled,south,,18.9448465801524,3.809896246602439,1,104.7212213922399,0.0252998635086285,0.1734083502490735,0.7682754682777697,104.72122139226484,258.25813049230896,0.9732680178972136,data/raw/cutouts/-631836107464869952_VIS.fits,0.9
-631878865498214554,63.18788659342462,-49.82145549478354,809,14.200361251831056,0.1510881632566452,1,0.4495227634906769,0,3.6677017211914062,0.0347752161324024,8.344361305236816,0.1962102353572845,set_-631489067498086687,reference,unlabelled,south,,21.019251517971725,2.907948521612272,1,101.576450209397,0.0321296085292921,-0.098089433385045,0.2608543832865475,101.57645020939124,93.98725185181898,0.8924977285016839,data/raw/cutouts/-631878865498214554_VIS.fits,0.1
-631964022490346455,63.1964022068315,-49.03464558766851,1700,18.646053314208984,0.2433529198169708,1,0.2702000737190246,0,2.8101842403411865,0.0294096581637859,5.081636428833008,0.1509888619184494,set_-631738427490567773,reference,unlabelled,south,,20.723532695864243,3.230448921378274,1,95.82098911709608,0.0461836914804933,0.1017266370398473,0.2902787718569927,95.8209891170781,76.62144891556241,0.6431719896319608,data/raw/cutouts/-631964022490346455_VIS.fits,0.0
-632042355489056587,63.20423550768468,-48.90565872392651,3313,53.80857849121094,0.2943746149539947,1,0.1286323517560959,0,9.246294021606444,0.0469602234661579,26.119138717651367,0.2990189790725708,set_-632042355489056587,candidate,C,south,102020538.0,19.572871202358098,3.52022143588196,0,0.0,0.0,0.0,0.0,0.0,182.78946538790453,1.1274778813133026,data/raw/cutouts/-632042355489056587_VIS.fits,0.9
-632106383460162877,63.2106383566358,-46.01628774336627,769,9.918173789978027,0.1234892457723617,1,0.1577106416225433,2,2.683638334274292,0.0283546168357133,9.145685195922852,0.1853957623243332,set_-632106383460162877,candidate,C,south,102023479.0,21.40892071526673,2.885926339801431,0,0.0,0.0,0.0,0.0,0.0,80.3160933403144,1.331230653820417,data/raw/cutouts/-632106383460162877_VIS.fits,0.9
-632111060460433176,63.21110606656645,-46.04331765023171,804,8.97822380065918,0.1448566913604736,1,0.3405048251152038,0,2.1154441833496094,0.0273950938135385,3.989917516708374,0.1199992671608924,set_-632106383460162877,reference,unlabelled,south,,21.517023932794835,2.905256048748451,1,97.31468637699386,0.1081032175281002,0.0193297089470201,0.1473079073157678,97.31468637699584,61.980041904429605,0.688905867038692,data/raw/cutouts/-632111060460433176_VIS.fits,0.1
-632153190488802907,63.215319014572245,-48.88029071203469,2702,47.17642974853516,0.2856836915016174,1,0.6134563684463501,2,5.418757438659668,0.0370763838291168,9.627345085144045,0.1761883795261383,set_-632042355489056587,reference,unlabelled,south,,19.71568732263518,3.431685344686012,1,95.0179800670396,0.1428161202770823,-0.0885360911959485,0.430333555988596,95.01798006704642,165.13518675345205,0.6240170701474578,data/raw/cutouts/-632153190488802907_VIS.fits,0.2
-632256836464896558,63.22568367935108,-46.48965582009792,4330,98.21578979492188,0.2843964099884033,1,0.1331717222929,514,19.48520851135254,0.0608426295220851,50.53153991699219,0.3969083130359649,set_-632256836464896558,candidate,C,south,102022977.0,18.91954671664377,3.6364878963533656,0,0.0,0.0,0.0,0.0,0.0,345.34820534101243,1.034643689375092,data/raw/cutouts/-632256836464896558_VIS.fits,0.8
-632392419485457605,63.23924194423687,-48.54576058186417,1208,18.241012573242188,0.1944918781518936,1,0.1127351447939872,2,3.5660934448242188,0.0325812697410583,11.527408599853516,0.1704965233802795,set_-632531483485434233,reference,unlabelled,south,,20.747377643258343,3.082066934285113,1,34.195023861315704,0.0341935879025463,0.0274538797282253,0.0328365010544703,34.19502386132159,93.7880427016926,1.2738474207528447,data/raw/cutouts/-632392419485457605_VIS.fits,0.5
-632503018480736583,63.25030187037567,-48.073658352372775,4552,56.80320739746094,0.3451035320758819,1,0.1474044173955917,2,7.057076454162598,0.0426522567868232,17.255382537841797,0.2379712909460067,set_-632503018480736583,candidate,B,south,102021499.0,19.51406785281351,3.658202253387015,0,0.0,0.0,0.0,0.0,0.0,164.5975833854142,0.9707494230509666,data/raw/cutouts/-632503018480736583_VIS.fits,1.0
-632516107458220696,63.25161071055569,-45.822069628699786,915,12.669838905334473,0.1332461535930633,1,0.1276339143514633,0,3.649791955947876,0.0311140418052673,9.939087867736816,0.1675238311290741,set_-632788282458131350,reference,unlabelled,south,,21.14307226763928,2.9614210940664485,1,75.48462434236836,0.1165330740451473,-0.1004082132282504,0.4078187023611112,75.48462434234902,95.08596356205854,1.0876960509487863,data/raw/cutouts/-632516107458220696_VIS.fits,0.4
-632519805480911465,63.25198053472613,-48.0911465443136,3038,49.84724807739258,0.2777553200721741,1,0.3484861254692077,0,7.637599468231201,0.0418590568006038,15.837072372436523,0.2208527028560638,set_-632503018480736583,reference,unlabelled,south,,19.655897032086564,3.482587769526768,1,63.08680391120959,0.1418291792730528,-0.1756144838602469,0.9979290691106384,63.08680391118755,179.4646023861573,0.7917950551251546,data/raw/cutouts/-632519805480911465_VIS.fits,0.2
-632531483485434233,63.25314839312492,-48.54342336816487,1134,18.824626922607425,0.1716365367174148,1,0.0789056718349456,0,4.371182918548584,0.0390787422657012,11.827012062072754,0.1763254106044769,set_-632531483485434233,candidate,C,south,102021017.0,20.7131840553558,3.054613054556888,0,0.0,0.0,0.0,0.0,0.0,109.67727083424316,1.0806901479473594,data/raw/cutouts/-632531483485434233_VIS.fits,0.8
-632788282458131350,63.27882828305538,-45.813135062314586,1153,14.105364799499512,0.1803325414657592,1,0.1485107392072677,0,2.38971209526062,0.0294256974011659,10.221916198730469,0.1883784681558609,set_-632788282458131350,candidate,C,south,102023479.0,21.02653919359413,3.061829307294699,0,0.0,0.0,0.0,0.0,0.0,78.21863255987984,1.5779668362233783,data/raw/cutouts/-632788282458131350_VIS.fits,0.9
-632887866461297175,63.28878669045783,-46.12971752597953,888,9.51949405670166,0.1497355997562408,1,0.2503338456153869,2,1.7132209539413452,0.0249009896069765,8.416584014892578,0.2147958129644394,set_-632887866461297175,candidate,C,south,102023479.0,21.453465332353307,2.948412965778601,0,0.0,0.0,0.0,0.0,0.0,63.57535597545767,1.728306213603893,data/raw/cutouts/-632887866461297175_VIS.fits,0.9
-632941680461404717,63.294168059849554,-46.14047178185756,976,10.263542175292969,0.172743409872055,1,0.2373071908950805,2,1.7598929405212402,0.026277108117938,4.711843490600586,0.1313408464193344,set_-632887866461297175,reference,unlabelled,south,,21.3717568218192,2.989449817666692,1,40.976797259206045,-0.0817085105341064,0.0410368518880908,0.1177210327432543,40.976797259184295,59.41495645416989,1.0692615180387397,data/raw/cutouts/-632941680461404717_VIS.fits,0.3
-632975944461380473,63.29759441367999,-46.138047380549374,726,8.293478965759277,0.1367394924163818,1,0.3100712299346924,0,2.048004150390625,0.0282968822866678,7.178650856018066,0.1569465100765228,set_-633382827461467539,reference,unlabelled,south,,21.60315813119644,2.8609366207000937,1,106.21971191544613,0.0749097647221148,0.0060235983922383,0.0729298260741753,37.17593027022912,60.65167289421424,1.3617799972145297,data/raw/cutouts/-632975944461380473_VIS.fits,0.1
-633047540484481827,63.30475401293524,-48.448182713172095,984,10.827075004577637,0.1635780930519104,1,0.644901692867279,0,2.209197998046875,0.0272743012756109,5.020892143249512,0.1522371470928192,set_-633272522484621042,reference,unlabelled,south,,21.313722136586904,2.9929950984313414,1,73.46516467438998,0.1008516234176788,-0.0788869088747841,0.2732174452897636,73.46516467437992,66.18902814291727,0.8913656278492466,data/raw/cutouts/-633047540484481827_VIS.fits,0.0
-633179764458770018,63.3179764942238,-45.87700187320006,2798,40.04377746582031,0.24440997838974,1,0.5629391670227051,258,3.2978084087371826,0.0297617595642805,10.766066551208496,0.1813664734363556,set_-633179764458770018,candidate,C,south,102023479.0,19.893662401959045,3.446847710155809,0,0.0,0.0,0.0,0.0,0.0,163.8385540952255,1.284579097690649,data/raw/cutouts/-633179764458770018_VIS.fits,0.9
-633237020489578004,63.32370202529561,-48.9578004230799,1367,21.48056602478028,0.1847718954086303,1,0.257376879453659,0,3.963324785232544,0.0291733127087354,8.154343605041504,0.1426922380924224,set_-633408975489484452,reference,unlabelled,south,,20.56988569730552,3.1357685145678222,1,52.78957357064326,0.0044793618289276,-0.090831390639535,0.2088706586467138,52.7895735706496,116.2545092546416,0.7833233611146634,data/raw/cutouts/-633237020489578004_VIS.fits,0.0
-633272522484621042,63.327252266163725,-48.46210426415964,1180,11.880967140197754,0.1700756549835205,1,0.0523260086774826,0,2.13670015335083,0.0269349496811628,8.367753028869629,0.1896291822195053,set_-633272522484621042,candidate,C,south,102021017.0,21.212870513169225,3.071882007306125,0,0.0,0.0,0.0,0.0,0.0,69.8569536089628,1.482163181227767,data/raw/cutouts/-633272522484621042_VIS.fits,1.0
-633382827461467539,63.33828270800054,-46.14675398144309,716,8.885884284973145,0.124217540025711,1,0.3266669511795044,2,2.049628973007202,0.0274267122149467,8.53732681274414,0.194543570280075,set_-633382827461467539,candidate,A,south,102023479.0,21.52824836647432,2.854913022307856,0,0.0,0.0,0.0,0.0,0.0,71.5348595949808,1.5491166380375545,data/raw/cutouts/-633382827461467539_VIS.fits,1.0
-633407573458946022,63.34075732804912,-45.89460229271644,1993,51.047149658203125,0.2194746732711792,1,0.1021122634410858,0,12.742643356323242,0.0534478351473808,26.0875301361084,0.2983404994010925,set_-633179764458770018,reference,unlabelled,south,,19.63007125697272,3.299507298700488,1,85.28550635983633,-0.2635911449863251,-0.1473404114553211,1.3209691172038736,85.28550635983132,232.58788313642967,0.7779335890304061,data/raw/cutouts/-633407573458946022_VIS.fits,0.1
-633408975489484452,63.34089759453578,-48.94844528268585,1685,21.56937026977539,0.2367107421159744,1,0.041510421782732,0,3.4607417583465576,0.0317330621182918,8.402438163757324,0.1713864356279373,set_-633408975489484452,candidate,C,south,102020538.0,20.565406335476588,3.2265999052073573,0,0.0,0.0,0.0,0.0,0.0,91.1212143435707,0.9630903293253594,data/raw/cutouts/-633408975489484452_VIS.fits,0.5
-633491501461458871,63.34915010836785,-46.14588710558657,6016,79.0197982788086,0.3479556739330292,1,0.4110831916332245,0,11.60341453552246,0.0431360267102718,28.798791885375977,0.3106655180454254,set_-633491501461458871,candidate,B,south,102023479.0,19.155660208292723,3.779307827583586,0,0.0,0.0,0.0,0.0,0.0,227.0973120961881,0.986971153959703,data/raw/cutouts/-633491501461458871_VIS.fits,1.0
-633538173498182124,63.3538173493262,-49.81821244522297,740,8.55535888671875,0.1670249253511428,1,0.1329535692930221,0,1.8990328311920168,0.0310875531286001,4.421536445617676,0.1523086875677108,set_-633806281498354110,reference,unlabelled,south,,21.56940441906161,2.869231719730976,1,87.80851077900678,0.062950442480762,-0.0005864882483517,0.0506496151132949,45.43309436608202,51.22204885727383,0.9176018402467784,data/raw/cutouts/-633538173498182124_VIS.fits,0.3
-633555764461616271,63.355576412597806,-46.161627189961074,1032,12.559782028198242,0.2175787091255188,1,0.2014595419168472,2,1.6726551055908203,0.031313844025135,3.646461725234986,0.1181328371167182,set_-633574550461482307,reference,unlabelled,south,,21.15254474400744,3.013679697291193,1,48.45429463147053,-0.0288073718505508,0.0672274322781194,0.1242217859432108,48.45429463147661,57.72523459982769,0.8461631472028166,data/raw/cutouts/-633555764461616271_VIS.fits,0.3
-633574550461482307,63.35745502783527,-46.1482307213925,884,12.230920791625977,0.1260606199502945,1,0.1118402034044265,2,3.247191905975342,0.0292797554284334,7.960436344146728,0.1904739290475845,set_-633574550461482307,candidate,C,south,102023479.0,21.181352115857987,2.946452265013073,0,0.0,0.0,0.0,0.0,0.0,97.02412058935305,0.97357229518166,data/raw/cutouts/-633574550461482307_VIS.fits,1.0
-633575129461198040,63.357512930611215,-46.11980407220403,5581,94.8584213256836,0.3510007262229919,1,0.2214739322662353,0,8.347837448120117,0.0348534174263477,13.645177841186523,0.2179624885320663,set_-633491501461458871,reference,unlabelled,south,,18.95731026834513,3.7467120225166606,1,96.18878014970538,-0.1983499399475938,-0.0325958050669252,0.4716355991559719,96.18878014970436,270.25135345566133,0.5335130414208697,data/raw/cutouts/-633575129461198040_VIS.fits,0.2
-633806281498354110,63.3806281517449,-49.83541109615659,741,9.06605625152588,0.1321407854557037,1,0.1225644648075103,0,2.2012393474578857,0.026555947959423,8.103975296020508,0.1830387264490127,set_-633806281498354110,candidate,C,south,102019595.0,21.506453976580847,2.869818207979328,0,0.0,0.0,0.0,0.0,0.0,68.60906888255941,1.4150771029451803,data/raw/cutouts/-633806281498354110_VIS.fits,1.0
-634022507486757521,63.40225077767421,-48.67575219991368,1184,21.710453033447266,0.1514760553836822,1,0.4398858547210693,2,5.1879496574401855,0.0355175249278545,8.473084449768066,0.180050328373909,set_-634146279486865014,reference,unlabelled,south,,20.558327784998973,3.073351702386901,1,48.610397010413976,-0.0015858083654016,0.1016121114991226,0.2601793386837618,48.61039701040662,143.3259730619182,0.5326144545462855,data/raw/cutouts/-634022507486757521_VIS.fits,0.2
-634146279486865014,63.41462793838686,-48.6865014442007,937,21.67876625061035,0.1534909754991531,1,0.1357958316802978,2,4.83929967880249,0.0353677459061145,16.38473129272461,0.2550285160541534,set_-634146279486865014,candidate,A,south,102021017.0,20.55991359336437,2.971739590887778,0,0.0,0.0,0.0,0.0,0.0,141.23805116301423,1.324142015793983,data/raw/cutouts/-634146279486865014_VIS.fits,0.9
-634398489457646981,63.439848927493,-45.76469810018064,5117,88.57158660888672,0.3747137188911438,1,0.0301108490675687,2,16.965850830078125,0.060192909091711,43.84588241577149,0.3699836432933807,set_-634658837457827602,reference,unlabelled,south,,19.031763939019267,3.709015416972117,1,92.20465663310137,0.2200117811235138,-0.1389272218731063,1.0276435366964298,92.20465663311457,236.37134736082936,1.0308829266052977,data/raw/cutouts/-634398489457646981_VIS.fits,0.4
-634467208461699252,63.44672087002416,-46.16992528677299,786,10.184802055358888,0.1501500010490417,1,0.7307043075561523,0,1.767207384109497,0.0282555259764194,0.4727848768234253,12.979574203491213,set_-634794291461525294,reference,unlabelled,south,,21.38011851805884,2.895422546039408,1,102.82742506286424,-0.0297519045850052,-0.0510297189736652,0.0840011467318511,93.19649304824206,67.83084904563104,-1.4315598534945877,data/raw/cutouts/-634467208461699252_VIS.fits,0.0
-634658837457827602,63.46588377669704,-45.78276023625513,7046,108.46737670898438,0.4565025866031647,1,0.075416974723339,0,15.140911102294922,0.0573250837624073,40.39269256591797,0.3621257543563843,set_-634658837457827602,candidate,C,south,102023479.0,18.811752157895757,3.847942638845224,0,0.0,0.0,0.0,0.0,0.0,237.60517441114632,1.0653769863114524,data/raw/cutouts/-634658837457827602_VIS.fits,1.0
-634696879456975775,63.46968798756095,-45.69757758178553,875,14.82705783843994,0.1470026820898056,1,0.6274243593215942,0,3.646975040435791,0.0328391231596469,9.30512237548828,0.206089898943901,set_-634852914456853707,reference,unlabelled,south,,20.972362545776424,2.942008053022313,1,58.9127550260449,0.0210762093468588,0.036752004273862,0.0416789510832494,58.912755026049545,100.86249874938964,1.0169732450934468,data/raw/cutouts/-634696879456975775_VIS.fits,0.0
-634794291461525294,63.47942918129951,-46.15252946148603,884,9.909502029418944,0.1506318002939224,1,0.0726301744580268,0,2.622965097427368,0.0305928662419319,6.459517002105713,0.1848495006561279,set_-634794291461525294,candidate,C,south,102023479.0,21.409870422643845,2.946452265013073,0,0.0,0.0,0.0,0.0,0.0,65.78625502770922,0.9785188350103612,data/raw/cutouts/-634794291461525294_VIS.fits,1.0
-634852914456853707,63.48529143739889,-45.68537077674405,804,15.117691040039062,0.1157789230346679,1,0.2665622532367706,0,4.6933913230896,0.0330333821475505,6.934218406677246,34.65059280395508,set_-634852914456853707,candidate,C,south,102023985.0,20.951286336429565,2.905256048748451,0,0.0,0.0,0.0,0.0,0.0,130.57377494790086,0.423776875968012,data/raw/cutouts/-634852914456853707_VIS.fits,0.1
-635307648460868509,63.53076483561754,-46.08685096555434,2182,28.578107833862305,0.2780950665473938,1,0.3844447731971741,2,3.577270269393921,0.0310811288654804,13.5330810546875,0.2400594651699066,set_-635439880461098830,reference,unlabelled,south,,20.259916323442415,3.338854746252323,1,89.24450956527755,0.0397781415137288,-0.0094501167958376,0.0266420805769577,89.24450956526805,102.76380731476203,1.4446123245910405,data/raw/cutouts/-635307648460868509_VIS.fits,0.7
-635439880461098830,63.54398808730353,-46.10988301037733,2230,29.644540786743164,0.2464534193277359,1,0.0746186450123786,2,4.527904510498047,0.0335328169167041,16.33653450012207,23.602214813232425,set_-635439880461098830,candidate,C,south,102023479.0,20.22013818192869,3.3483048630481607,0,0.0,0.0,0.0,0.0,0.0,120.2845587113628,1.3931566871719387,data/raw/cutouts/-635439880461098830_VIS.fits,0.8
-635600854482948657,63.56008542747315,-48.294865764560825,2132,31.62870407104492,0.1984013319015503,1,0.2009184956550598,2,7.593028545379639,0.0435368604958057,16.031780242919922,0.2557110488414764,set_-635600854482948657,candidate,C,south,102021017.0,20.149796505377,3.3287872003545345,0,0.0,0.0,0.0,0.0,0.0,159.41780112010315,0.8114167963021602,data/raw/cutouts/-635600854482948657_VIS.fits,0.6
-635645336459380377,63.56453365924594,-45.93803775454886,1476,18.160160064697266,0.2121211290359497,1,0.248285174369812,0,2.950742721557617,0.029141578823328,11.16317081451416,0.2108179926872253,set_-635645336459380377,candidate,C,south,102023479.0,20.75220081975369,3.1690863574870227,0,0.0,0.0,0.0,0.0,0.0,85.61221669539356,1.444640564129531,data/raw/cutouts/-635645336459380377_VIS.fits,1.0
-635680142496860452,63.56801425902525,-49.686045263892666,1019,15.59866428375244,0.1848530769348144,1,0.4829846024513244,0,3.3037302494049072,0.0349684283137321,8.088960647583008,0.1795160472393036,set_-635872258496841682,reference,unlabelled,south,,20.9172814719074,3.0081741840064264,1,45.254122805899705,0.114131002558409,0.0568366652105085,0.2272480013573578,45.25412280591002,84.38412031006153,0.972220356954026,data/raw/cutouts/-635680142496860452_VIS.fits,0.1
-635684345459193666,63.56843458648263,-45.9193666757435,1154,19.19409370422364,0.2059069275856018,1,0.2380861639976501,386,7.458598136901855,0.0873190090060234,13.442191123962402,0.2881460785865783,set_-635645336459380377,reference,unlabelled,south,,20.692080973329432,3.0622058088197126,1,67.92191548808901,-0.0601198464242536,-0.1068805486673101,0.3297014823369977,67.92191548809944,93.2173284759643,0.6395321441152908,data/raw/cutouts/-635684345459193666_VIS.fits,0.2
-635729548483748167,63.572954840693086,-48.37481678052541,1572,32.26358795166016,0.1817796528339386,1,0.5160797238349915,0,8.163082122802734,0.0424737334251403,20.8087158203125,0.243807315826416,set_-635729548483748167,candidate,C,south,102021017.0,20.128218343688097,3.196452541703389,0,0.0,0.0,0.0,0.0,0.0,177.48734497327905,1.0159777838610144,data/raw/cutouts/-635729548483748167_VIS.fits,0.3
-635787396459273778,63.57873964717107,-45.92737788327116,2387,39.65515899658203,0.2480900883674621,1,0.5308527946472168,2,7.512242317199707,0.0444104373455047,22.17244911193848,0.2757132649421692,set_-635938758459461840,reference,unlabelled,south,,19.90425076121908,3.3778524190067545,1,77.58651426739931,0.1593613001848801,-0.0991240467527725,0.5329783548955543,52.32439321113522,159.84177061457706,1.1751101964993445,data/raw/cutouts/-635787396459273778_VIS.fits,0.6
-635820127494264851,63.58201276524497,-49.42648513949498,735,13.05827522277832,0.1102200224995613,1,0.3549318611621856,0,4.148349761962891,0.0317984595894813,9.672971725463867,0.1998415142297744,set_-635823575494037615,reference,unlabelled,south,,21.11028545556524,2.8662873390841948,1,81.8089778749083,-0.05215834710528,0.0,0.0359656210389577,81.8089778748998,118.47461946245107,0.9192113803906714,data/raw/cutouts/-635820127494264851_VIS.fits,0.1
-635823575494037615,63.5823575504392,-49.40376153048183,735,12.44579029083252,0.1381355077028274,1,0.1676827222108841,0,3.478463888168335,0.0357103757560253,11.848642349243164,0.2015360444784164,set_-635823575494037615,candidate,B,south,102020064.0,21.16244380267052,2.8662873390841948,0,0.0,0.0,0.0,0.0,0.0,90.09841493909953,1.330702728612242,data/raw/cutouts/-635823575494037615_VIS.fits,0.9
-635872258496841682,63.58722583981298,-49.68416823937899,894,17.327655792236328,0.1499250084161758,1,0.3036603629589081,0,4.913397312164307,0.0396943129599094,13.957551956176758,0.2413581162691116,set_-635872258496841682,candidate,A,south,102020064.0,20.80315046934899,2.951337518795918,0,0.0,0.0,0.0,0.0,0.0,115.57548654015486,1.1335684231040255,data/raw/cutouts/-635872258496841682_VIS.fits,0.9
-635916870483774182,63.59168707183415,-48.37741824521453,1616,29.324119567871094,0.194850280880928,1,0.614847719669342,2,4.961036682128906,0.0318778753280639,10.87596321105957,0.1802548319101333,set_-635729548483748167,reference,unlabelled,south,,20.23193754586189,3.208441356438567,1,45.76212230085236,0.1037192021737887,0.0119888147351781,0.1249184056655939,45.7621223008392,150.49564945606062,0.8522382290902442,data/raw/cutouts/-635916870483774182_VIS.fits,0.0
-635938758459461840,63.59387585127515,-45.946184087954265,2999,45.92447662353516,0.1964432150125503,1,0.3765878975391388,2,10.848854064941406,0.0432251766324043,22.77558135986328,0.3334238231182098,set_-635938758459461840,candidate,C,south,102023479.0,19.7448894610342,3.476976465759527,0,0.0,0.0,0.0,0.0,0.0,233.7799074434877,0.805214010365344,data/raw/cutouts/-635938758459461840_VIS.fits,0.8
-636015062482890607,63.60150624698794,-48.28906075868135,2137,33.61262893676758,0.2349734753370285,1,0.3747657537460327,2,5.247451305389404,0.0361703783273696,13.132705688476562,0.2233374714851379,set_-635600854482948657,reference,unlabelled,south,,20.083743797070785,3.329804522164069,1,101.38851156156804,-0.0660527083062163,0.001017321809535,0.0573163360704328,101.38851156157888,143.04860958691663,0.9960144860451176,data/raw/cutouts/-636015062482890607_VIS.fits,0.6
-636381546474267847,63.63815462617454,-47.42678472523166,960,12.783154487609863,0.1407445520162582,1,0.1700808703899383,0,3.163205146789551,0.0283272936940193,8.584274291992188,0.1943489611148834,set_-636381546474267847,candidate,B,south,102021988.0,21.133404906227625,2.9822712330395684,0,0.0,0.0,0.0,0.0,0.0,90.82521706512098,1.0839405688047818,data/raw/cutouts/-636381546474267847_VIS.fits,1.0
-636457045459002423,63.64570457024213,-45.90024232216949,9446,131.61373901367188,0.4465088844299316,1,0.1513276547193527,514,11.978297233581545,0.0431343726813793,17.7232666015625,0.2361799627542495,set_-636807843458895306,reference,unlabelled,south,,18.601746932079077,3.975247941240681,1,95.9802168719584,-0.1203512095406367,0.1380384134394745,0.6452009973535764,95.98021687193688,294.7617474212327,0.4253717119363847,data/raw/cutouts/-636457045459002423_VIS.fits,0.2
-636568476474537970,63.65684766185039,-47.453797051228605,843,10.951892852783203,0.1345227807760238,1,0.3514012098312378,386,1.9554712772369385,0.0256441328674554,3.219162702560425,0.1354559808969497,set_-636381546474267847,reference,unlabelled,south,,21.30127703437121,2.9258275746247424,1,107.36911314471104,0.1678721281435855,-0.056443658414826,0.4026534681347685,107.36911314470136,81.41292344393148,0.5412287151589569,data/raw/cutouts/-636568476474537970_VIS.fits,0.2
-636707079473833550,63.670707957156296,-47.38335502481409,758,9.250325202941896,0.1367506980895996,1,0.0621953979134559,2,2.2157795429229736,0.0289870630949735,7.666987419128418,0.1496361345052719,set_-636707079473833550,candidate,C,south,102021988.0,21.484607497514435,2.8796692056320534,0,0.0,0.0,0.0,0.0,0.0,67.64371467325927,1.347745505415615,data/raw/cutouts/-636707079473833550_VIS.fits,0.9
-636715884471501892,63.67158841192877,-47.15018924451803,1485,22.145925521850582,0.1991480588912964,1,0.3006383776664734,0,3.9598684310913086,0.0339388325810432,12.866373062133787,0.2354336678981781,set_-636715884471501892,candidate,C,south,102022481.0,20.53676541244519,3.171726453653231,0,0.0,0.0,0.0,0.0,0.0,111.20332101222633,1.2794384579750109,data/raw/cutouts/-636715884471501892_VIS.fits,0.7
-636807843458895306,63.68078431886342,-45.889530609746906,6874,117.80419158935548,0.4293596148490906,1,0.2642009258270263,2,19.50151634216309,0.0637245327234268,51.90519714355469,0.4329463839530945,set_-636807843458895306,candidate,C,south,102023479.0,18.72209814161971,3.8372095278012064,0,0.0,0.0,0.0,0.0,0.0,274.37184941290013,1.0628561590347398,data/raw/cutouts/-636807843458895306_VIS.fits,0.7
-636862073478549953,63.68620732648826,-47.854995308359584,2601,47.62800979614258,0.7134182453155518,1,0.3985624611377716,2,4.131517887115479,0.0754653289914131,14.78345012664795,0.2286214977502823,set_-636862073478549953,candidate,B,south,102021500.0,19.705343914298474,3.4151403521958725,0,0.0,0.0,0.0,0.0,0.0,66.76029118806213,1.3841654079084802,data/raw/cutouts/-636862073478549953_VIS.fits,0.7
-636898930471557301,63.68989306779911,-47.15573014627622,1737,27.4184627532959,0.1927572339773178,1,0.4879543781280517,0,5.630541324615479,0.0334324352443218,8.67806339263916,0.1844577640295028,set_-636715884471501892,reference,unlabelled,south,,20.30489224517151,3.239799818447098,1,49.0516801441211,-0.2318731672736831,0.0680733647938676,0.7153031197979169,49.051680144117896,142.24349554902977,0.4696816700697941,data/raw/cutouts/-636898930471557301_VIS.fits,0.0
-636904648473955647,63.6904648163424,-47.39556470742899,862,8.901314735412598,0.1390863507986068,1,0.0718693733215332,2,2.121101140975952,0.0258704703301191,10.270800590515137,0.169268399477005,set_-636707079473833550,reference,unlabelled,south,,21.52636460693677,2.9355072658247128,1,65.19713414962106,0.0417571094223347,0.0558380601926593,0.1009654430210145,65.19713414963259,63.99847781110784,1.7126072995384418,data/raw/cutouts/-636904648473955647_VIS.fits,1.0
-636949473490223409,63.694947342908975,-49.02234093444298,1088,29.979053497314453,0.1473591774702072,1,0.0531239062547683,2,9.704172134399414,0.0505219772458076,22.620046615600582,0.3498597145080566,set_-636949473490223409,candidate,C,south,102020538.0,20.20795520718686,3.036628895362161,0,0.0,0.0,0.0,0.0,0.0,203.4420523511375,0.9188375101644436,data/raw/cutouts/-636949473490223409_VIS.fits,1.0
-637044409496015016,63.70444098105263,-49.60150168010718,3459,43.61645126342773,0.2561723291873932,1,0.2059780657291412,0,8.547318458557129,0.0393113270401954,27.122758865356445,0.3065221905708313,set_-637133541496252696,reference,unlabelled,south,,19.80087418133891,3.538950562014361,1,88.0542474165381,-0.1536953908351854,0.1469574897546488,0.8090297165253095,88.05424741654822,170.2621489283558,1.2537599438856517,data/raw/cutouts/-637044409496015016_VIS.fits,0.2
-637092248478692859,63.70922483146156,-47.86928593319567,1928,48.70276641845703,0.8048614859580994,1,0.5161550641059875,0,0.8495895266532898,0.0786863192915916,0.0372385196387767,0.1063646897673606,set_-636862073478549953,reference,unlabelled,south,,19.681115923136527,3.285107029566812,1,75.74582535403614,-0.0242279911619469,-0.1300333226290604,0.4341577192083994,63.67331203902261,60.51074286463307,-3.395541855147524,data/raw/cutouts/-637092248478692859_VIS.fits,0.0
-637133541496252696,63.71335416296643,-49.62526961159757,2466,37.8592643737793,0.2195798605680465,1,0.3659636080265045,0,7.478661060333252,0.0378729924559593,24.794084548950195,0.2408902198076248,set_-637133541496252696,candidate,C,south,102020065.0,19.95456957217409,3.3919930722597127,0,0.0,0.0,0.0,0.0,0.0,172.41683402038112,1.3013105669574685,data/raw/cutouts/-637133541496252696_VIS.fits,0.2
-637167629493543435,63.716762925929295,-49.35434353156814,1216,12.481258392333984,0.1723557710647583,1,0.2766894400119781,2,2.273545980453491,0.028164267539978,9.110047340393066,0.1930170804262161,set_-637167629493543435,candidate,C,south,102020065.0,21.159354064419365,3.084933574936716,0,0.0,0.0,0.0,0.0,0.0,72.4156685629312,1.5070422298513335,data/raw/cutouts/-637167629493543435_VIS.fits,1.0
-637190030490316966,63.71900305413647,-49.03169661892196,855,30.695226669311523,0.1478253901004791,1,0.4408697187900543,0,9.212695121765137,0.0468897856771945,17.13150978088379,0.2752895951271057,set_-636949473490223409,reference,unlabelled,south,,20.18232288804609,2.931966114728173,1,66.02139752425039,-0.0256323191407688,-0.1046627806339883,0.2848946064589656,66.02139752424846,207.6451592547635,0.67352234841655,data/raw/cutouts/-637190030490316966_VIS.fits,0.0
-637550586464524527,63.75505862630772,-46.45245272333933,1789,27.94486618041992,0.1855369955301284,1,0.1216937974095344,0,6.183994770050049,0.0350950993597507,9.268223762512209,0.1654170900583267,set_-637581426464806141,reference,unlabelled,south,,20.28424491437268,3.252610340567373,1,101.66910614108632,0.2929329845061872,-0.1712905779610434,1.695815009382308,101.6691061410833,150.61614046607806,0.439318491971998,data/raw/cutouts/-637550586464524527_VIS.fits,0.4
-637575484493438871,63.75754847823422,-49.34388712574498,991,11.84053897857666,0.171061635017395,1,0.2437643557786941,0,2.158430814743042,0.0294332467019557,3.5921969413757324,0.1478786468505859,set_-637167629493543435,reference,unlabelled,south,,21.21657132044869,2.9960736544852757,1,102.79145281865888,0.0572172560293253,-0.0888599204514406,0.2428365649223042,102.79145281866484,69.21796916867194,0.5530550154634414,data/raw/cutouts/-637575484493438871_VIS.fits,0.0
-637581426464806141,63.758142648269015,-46.48061414121818,2654,36.59950637817383,0.2252607643604278,1,0.0667479261755943,0,7.931738376617432,0.0384617559611797,19.5632381439209,0.2211509048938751,set_-637581426464806141,candidate,C,south,102022978.0,19.99131192986649,3.4239009185284166,0,0.0,0.0,0.0,0.0,0.0,162.47617059317486,0.9801809019990942,data/raw/cutouts/-637581426464806141_VIS.fits,0.8
-637599545462208181,63.7599545907649,-46.22081815902825,5734,99.52779388427734,0.3670613765716553,1,0.0601466447114944,2,18.65182304382324,0.0578854642808437,56.36328887939453,0.367966741323471,set_-637599545462208181,candidate,C,south,102023479.0,18.905139055799147,3.7584576886104655,0,0.0,0.0,0.0,0.0,0.0,271.1475525261324,1.200687600961989,data/raw/cutouts/-637599545462208181_VIS.fits,0.9
-637748088500119037,63.77480885130131,-50.01190374108312,5985,82.74066162109375,0.429374486207962,1,0.4712045788764953,0,7.631491184234619,541.2191162109375,25.64137077331543,0.3108215928077698,set_-637748088500119037,candidate,B,south,102019596.0,19.105702526668665,3.777064154742429,0,0.0,0.0,0.0,0.0,0.0,192.7004614359396,1.315829579347031,data/raw/cutouts/-637748088500119037_VIS.fits,0.7
-637805629460996999,63.78056292748269,-46.09969996031026,1463,22.29046058654785,0.1565559953451156,1,0.0396366529166698,2,5.505083560943604,0.0340046808123588,11.9814453125,0.1902740746736526,set_-638158962461005363,reference,unlabelled,south,,20.529702394060784,3.1652443261253107,1,88.25183697901608,-0.0538311666507027,-0.0800215133321504,0.1989610678902174,88.25183697902261,142.38011477880647,0.8443632359113028,data/raw/cutouts/-637805629460996999_VIS.fits,0.6
-637825510499898375,63.78255109032697,-49.98983750968316,5743,99.99443817138672,0.3330177962779999,1,0.2175104916095733,2,17.543237686157227,0.057637620717287,44.55647659301758,33.865440368652344,set_-637748088500119037,reference,unlabelled,south,,18.900060388466265,3.7591388162811663,1,81.4335890755174,-0.2056421382023998,-0.0179253384612629,0.4835926481296831,81.43358907551806,300.2675511308482,1.0120027329568972,data/raw/cutouts/-637825510499898375_VIS.fits,0.5
-637835677461982504,63.783567704349736,-46.1982504240402,7530,95.83696746826172,0.3740437030792236,1,0.3002312183380127,2,13.700825691223145,0.0459220670163631,34.783573150634766,0.3327832221984863,set_-637599545462208181,reference,unlabelled,south,,18.946167342370128,3.876794976200701,1,100.30539465768244,0.041028286570981,0.1183372875902351,0.3774222332351791,68.58276793503465,256.2186361628528,1.0115686297757422,data/raw/cutouts/-637835677461982504_VIS.fits,0.7
-637920645482671115,63.79206451568327,-48.26711151033574,4440,83.1255111694336,0.2366461008787155,1,0.3892297744750976,2,15.459056854248049,0.0481205210089683,37.02106475830078,0.3557644784450531,set_-637920645482671115,candidate,C,south,102021017.0,19.10066417760911,3.64738297011462,0,0.0,0.0,0.0,0.0,0.0,351.26507836288675,0.9481647772124714,data/raw/cutouts/-637920645482671115_VIS.fits,0.9
-638005039461118597,63.800503987591455,-46.11185976763108,827,8.905854225158691,0.1661087721586227,1,0.1040141731500625,2,1.444343090057373,0.0298874098807573,2.698980569839477,0.1380407661199569,set_-638200059461329053,reference,unlabelled,south,,21.52581104466237,2.9175055095525466,1,90.04537524157227,-0.0032103990334491,-0.0174976419011083,0.0147201538303653,56.01520312656297,53.61459307311116,0.6788234750244883,data/raw/cutouts/-638005039461118597_VIS.fits,0.3
-638158962461005363,63.81589623303622,-46.10053637780353,1759,21.212242126464844,0.174202024936676,1,0.0948240235447883,2,4.552690982818604,0.0385379828512668,9.276488304138184,0.209847018122673,set_-638158962461005363,candidate,C,south,102023479.0,20.583533560711487,3.245265839457461,0,0.0,0.0,0.0,0.0,0.0,121.76805714041318,0.7727885702343357,data/raw/cutouts/-638158962461005363_VIS.fits,0.6
-638200059461329053,63.82000590259733,-46.13290534705634,861,8.879559516906738,0.1886387765407562,1,0.2137324810028076,0,1.6831121444702148,0.0334846712648868,6.158909320831299,0.177566722035408,set_-638200059461329053,candidate,C,south,102023479.0,21.529021443695814,2.935003151453655,0,0.0,0.0,0.0,0.0,0.0,47.07176159504126,1.4084768906568883,data/raw/cutouts/-638200059461329053_VIS.fits,1.0
-638316389482805324,63.831638981320914,-48.28053240877504,5256,78.243408203125,0.3455831110477447,1,0.1510158330202102,0,12.626871109008787,0.0499360524117946,35.02334976196289,0.345025360584259,set_-637920645482671115,reference,unlabelled,south,,19.166380600958448,3.720655356551725,1,106.42228179763352,0.0657164233493361,0.0732723864371047,0.1919160104874958,98.39420571441744,226.4098148949042,1.107654834754175,data/raw/cutouts/-638316389482805324_VIS.fits,0.2
-638334744464107062,63.83347440330129,-46.41070626997609,1212,38.606571197509766,0.138977825641632,1,0.6019055247306824,0,11.185065269470217,0.0435823798179626,22.49667739868164,0.2639602124691009,set_-638408332464166777,reference,unlabelled,south,,19.933346920190456,3.0835026198302677,1,28.20876011610534,-0.023535505168887,-0.0209844914821277,0.0178456025503604,28.208760116090907,277.7894316540871,0.7586996446849114,data/raw/cutouts/-638334744464107062_VIS.fits,0.0
-638408332464166777,63.84083320876146,-46.41667777003319,1272,37.77870178222656,0.1541344821453094,1,0.1451615989208221,2,12.109345436096191,0.0555124282836914,18.92064666748047,0.2665378749370575,set_-638408332464166777,candidate,C,south,102022978.0,19.956882425359343,3.104487111312395,0,0.0,0.0,0.0,0.0,0.0,245.10220721805072,0.4845382683742791,data/raw/cutouts/-638408332464166777_VIS.fits,0.5
-638922033474179020,63.8922033161623,-47.41790201701667,1175,17.728933334350586,0.2005191892385482,1,0.352111279964447,2,2.759730100631714,0.0321457162499427,5.892534732818604,0.1287186592817306,set_-639270201474339031,reference,unlabelled,south,,20.77829348261939,3.070037866607755,1,102.51331928829426,-0.0107655216471016,-0.0306772199653266,0.0338247910809271,102.51331928830498,88.41514571086417,0.8235888515140439,data/raw/cutouts/-638922033474179020_VIS.fits,0.1
-639229181470809926,63.92291814244398,-47.08099269347244,1095,11.160489082336426,0.1415066123008728,1,0.2779528200626373,2,2.68608832359314,0.0256428271532058,9.356118202209473,0.1933783590793609,set_-639229181470809926,candidate,C,south,102022481.0,21.28079193260324,3.039414119176137,0,0.0,0.0,0.0,0.0,0.0,78.86902880981194,1.3549385273240924,data/raw/cutouts/-639229181470809926_VIS.fits,0.8
-639270201474339031,63.92702017867564,-47.4339031109541,1261,17.554012298583984,0.1796884387731552,1,0.1381127089262008,2,2.977502584457397,0.0329883880913257,7.839509010314941,0.1603229939937591,set_-639270201474339031,candidate,C,south,102021988.0,20.78905900426649,3.1007150865730817,0,0.0,0.0,0.0,0.0,0.0,97.69138414489072,1.0510917912097195,data/raw/cutouts/-639270201474339031_VIS.fits,1.0
-639281165481572100,63.92811653845431,-48.15721006129212,948,15.95814323425293,0.141593337059021,1,0.3130142986774444,0,4.165508270263672,0.031375415623188,12.902225494384766,0.1818645596504211,set_-639412124481631646,reference,unlabelled,south,,20.892544102956418,2.976808337338066,1,38.05945412272028,-0.0073813326544467,-0.0309394406626739,0.0257784774719561,38.05945412273365,112.70405490620666,1.2274915670026112,data/raw/cutouts/-639281165481572100_VIS.fits,0.6
-639328038493238470,63.93280382829992,-49.32384702580954,954,10.631364822387695,0.1428709626197815,1,0.4381766021251678,0,2.3633129596710205,0.0276250634342432,6.995198249816895,0.1522078365087509,set_-639331047493441091,reference,unlabelled,south,,21.333527446221535,2.979548374704095,1,72.94693707908199,-0.1031043642221405,0.046567552780897,0.1768923202309625,72.94693707908688,74.41235522910733,1.1781969769074436,data/raw/cutouts/-639328038493238470_VIS.fits,0.4
-639331047493441091,63.93310475062115,-49.34410911500671,857,9.66823673248291,0.165829136967659,1,0.2654250264167785,0,1.8254159688949585,0.0304656624794006,7.228647232055664,0.1527345180511474,set_-639331047493441091,candidate,C,south,102020065.0,21.43663181044368,2.932980821923198,0,0.0,0.0,0.0,0.0,0.0,58.3024003457756,1.4942379640975756,data/raw/cutouts/-639331047493441091_VIS.fits,1.0
-639400261470749964,63.94002614712495,-47.07499641978845,857,9.629639625549316,0.1394255310297012,1,0.2445948272943496,0,2.062577486038208,0.024011094123125,6.230159282684326,0.1714762598276138,set_-639229181470809926,reference,unlabelled,south,,21.44097491343577,2.932980821923198,1,47.171197538723774,0.1601829808325341,-0.1064332972529391,0.5702042674507487,47.17119753872331,69.06654437269424,1.2002221930590318,data/raw/cutouts/-639400261470749964_VIS.fits,0.5
-639401929492501945,63.94019296302844,-49.25019455690073,5245,89.5047378540039,0.3419514000415802,1,0.1423038840293884,0,16.438796997070312,0.0598056390881538,42.31915664672852,0.3854453265666961,set_-639401929492501945,candidate,C,south,102020065.0,19.02038493770492,3.7197454925295768,0,0.0,0.0,0.0,0.0,0.0,261.7469553951831,1.0266674298284704,data/raw/cutouts/-639401929492501945_VIS.fits,0.9
-639412124481631646,63.94121244427585,-48.163164679619314,1018,15.850020408630373,0.1596501022577285,1,0.2268029600381851,2,3.1056101322174072,0.0348697453737258,8.057950019836426,0.1452438682317733,set_-639412124481631646,candidate,C,south,102021500.0,20.899925435610864,3.00774777800074,0,0.0,0.0,0.0,0.0,0.0,99.27973853122346,1.0351940858864803,data/raw/cutouts/-639412124481631646_VIS.fits,0.3
-639527131470265480,63.952713139570776,-47.02654805175311,1255,36.30762481689453,0.1363285779953003,1,0.1665098667144775,0,11.388516426086426,0.0430228412151336,19.90959548950196,0.2350690215826034,set_-639527131470265480,candidate,C,south,102022481.0,20.000005402411787,3.098643725817057,0,0.0,0.0,0.0,0.0,0.0,266.3243859122933,0.6064882096666434,data/raw/cutouts/-639527131470265480_VIS.fits,0.5
-639559951492716078,63.95599510597368,-49.27160787882636,5832,89.50494384765625,0.3444460034370422,1,0.2469796389341354,0,12.98703956604004,0.0471453331410884,21.70804023742676,0.2659546434879303,set_-639401929492501945,reference,unlabelled,south,,19.020382438904136,3.765817515309918,1,85.56213598507397,-2.498800782291255e-06,0.0460720227803412,0.0593422560096351,85.56213598505798,259.85188666593416,0.557776135643208,data/raw/cutouts/-639559951492716078_VIS.fits,0.7
-639608933470309905,63.96089338312066,-47.03099051049312,1302,45.791648864746094,0.1712788492441177,1,0.7467168569564819,0,11.078851699829102,0.0503884963691234,29.277172088623047,0.2678317427635193,set_-639527131470265480,reference,unlabelled,south,,19.74803429531004,3.114610984232173,1,25.665295914221456,-0.2519711071017454,0.0159672584151158,0.7123767780152578,25.665295914238644,267.3514509633403,1.0550859411927398,data/raw/cutouts/-639608933470309905_VIS.fits,0.0
-639807096467440325,63.98070965627858,-46.74403256400699,1194,15.996602058410645,0.1978240460157394,1,0.3656760454177856,2,3.3680107593536377,0.0351089052855968,11.505282402038574,0.2132617831230163,set_-639856435467273842,reference,unlabelled,south,,20.889930647110692,3.0770043267933502,1,61.157753994825335,0.073011894805564,-0.0129007846460478,0.0665978442316496,61.15775399481248,80.86277871972102,1.333809532157284,data/raw/cutouts/-639807096467440325_VIS.fits,0.8
-639856435467273842,63.9856435425629,-46.72738424488188,1230,17.109310150146484,0.1769342124462127,1,0.3769654631614685,0,3.74348258972168,0.0313081815838813,13.498065948486328,0.2260095924139022,set_-639856435467273842,candidate,A,south,102022978.0,20.81691875230513,3.089905111439398,0,0.0,0.0,0.0,0.0,0.0,96.69871029237856,1.3924893200830415,data/raw/cutouts/-639856435467273842_VIS.fits,0.8
-640120110483854165,64.01201105416371,-48.385416518032095,880,21.24111557006836,0.1356466859579086,1,0.3141975104808807,0,6.088562965393066,0.0375932678580284,17.549457550048828,0.2179691791534423,set_-640120110483854165,candidate,A,south,102021018.0,20.58205669529443,2.9444826721501687,0,0.0,0.0,0.0,0.0,0.0,156.59148190807636,1.149372238427119,data/raw/cutouts/-640120110483854165_VIS.fits,0.8
-640121160484024873,64.01211605968669,-48.4024873044954,850,24.963138580322266,0.1242634952068328,1,0.0605343095958232,0,8.323063850402832,0.0434481091797351,16.67061996459961,0.2107963263988495,set_-640120110483854165,reference,unlabelled,south,,20.406752030805052,2.929418925714293,1,61.45534387464671,-0.1753046644893743,-0.0150637464358758,0.3503744892356953,61.45534387465208,200.88875287768047,0.7541713119820338,data/raw/cutouts/-640121160484024873_VIS.fits,0.7
-640160075455929724,64.01600758949252,-45.59297240260302,3796,85.20682525634766,0.285136878490448,1,0.3932527303695678,0,17.214296340942383,0.0597411505877971,45.3306884765625,0.4484444260597229,set_-640371961456083711,reference,unlabelled,south,,19.073814039713294,3.579326203755255,1,76.95035719677722,-0.2759704806111465,-0.1075780658129224,1.1406215731620004,76.95035719677306,298.8277970476627,1.0512576003074243,data/raw/cutouts/-640160075455929724_VIS.fits,0.1
-640270096460844048,64.02700969109169,-46.08440488708592,1365,16.614526748657227,0.1699913442134857,1,0.2584935128688812,2,3.4721157550811768,0.0296628568321466,15.144611358642578,0.2442615330219268,set_-640270096460844048,candidate,B,south,102023480.0,20.84878006183947,3.1351326513767748,0,0.0,0.0,0.0,0.0,0.0,97.73748672633396,1.5991598436773926,data/raw/cutouts/-640270096460844048_VIS.fits,1.0
-640289253474412348,64.0289253232282,-47.44123483439196,4570,78.7012710571289,0.2563919126987457,1,0.2736168801784515,0,16.171899795532227,0.0498598255217075,40.29872131347656,0.3044344782829284,set_-640289253474412348,candidate,A,south,102021988.0,19.16004563388507,3.6599162000698495,0,0.0,0.0,0.0,0.0,0.0,306.9569169664138,0.9913255610447084,data/raw/cutouts/-640289253474412348_VIS.fits,0.9
-640321126455530921,64.03211268216614,-45.55309215267401,1043,14.311192512512209,0.2418297678232193,1,0.4877211153507232,0,2.9869942665100098,0.0401918403804302,10.320426940917969,6.3810319900512695,set_-640526524455638825,reference,unlabelled,south,,21.010810440403947,3.018284308426531,1,64.72617023234466,0.151525199005281,-0.000831982020542,0.2587189499243133,64.72617023234862,59.17878779494953,1.3461581870123722,data/raw/cutouts/-640321126455530921_VIS.fits,0.5
-640371961456083711,64.03719618650601,-45.60837119911286,4863,66.08245849609375,0.3208370208740234,1,0.009708834812045,2,10.013410568237305,0.041727527976036,28.80628967285156,0.3169260025024414,set_-640371961456083711,candidate,C,south,102023986.0,19.349784520324445,3.686904269568177,0,0.0,0.0,0.0,0.0,0.0,205.96893187722569,1.147263250473666,data/raw/cutouts/-640371961456083711_VIS.fits,1.0
-640384523477731798,64.03845237933922,-47.77317989254979,2738,52.27705764770508,0.3031561970710754,1,0.292043000459671,2,9.033836364746094,0.0544417835772037,27.59311294555664,0.2459001094102859,set_-640384523477731798,candidate,C,south,102021501.0,19.60422216038586,3.437433443797971,0,0.0,0.0,0.0,0.0,0.0,172.44264888125858,1.2123211974043702,data/raw/cutouts/-640384523477731798_VIS.fits,0.8
-640500709477626979,64.05007090522906,-47.76269795880272,3000,44.2934455871582,0.2549788355827331,1,0.410615473985672,0,9.697856903076172,0.0462029986083507,26.14764976501465,0.3285200297832489,set_-640384523477731798,reference,unlabelled,south,,19.78415133658288,3.4771212547196626,1,47.05612060445226,0.1799291761970174,0.0396878109216913,0.4009932058207232,47.056120604456126,173.7142044983035,1.0768922189620245,data/raw/cutouts/-640500709477626979_VIS.fits,0.5
-640526524455638825,64.05265247799696,-45.56388254387607,1045,16.454545974731445,0.2578603625297546,1,0.1683908998966217,0,3.3634514808654785,0.041093286126852,9.623653411865234,0.2076289504766464,set_-640526524455638825,candidate,C,south,102023986.0,20.859285241398663,3.019116290447073,0,0.0,0.0,0.0,0.0,0.0,63.81184689768964,1.1413870166372215,data/raw/cutouts/-640526524455638825_VIS.fits,1.0
-640540240460712740,64.05402401051522,-46.07127406043068,1324,20.724166870117188,0.1879806518554687,1,0.5908883810043335,0,4.26299524307251,0.0347124189138412,10.246966361999512,0.1652948558330536,set_-640270096460844048,reference,unlabelled,south,,20.608807298624985,3.121887985103681,1,82.37474794028901,-0.2399727632144852,-0.0132446662730938,0.6500578325296704,82.37474794027715,110.24627622874308,0.9522011562624316,data/raw/cutouts/-640540240460712740_VIS.fits,0.0
-640575172474449455,64.05751724213123,-47.44494556864901,4872,91.93112182617188,0.2772303819656372,1,0.2946490049362182,2,15.66178035736084,0.0461313873529434,24.37922096252441,0.2173791825771331,set_-640289253474412348,reference,unlabelled,south,,18.99134360049841,3.687707279624819,1,70.88459535909347,-0.1687020333866584,0.0277910795549685,0.3398428101417374,70.88459535908788,331.6055086544114,0.4804467363895411,data/raw/cutouts/-640575172474449455_VIS.fits,0.2
-640586712491834666,64.05867128118075,-49.1834666200949,712,12.14583683013916,0.152345061302185,1,0.1750418394804,512,2.535452127456665,0.0293149929493665,6.181801795959473,0.1346930563449859,set_-640635389492036207,reference,unlabelled,south,,21.1889313939562,2.852479993636857,1,73.45322927481016,0.0439657949207408,-0.0036444506054436,0.0264353957086986,73.45322927480099,79.72583243802836,0.9676491536252828,data/raw/cutouts/-640586712491834666_VIS.fits,0.9
-640635389492036207,64.06353893071444,-49.20362079943839,718,12.647764205932615,0.1412881463766098,1,0.0504172258079052,512,2.9641175270080566,0.0273841191083192,5.341801643371582,0.1519792675971985,set_-640635389492036207,candidate,C,south,102020539.0,21.14496559903546,2.8561244442423,0,0.0,0.0,0.0,0.0,0.0,89.51751813785879,0.6394808449494582,data/raw/cutouts/-640635389492036207_VIS.fits,0.9
-640951384472838386,64.09513846749282,-47.2838386781895,933,17.795961380004883,0.1859105229377746,1,0.5192017555236816,0,3.7369089126586914,0.0344735197722911,7.360356330871582,0.1902924478054046,set_-641201834472694349,reference,unlabelled,south,,20.774196363523316,2.9698816437465,1,80.1914404934783,0.0776223559625215,-0.1284158927481975,0.4847262999405733,80.19144049347372,95.72326030173828,0.735965819896736,data/raw/cutouts/-640951384472838386_VIS.fits,0.0
-641201834472694349,64.12018341809994,-47.269434994616944,1254,19.11482810974121,0.1526839435100555,1,0.0601667948067188,2,4.323885440826416,0.0320653431117534,21.343448638916016,0.2643554508686065,set_-641201834472694349,candidate,C,south,102021988.0,20.69657400756079,3.0982975364946976,0,0.0,0.0,0.0,0.0,0.0,125.19213003220828,1.733476035796251,data/raw/cutouts/-641201834472694349_VIS.fits,1.0
-641630494478695276,64.163049416203,-47.86952767189587,2522,30.99982261657715,0.2520563006401062,1,0.0658855140209198,514,4.064290523529053,0.0305301863700151,7.89699125289917,27.96633529663086,set_-641866646478691152,reference,unlabelled,south,,20.171601978064487,3.401745082237063,1,57.04929481930737,0.0619438666935181,0.1139433523068369,0.3700013090921512,57.04929481932084,122.98769178890576,0.7211922808817849,data/raw/cutouts/-641630494478695276_VIS.fits,0.0
-641653132460343238,64.16531320700629,-46.0343238549489,892,16.992443084716797,0.1241896972060203,1,0.146890640258789,2,5.446582317352295,0.0394236482679843,11.927143096923828,0.1891227066516876,set_-641653132460343238,candidate,C,south,102023480.0,20.82436044012376,2.950364854376123,0,0.0,0.0,0.0,0.0,0.0,136.82651191690852,0.8510308950206784,data/raw/cutouts/-641653132460343238_VIS.fits,0.7
-641784173461053720,64.1784173550996,-46.10537200712808,1580,22.794336318969727,0.1883678287267685,1,0.1775935590267181,2,5.295160293579102,0.0390176586806774,11.842920303344728,0.2151533961296081,set_-642201006461096820,reference,unlabelled,south,,20.505432620544195,3.198657086954422,1,105.18835843847116,-0.0715033149624133,-0.0245791861485749,0.081397557981548,105.18835843847693,121.00970995441791,0.8739492380854296,data/raw/cutouts/-641784173461053720_VIS.fits,0.4
-641843128489903597,64.18431281382162,-48.99035971370155,701,12.234908103942873,0.1088693961501121,1,0.2122906148433685,2,3.4372212886810303,0.0292376577854156,12.964715003967283,0.1794222444295883,set_-641843128489903597,candidate,C,south,102020539.0,21.18099822068453,2.8457180179666586,0,0.0,0.0,0.0,0.0,0.0,112.38151892633856,1.4413887034894848,data/raw/cutouts/-641843128489903597_VIS.fits,0.5
-641866646478691152,64.18666464832495,-47.86911529258339,1940,32.819862365722656,0.1747353225946426,1,0.1135323792695999,514,8.066461563110352,0.039449468255043,22.1851749420166,0.2749925851821899,set_-641866646478691152,candidate,C,south,102021501.0,20.10965811137097,3.287801729930226,0,0.0,0.0,0.0,0.0,0.0,187.82614687391725,1.0984494724718306,data/raw/cutouts/-641866646478691152_VIS.fits,1.0
-641922610475124253,64.19226103700345,-47.51242536393503,1133,23.99179649353028,0.1903839409351349,1,0.1236007735133171,0,6.119740009307861,0.042397167533636,15.549538612365724,0.2442159056663513,set_-641922610475124253,candidate,C,south,102021989.0,20.449843077661136,3.0542299098633974,0,0.0,0.0,0.0,0.0,0.0,126.01796336227986,1.0124613378124894,data/raw/cutouts/-641922610475124253_VIS.fits,1.0
-641967579489872954,64.19675798525108,-48.98729543249812,722,11.152946472167969,0.1376896053552627,1,0.3499839007854461,0,2.533815622329712,0.0266125742346048,5.979177951812744,0.1307644695043563,set_-641843128489903597,reference,unlabelled,south,,21.28152595540579,2.858537197569639,1,31.401235792923508,0.1005277347212647,0.0128191796029804,0.1172406018874087,31.401235792908345,81.00064230260129,0.9321661739378092,data/raw/cutouts/-641967579489872954_VIS.fits,0.1
-641976879475184693,64.19768795956065,-47.51846939929669,918,29.54900360107422,0.1838347315788269,1,0.0587906837463378,0,9.1131591796875,0.0576703026890754,20.32882499694824,0.2568886280059814,set_-641922610475124253,reference,unlabelled,south,,20.22364289760411,2.9628426812012423,1,25.44687304583818,-0.2262001800570274,-0.0913872286621551,0.7778627082006504,25.44687304583948,160.7367843241517,0.8711083025981375,data/raw/cutouts/-641976879475184693_VIS.fits,0.4
-642045269460381627,64.20452693098002,-46.038162734670784,1017,13.597030639648438,0.1765244305133819,1,0.397425889968872,0,3.237417936325073,0.0346610881388187,10.58405876159668,0.1720246076583862,set_-641653132460343238,reference,unlabelled,south,,21.06638980951858,3.0073209529227447,1,98.9698997265154,0.242029369394821,0.0569560985466215,0.7403666607554763,98.96989972650348,77.0263390744528,1.286133684567695,data/raw/cutouts/-642045269460381627_VIS.fits,0.7
-642201006461096820,64.22010069763697,-46.10968203057439,1672,21.341533660888672,0.1774277538061142,1,0.1749541908502578,0,4.60703706741333,0.0320950150489807,14.303606033325195,0.1928721517324447,set_-642201006461096820,candidate,B,south,102023480.0,20.576935935506608,3.223236273102997,0,0.0,0.0,0.0,0.0,0.0,120.28295011957276,1.2300595831127026,data/raw/cutouts/-642201006461096820_VIS.fits,1.0
-642861356481802906,64.28613567370327,-48.1802906730381,1773,22.330604553222656,0.1940354108810424,1,0.2056192308664322,0,4.1637282371521,0.0303229875862598,16.44504165649414,0.2072143852710724,set_-642861356481802906,candidate,C,south,102021501.0,20.527748797944497,3.2487087356009177,0,0.0,0.0,0.0,0.0,0.0,115.08520249900631,1.4913815054294437,data/raw/cutouts/-642861356481802906_VIS.fits,1.0
-642870048480955813,64.2870048302998,-48.09558136723311,1762,24.878480911254883,0.2080252319574356,1,0.102412611246109,2,4.43281364440918,0.0338471308350563,14.7088041305542,0.2260629087686538,set_-642870048480955813,candidate,A,south,102021501.0,20.41044035336149,3.246005904076029,0,0.0,0.0,0.0,0.0,0.0,119.59357370814186,1.302244726998181,data/raw/cutouts/-642870048480955813_VIS.fits,1.0
-642918926488783807,64.29189269942822,-48.87838072372518,821,14.791358947753906,0.1545113176107406,1,0.0991071313619613,0,3.533005475997925,0.0326265767216682,9.7509765625,0.1912958174943924,set_-642918926488783807,candidate,C,south,102020539.0,20.974979809024248,2.9143431571194407,0,0.0,0.0,0.0,0.0,0.0,95.72993859917553,1.1022595049870811,data/raw/cutouts/-642918926488783807_VIS.fits,1.0
-642933942481999127,64.29339426295601,-48.19991272869585,1607,22.99518394470215,0.1766242831945419,1,0.1692360490560531,0,5.959128379821777,0.0356000699102878,19.077606201171875,0.2121240943670272,set_-642861356481802906,reference,unlabelled,south,,20.495907780092264,3.2060158767633444,1,72.75574022230329,-0.0318410178522334,-0.0426928588375732,0.0613702449058484,71.74844259481151,130.19265261149977,1.2633528454051972,data/raw/cutouts/-642933942481999127_VIS.fits,0.3
-642952210473964177,64.29522101079502,-47.39641775615978,1725,30.659217834472656,0.1572196036577224,1,0.3736840188503265,0,8.434793472290039,0.0394413396716117,19.8532829284668,0.2181543409824371,set_-642952210473964177,candidate,C,south,102021989.0,20.18359732221238,3.2367890994092927,0,0.0,0.0,0.0,0.0,0.0,195.00887371030288,0.9293946962069808,data/raw/cutouts/-642952210473964177_VIS.fits,0.2
-642972322481470375,64.2972322823333,-48.14703752747023,3561,41.21578979492188,0.2752221524715423,1,0.3833999037742615,0,6.58552885055542,0.0360469035804271,21.48028564453125,0.2388301193714141,set_-642972322481470375,candidate,C,south,102021501.0,19.86234093400114,3.5515719736742537,0,0.0,0.0,0.0,0.0,0.0,149.75462340075825,1.2836234890336815,data/raw/cutouts/-642972322481470375_VIS.fits,0.8
-642999160456158789,64.29991605435657,-45.615878932178326,2011,23.397056579589844,0.219614952802658,1,0.1148505434393882,0,3.8208932876586914,0.0290314182639122,5.701237678527832,0.1303352266550064,set_-643278568456152213,reference,unlabelled,south,,20.477096936778743,3.303412070596742,1,70.39733447270966,-0.0285463865810591,0.1508179926692721,0.5819548615047698,70.39733447271333,106.53671929440075,0.4345105951278572,data/raw/cutouts/-642999160456158789_VIS.fits,0.2
-643030592488834771,64.30305926185727,-48.88347719632906,849,15.411737442016602,0.2562845945358276,1,0.3027530908584595,2,,,9.303264617919922,0.17709980905056,set_-642918926488783807,reference,unlabelled,south,,20.930370995847348,2.928907690243953,1,32.1792241957445,-0.0446088131769002,0.0145645331245121,0.0283014305726384,32.179224195755246,60.13524718459853,,data/raw/cutouts/-643030592488834771_VIS.fits,0.6
-643069575481212619,64.3069575843793,-48.12126196896676,2527,45.78942489624024,0.2356120347976684,1,0.1479836255311966,0,10.136387825012209,0.0457542985677719,29.33551979064941,0.3020195066928863,set_-642972322481470375,reference,unlabelled,south,,19.74808702767114,3.402605241919914,1,95.68870107259684,-0.1142539063299992,-0.148966731754339,0.7076711999526469,95.68870107260211,194.3424703901983,1.153776423030076,data/raw/cutouts/-643069575481212619_VIS.fits,0.2
-643133138480761977,64.3133138723604,-48.07619774186017,1247,21.737003326416016,0.1676994711160659,1,0.6754869222640991,2,4.092861175537109,0.0303054843097925,6.445623874664307,0.1579623222351074,set_-642870048480955813,reference,unlabelled,south,,20.557000820415706,3.0958664534785427,1,94.1935379058568,0.1465604670542113,-0.1501394505974862,0.8098193768774667,94.19353790583176,129.61879475082955,0.4930948626817021,data/raw/cutouts/-643133138480761977_VIS.fits,0.0
-643189719456460589,64.31897196009866,-45.64605890044793,709,8.132149696350098,0.1316612809896469,1,0.0377434492111206,0,1.896056056022644,0.0251894257962703,7.192239761352539,0.1437787562608719,set_-643189719456460589,candidate,B,south,102023986.0,21.6244865887039,2.8506462351830666,0,0.0,0.0,0.0,0.0,0.0,61.7656887068383,1.4475324593766743,data/raw/cutouts/-643189719456460589_VIS.fits,1.0
-643278568456152213,64.3278568843478,-45.61522135359119,1421,22.789913177490234,0.1641497313976287,1,0.2038973122835159,0,5.624306678771973,0.0342568382620811,13.592707633972168,0.1858799755573272,set_-643278568456152213,candidate,C,south,102023986.0,20.5056433233598,3.15259407792747,0,0.0,0.0,0.0,0.0,0.0,138.83612835335688,0.9580924553533398,data/raw/cutouts/-643278568456152213_VIS.fits,0.8
-643294471463580883,64.32944711183475,-46.35808833592683,1697,26.14632797241211,0.1788463145494461,1,0.171230137348175,2,5.879366874694824,0.0347539484500885,21.05466079711914,0.2732768952846527,set_-643661433463528750,reference,unlabelled,south,,20.35647323862632,3.229681842317676,1,93.08917548050822,0.1896655240275855,-0.1631909030844034,1.0729112441559745,92.5903047565016,146.19439063242964,1.3850442197549029,data/raw/cutouts/-643294471463580883_VIS.fits,0.9
-643324492486804543,64.33244928492651,-48.680454344381054,766,8.275757789611816,0.114628292620182,1,0.0718568041920661,2,2.270074844360352,0.025896530598402,6.973776340484619,0.1835181564092636,set_-643324492486804543,candidate,C,south,102021018.0,21.605480571288822,2.884228769632604,0,0.0,0.0,0.0,0.0,0.0,72.19646738552876,1.21856959667006,data/raw/cutouts/-643324492486804543_VIS.fits,0.6
-643376525473955966,64.33765253000207,-47.39559669634398,1655,36.176605224609375,0.1995754539966583,1,0.449628084897995,0,6.793630123138428,0.0344752445816993,16.106340408325195,0.2066176384687423,set_-642952210473964177,reference,unlabelled,south,,20.003930473278142,3.2187979981117376,1,103.44522467254656,-0.1796668489342359,-0.0179911012975551,0.3759349315226123,103.44522467254292,181.2678087417259,0.9372374388145996,data/raw/cutouts/-643376525473955966_VIS.fits,0.0
-643416272463266829,64.34162720436005,-46.326682945658106,864,16.816879272460938,0.1216592118144035,1,0.2436907440423965,0,5.324661731719971,0.0348157696425914,15.004405975341797,0.2061724662780761,set_-643647863463499295,reference,unlabelled,south,,20.83563648396352,2.936513742478893,1,101.5720818897047,-0.1109323969278683,-0.0520452143997225,0.2132959735152399,101.57208188970942,138.22939522340346,1.1248169587684664,data/raw/cutouts/-643416272463266829_VIS.fits,0.1
-643425488456601305,64.34254881313896,-45.66013051470909,825,9.16830062866211,0.1565179228782653,1,0.1577683687210083,386,2.1570639610290527,0.0539099015295505,2.366166830062866,0.1187443286180496,set_-643189719456460589,reference,unlabelled,south,,21.494277886557857,2.916453948549925,1,78.01364650842085,-0.1302087021460423,0.0658077133668584,0.3018654322076746,78.01364650843313,58.57668221033654,0.1004558474850913,data/raw/cutouts/-643425488456601305_VIS.fits,0.1
-643458929486811967,64.34589299689411,-48.681196742074775,797,8.747981071472168,0.1295530647039413,1,0.5872668623924255,0,1.8239299058914185,0.024800319224596,2.9303648471832275,0.1415275633335113,set_-643324492486804543,reference,unlabelled,south,,21.54523041335557,2.9014583213961123,1,32.066079270445826,-0.0602501579332503,0.0172295517635081,0.0486372200266687,32.066079270441264,67.52430821658544,0.5147838790152449,data/raw/cutouts/-643458929486811967_VIS.fits,0.0
-643515742457626294,64.35157429981884,-45.76262945849678,798,16.200849533081055,0.1399661600589752,1,0.2631451189517975,2,4.559516429901123,0.0360075235366821,11.530669212341309,0.2116120308637619,set_-643515742457626294,candidate,C,south,102023480.0,20.87615552878913,2.9020028913507296,0,0.0,0.0,0.0,0.0,0.0,115.74833178430254,1.0073393210930583,data/raw/cutouts/-643515742457626294_VIS.fits,0.7
-643554715461629667,64.35547153015325,-46.162966721780144,2499,39.8828353881836,0.2581873834133148,1,0.1267514824867248,0,6.336523532867432,0.0372598730027675,9.694252014160156,0.190967708826065,set_-643946031461640626,reference,unlabelled,south,,19.89803493497383,3.39776625612645,1,97.6493220437005,0.2639837367131044,-0.1429385271843122,1.29326521559189,97.64932204368752,154.47244114301995,0.4616581336220425,data/raw/cutouts/-643554715461629667_VIS.fits,0.6
-643647863463499295,64.36478635470179,-46.349929588272026,974,15.18351936340332,0.1428338438272476,1,0.0621769353747367,2,3.524782419204712,0.0297245010733604,10.949621200561523,0.2124171406030655,set_-643647863463499295,candidate,C,south,102022978.0,20.946568880891387,2.988558956878616,0,0.0,0.0,0.0,0.0,0.0,106.301972673698,1.23066695368399,data/raw/cutouts/-643647863463499295_VIS.fits,0.6
-643661433463528750,64.36614339729933,-46.3528750105109,2471,31.13701057434082,0.2422675341367721,1,0.2596074044704437,0,4.266323566436768,0.031413797289133,15.543140411376951,0.2369718998670578,set_-643661433463528750,candidate,C,south,102022978.0,20.166807714598736,3.3928727454020797,0,0.0,0.0,0.0,0.0,0.0,128.5232488343338,1.403712450435797,data/raw/cutouts/-643661433463528750_VIS.fits,0.7
-643778187457806157,64.37781873430382,-45.78061573774327,709,17.817651748657227,0.1237293854355812,1,0.2145937532186508,2,5.672135829925537,0.0395683608949184,13.18922519683838,0.2207333296537399,set_-643515742457626294,reference,unlabelled,south,,20.772873834333858,2.8506462351830666,1,92.38869623140134,-0.1032816944552763,-0.051356656167663,0.1917790423605666,92.38869623140964,144.0050129234163,0.9161816532531925,data/raw/cutouts/-643778187457806157_VIS.fits,0.3
-643946031461640626,64.39460314864206,-46.164062676428735,3473,50.86037063598633,0.3287108242511749,1,0.1737743616104126,0,7.770410537719727,0.040577121078968,20.51227378845215,0.2603423595428467,set_-643946031461640626,candidate,C,south,102023480.0,19.634051198260725,3.5407047833107623,0,0.0,0.0,0.0,0.0,0.0,154.726789882413,1.053924599879603,data/raw/cutouts/-643946031461640626_VIS.fits,0.9
-644190661469351529,64.41906613202653,-46.93515291764823,1166,18.434904098510746,0.184844434261322,1,0.3188860416412353,2,3.176401376724243,0.0316268950700759,10.815093994140623,0.2061855792999267,set_-644190661469351529,candidate,C,south,102022482.0,20.73589779331335,3.0666985504229958,0,0.0,0.0,0.0,0.0,0.0,99.731994485961,1.3302373066728927,data/raw/cutouts/-644190661469351529_VIS.fits,0.9
-644308661469438061,64.43086619749654,-46.94380614270087,1375,18.77416610717773,0.1602854430675506,1,0.1437814831733703,2,4.5058183670043945,0.0362821966409683,12.262849807739258,0.1898898482322693,set_-644190661469351529,reference,unlabelled,south,,20.7160983599232,3.1383026981662816,1,42.56371008622877,-0.0197994333901476,0.0716041477432862,0.1340878145664427,42.563710086224745,117.1295767592916,1.087044320425666,data/raw/cutouts/-644308661469438061_VIS.fits,0.0
-644775934455668144,64.47759342260096,-45.56681448708828,2026,36.703269958496094,0.2229795753955841,1,0.1505909264087677,0,8.739823341369629,0.0471399798989295,22.606613159179688,0.3148551881313324,set_-644775934455668144,candidate,C,south,102023986.0,19.988238104923703,3.3066394410242617,0,0.0,0.0,0.0,0.0,0.0,164.6037306034935,1.0318321212354096,data/raw/cutouts/-644775934455668144_VIS.fits,1.0
-645027003455514115,64.5027003707883,-45.5514115763918,1604,32.54869079589844,0.2632252275943756,1,0.6959433555603027,0,5.13288164138794,0.0434371307492256,9.412543296813965,30.67833137512207,set_-644775934455668144,reference,unlabelled,south,,20.118666188365573,3.2052043639481447,1,84.1413415536035,0.1304280834418705,-0.1014350770761169,0.4523131286643582,84.14134155360153,123.6533864681666,0.6583643422614359,data/raw/cutouts/-645027003455514115_VIS.fits,0.0
-645139670465169349,64.51396701431106,-46.51693490946192,952,14.576861381530762,0.1314935386180877,1,0.1884680837392807,0,3.947164535522461,0.0299698412418365,13.103195190429688,0.1899999529123306,set_-645214430465266092,reference,unlabelled,south,,20.990839940288215,2.9786369483844743,1,39.44508311966649,-0.0199369294580726,-0.0778867756946262,0.1574091489664104,39.44508311967956,110.85610391753218,1.30272995094586,data/raw/cutouts/-645139670465169349_VIS.fits,0.1
-645214430465266092,64.52144301472815,-46.52660928793458,1139,14.31163501739502,0.1828768700361251,1,0.20314422249794,0,2.996223211288452,0.032948225736618,10.697368621826172,0.2092267870903015,set_-645214430465266092,candidate,C,south,102022979.0,21.01077686974629,3.056523724079101,0,0.0,0.0,0.0,0.0,0.0,78.25831125919822,1.381756993392067,data/raw/cutouts/-645214430465266092_VIS.fits,0.9
-646059380463491640,64.6059380657122,-46.34916404633146,1612,14.626317024230955,0.2003228664398193,1,0.0819152370095253,0,2.4785468578338623,0.0276431851089,8.416666984558105,0.1552934348583221,set_-646059380463491640,candidate,C,south,102022979.0,20.98716254378052,3.207365037469072,0,0.0,0.0,0.0,0.0,0.0,73.01371672726624,1.3273575258084482,data/raw/cutouts/-646059380463491640_VIS.fits,1.0
-646202665463759960,64.62026658622246,-46.37599607344864,1165,14.884635925292969,0.156098261475563,1,0.4314635396003723,2,3.533992052078247,0.0309701021760702,5.1933913230896,0.1611907035112381,set_-646059380463491640,reference,unlabelled,south,,20.96815445907152,3.0663259253620376,1,102.94554005761144,-0.0190080847090001,-0.141039112107034,0.5104011957987357,102.9455400576194,95.35427098669604,0.41796369889628,data/raw/cutouts/-646202665463759960_VIS.fits,0.9
-646711027460102899,64.6711027041591,-46.01028997732555,1188,14.60265064239502,0.1795302480459213,1,0.2159057408571243,514,2.9530162811279297,0.0341315194964408,8.853242874145508,0.1638053357601165,set_-646711027460102899,candidate,C,south,102023481.0,20.988920762100324,3.074816440645175,0,0.0,0.0,0.0,0.0,0.0,81.33810765225405,1.192091342827826,data/raw/cutouts/-646711027460102899_VIS.fits,1.0
-646975327460093915,64.69753273533641,-46.009391587981526,1134,14.520464897155762,0.1839254200458526,1,0.742723286151886,512,2.328441858291626,0.0302841309458017,4.192409515380859,0.127204954624176,set_-646711027460102899,reference,unlabelled,south,,20.99504869685888,3.054613054556888,1,66.1627710223553,0.0061279347585561,-0.020203386088287,0.0143746712674001,29.66670293034724,78.947569583018,0.6384957501068309,data/raw/cutouts/-646975327460093915_VIS.fits,0.1
-647265841473236488,64.7265841335959,-47.32364881228466,823,10.502678871154783,0.1442162990570068,1,0.1691140234470367,0,2.663482666015625,0.0281631462275981,8.815226554870605,0.2003579437732696,set_-647265841473236488,candidate,C,south,102021989.0,21.34674978314096,2.91539983521227,0,0.0,0.0,0.0,0.0,0.0,72.82587987508411,1.2994590089664817,data/raw/cutouts/-647265841473236488_VIS.fits,1.0
-647303049469700629,64.73030499211254,-46.97006292437504,1816,26.140300750732425,0.1819047778844833,1,0.1458273231983184,2,5.429584980010986,0.0322123728692531,16.995262145996094,0.2090972959995269,set_-647303049469700629,candidate,C,south,102022482.0,20.356723550148807,3.2591158441850663,0,0.0,0.0,0.0,0.0,0.0,143.70321139850734,1.2389030825644534,data/raw/cutouts/-647303049469700629_VIS.fits,0.7
-647311949481459756,64.73119499046466,-48.14597565950288,2679,48.59990692138672,0.2630810439586639,1,0.3704613447189331,2,8.791956901550293,0.0452563911676406,24.50410842895508,0.2433723658323288,set_-647748033481508391,reference,unlabelled,south,,19.683411406245853,3.427972713608209,1,106.19768568588655,0.1694984848471783,-0.1331286700408469,0.7719693856362903,106.19768568587143,184.73359459917185,1.1128833875746564,data/raw/cutouts/-647311949481459756_VIS.fits,0.5
-647455303473505574,64.74553039027083,-47.35055749829543,994,11.117369651794434,0.1415300965309143,1,0.244625523686409,0,2.5484330654144287,0.0273671504110097,6.901180744171143,0.1494384258985519,set_-647265841473236488,reference,unlabelled,south,,21.28499488459149,2.997386384397313,1,107.3338577356142,-0.06175489854947,0.0819865491850433,0.2202959602196262,107.33385773560568,78.55127583669864,1.0816254263434817,data/raw/cutouts/-647455303473505574_VIS.fits,0.0
-647536120476180077,64.75361205751781,-47.61800778154701,1677,48.60984420776367,0.175980657339096,1,0.081937126815319,2,10.93101406097412,0.0404577292501926,15.254843711853027,0.2245660573244094,set_-647536120476180077,candidate,C,south,102021989.0,19.68318942704091,3.2245330626060857,0,0.0,0.0,0.0,0.0,0.0,276.22265391416096,0.3618682740934256,data/raw/cutouts/-647536120476180077_VIS.fits,0.9
-647575689469613420,64.75756899578175,-46.96134206274652,1579,22.3232364654541,0.1995462328195572,1,0.1394318342208862,0,4.237196922302246,0.0335349738597869,7.847691059112549,0.1537236422300338,set_-647303049469700629,reference,unlabelled,south,,20.52810710081566,3.1983821300082944,1,73.9740317463615,0.171383550666853,-0.0607337141767718,0.4232652209911331,73.97403174634636,111.86999699282842,0.6691581240784406,data/raw/cutouts/-647575689469613420_VIS.fits,0.0
-647604440475950511,64.76044404937603,-47.59505115375887,2198,45.0230712890625,0.2203158140182495,1,0.1507330238819122,0,10.090216636657717,0.0475887320935726,24.762035369873047,0.243699237704277,set_-647536120476180077,reference,unlabelled,south,,19.76641220634649,3.342027688087472,1,84.29108673226361,0.0832227793055828,0.117494625481386,0.4281719568057547,84.29108673227299,204.35696588413344,0.9747146224425228,data/raw/cutouts/-647604440475950511_VIS.fits,1.0
-647725989479597587,64.77259895012048,-47.95975879798051,2221,34.6563720703125,0.1889892518520355,1,0.397929698228836,2,7.26047420501709,0.0357231870293617,23.354576110839844,0.3037241101264953,set_-647725989479597587,candidate,C,south,102021502.0,20.050542256126068,3.346548558548474,0,0.0,0.0,0.0,0.0,0.0,183.3774763945087,1.2685175059547973,data/raw/cutouts/-647725989479597587_VIS.fits,0.8
-647748033481508391,64.77480338747654,-48.150839182738274,3640,56.81131362915039,0.3226684927940368,1,0.3095104396343231,2,6.5181169509887695,0.0391192995011806,21.108901977539062,0.2210112065076828,set_-647748033481508391,candidate,C,south,102021502.0,19.513912921398678,3.561101383649056,0,0.0,0.0,0.0,0.0,0.0,176.06712430213548,1.2758587366960892,data/raw/cutouts/-647748033481508391_VIS.fits,0.8
-647873425479375766,64.78734252980661,-47.93757660966654,2290,40.076019287109375,0.1967197805643081,1,0.1036987602710723,0,9.19393539428711,0.0393617264926433,25.3736572265625,0.2682151794433594,set_-647725989479597587,reference,unlabelled,south,,19.89278855764118,3.359835482339888,1,87.41174395172078,-0.157753698484889,0.0132869237914139,0.2874779840236559,87.41174395171623,203.72135009579495,1.102204052582378,data/raw/cutouts/-647873425479375766_VIS.fits,0.8
-647960573487699485,64.79605734517364,-48.76994855806199,3107,70.8581771850586,0.2560796439647674,1,0.3545776903629303,0,8.505417823791504,0.0364022627472877,16.596900939941406,0.2225871682167053,set_-648126807487882975,reference,unlabelled,south,,19.27402506003296,3.4923412532549745,1,76.93215356577471,0.068204744901724,-0.1206544027773728,0.4206989666310913,76.93215356578233,276.70366956151963,0.7258283723363568,data/raw/cutouts/-647960573487699485_VIS.fits,0.0
-648022163489084440,64.80221633117397,-48.90844403468158,1029,18.175180435180664,0.1431137472391128,1,0.2096547037363052,0,4.034101486206055,0.0303130000829696,10.252599716186523,0.185169979929924,set_-648022163489084440,candidate,C,south,102020540.0,20.751303172408303,3.012415374762433,0,0.0,0.0,0.0,0.0,0.0,126.99814508255298,1.0127179557712098,data/raw/cutouts/-648022163489084440_VIS.fits,0.8
-648069830466910332,64.80698302216791,-46.69103320924987,801,10.414589881896973,0.1494848877191543,1,0.107017308473587,0,2.7501845359802246,0.0321024842560291,7.706658840179443,0.1858569234609604,set_-648069830466910332,candidate,C,south,102022979.0,21.355894568859952,2.9036325160842376,0,0.0,0.0,0.0,0.0,0.0,69.66985118564928,1.1187607455889246,data/raw/cutouts/-648069830466910332_VIS.fits,1.0
-648088529485996115,64.80885291200053,-48.59961150322062,1680,28.82411193847656,0.2247037142515182,1,0.0944527462124824,0,5.98591423034668,0.0446984879672527,18.823869705200195,0.3025838434696197,set_-648088529485996115,candidate,C,south,102021019.0,20.25061016074756,3.225309281725863,0,0.0,0.0,0.0,0.0,0.0,128.27608139228528,1.2439460458987617,data/raw/cutouts/-648088529485996115_VIS.fits,1.0
-648126807487882975,64.81268071102309,-48.78829751970496,4102,75.45219421386719,0.3166750967502594,1,0.0891975760459899,2,13.684879302978516,0.0526435226202011,40.06490707397461,0.3800449669361114,set_-648126807487882975,candidate,C,south,102020540.0,19.205820315131238,3.6129956560323473,0,0.0,0.0,0.0,0.0,0.0,238.2637440965916,1.1663079209521114,data/raw/cutouts/-648126807487882975_VIS.fits,0.9
-648310812467106923,64.83108129370228,-46.7106923867502,892,10.76678466796875,0.1539266109466552,1,0.1472599506378173,0,2.194716691970825,0.0257056541740894,4.25448751449585,0.1432985365390777,set_-648069830466910332,reference,unlabelled,south,,21.31978493150541,2.950364854376123,1,92.45886840235497,-0.0361096373545422,0.0467323382918856,0.0764147124430644,92.45886840236906,69.94751980669598,0.7186719669763855,data/raw/cutouts/-648310812467106923_VIS.fits,0.0
-648322833488958206,64.83228334484903,-48.89582062652808,946,18.030197143554688,0.1465045064687729,1,0.0152028268203139,0,4.980055809020996,0.0365164615213871,14.08869457244873,0.2288822382688522,set_-648022163489084440,reference,unlabelled,south,,20.75999881160638,2.975891136401793,1,84.4263006814338,0.008695639198077,-0.0365242383606401,0.040301596673442,84.42630068144982,123.06923232697818,1.1290913612216726,data/raw/cutouts/-648322833488958206_VIS.fits,0.6
-648357285485882399,64.83572853811161,-48.58823992723208,1998,24.74892234802246,0.2381894588470459,1,0.2097992748022079,0,3.884294033050537,0.0358976498246192,13.768351554870604,0.194977268576622,set_-648088529485996115,reference,unlabelled,south,,20.416109267431757,3.300595483889964,1,75.96548444101242,0.1654991066841979,0.0752862021641007,0.4509806237453993,75.96548444101187,103.90435608619885,1.373924622157433,data/raw/cutouts/-648357285485882399_VIS.fits,0.0
-648362132462767425,64.83621328978028,-46.27674250566245,1170,25.0933837890625,0.1735273152589798,1,0.2429929375648498,2,6.330286502838135,0.0393383726477623,18.622079849243164,0.2711400389671325,set_-648362132462767425,candidate,C,south,102022979.0,20.401101927639164,3.0681858617461617,0,0.0,0.0,0.0,0.0,0.0,144.60768756556874,1.1715120457380952,data/raw/cutouts/-648362132462767425_VIS.fits,0.6
-648414146462877405,64.84141469010754,-46.28774053817669,1336,25.815540313720703,0.1738972663879394,1,0.2534026205539703,0,5.16986083984375,0.0317191667854785,8.735280990600586,0.1455030590295791,set_-648362132462767425,reference,unlabelled,south,,20.370296952078235,3.125806458139527,1,41.65415319417992,-0.0308049755609296,0.0576205963933653,0.0950347199950767,41.65415319417336,148.4528241871842,0.5694950663515385,data/raw/cutouts/-648414146462877405_VIS.fits,0.0
-648603121477496732,64.86031219325339,-47.74967321998519,960,50.77457427978516,0.1320474743843078,1,0.0908534824848175,0,15.628493309020996,0.0476633943617343,22.85933303833008,0.2309272438287735,set_-648603121477496732,candidate,C,south,102021502.0,19.63588427314197,2.9822712330395684,0,0.0,0.0,0.0,0.0,0.0,384.5175723089717,0.4128661094443542,data/raw/cutouts/-648603121477496732_VIS.fits,0.9
-648950563477474881,64.8950563334141,-47.747488171115805,1231,45.68977737426758,0.1527578979730606,1,0.4153377413749695,0,15.025230407714844,0.0582784712314605,31.67943572998047,0.2899889349937439,set_-648603121477496732,reference,unlabelled,south,,19.75045239515197,3.090258052931316,1,84.46826607426624,0.1145681220100023,0.1079868198917477,0.4434886768732379,84.4682660742638,299.0992804989051,0.809890742196476,data/raw/cutouts/-648950563477474881_VIS.fits,0.0
-649069697469674179,64.90696978863288,-46.96741790063431,826,9.681673049926758,0.1552458554506302,1,0.3919934034347534,0,2.0303030014038086,0.0253527741879224,3.265374183654785,0.1179790422320365,set_-649069697469674179,candidate,C,south,102022482.0,21.4351239689275,2.9169800473203824,0,0.0,0.0,0.0,0.0,0.0,62.363488041750855,0.5159302455374432,data/raw/cutouts/-649069697469674179_VIS.fits,0.1
-649132760461482143,64.91327603051622,-46.14821437171463,851,11.9638671875,0.1382169872522354,1,0.4464009404182434,2,2.3714189529418945,0.0266917403787374,5.219264507293701,0.1505670994520187,set_-649132760461482143,candidate,C,south,102023481.0,21.20532104193865,2.929929560084588,0,0.0,0.0,0.0,0.0,0.0,86.55858751766061,0.8565025512749971,data/raw/cutouts/-649132760461482143_VIS.fits,0.7
-649264548469598545,64.92645484402924,-46.95985457663344,895,9.670031547546388,0.1466943770647049,1,0.6322507262229919,0,1.805902004241944,0.0250937864184379,3.361196517944336,0.151087149977684,set_-649069697469674179,reference,unlabelled,south,,21.43643027267694,2.951823035315912,1,55.07362515752727,0.0013063037494411,0.0348429879955296,0.0329702036054209,55.07362515754216,65.9195787939511,0.6744993124249489,data/raw/cutouts/-649264548469598545_VIS.fits,0.0
-649418192461600345,64.94181925103543,-46.16003455101107,793,12.72511386871338,0.1423336267471313,1,0.357918381690979,0,3.511301040649414,0.0323538966476917,9.476699829101562,0.194734126329422,set_-649132760461482143,reference,unlabelled,south,,21.13834580689203,2.899273187317604,1,82.93041698317812,-0.0669752350466161,-0.0306563727669844,0.0792325504603758,82.93041698316327,89.403426017667,1.0779726488042471,data/raw/cutouts/-649418192461600345_VIS.fits,0.0
-650144415473967942,65.01444151449904,-47.39679426540807,923,10.93887424468994,0.1547538638114929,1,0.4449059963226318,0,2.22620177268982,0.0263536758720874,5.160731792449951,0.1302455961704254,set_-650312660474055399,reference,unlabelled,south,,21.30256842591961,2.965201701025912,1,51.69111274630618,0.0935913685573908,0.013864182229994,0.104422220732267,51.69111274631452,70.68562926489953,0.91286691192937,data/raw/cutouts/-650144415473967942_VIS.fits,0.0
-650171059461534807,65.0171059752844,-46.1534807371124,773,13.135376930236816,0.1141926124691963,1,0.5090179443359375,0,3.712122678756714,0.0295024216175079,5.619746208190918,0.1655761003494262,set_-650269720461811358,reference,unlabelled,south,,21.103893650671527,2.888179493918325,1,102.55204979887452,-0.0496787921850234,-0.0631580248775929,0.1361619955371219,102.55204979887054,115.0282548600078,0.4502359563723506,data/raw/cutouts/-650171059461534807_VIS.fits,0.0
-650269720461811358,65.02697202495352,-46.18113582842483,894,12.54789924621582,0.125900000333786,1,0.1231565847992897,2,3.3537096977233887,0.0303755402565002,13.58043098449707,0.2301494777202606,set_-650269720461811358,candidate,C,south,102023481.0,21.15357244285655,2.951337518795918,0,0.0,0.0,0.0,0.0,0.0,99.66560137370006,1.518470215263,data/raw/cutouts/-650269720461811358_VIS.fits,1.0
-650312660474055399,65.03126603454716,-47.40553996348327,894,11.923648834228516,0.1916112899780273,1,0.1048020496964454,2,1.8505042791366573,0.0308717340230941,9.636284828186035,0.1792210340499878,set_-650312660474055399,candidate,A,south,102021990.0,21.20897705736222,2.951337518795918,0,0.0,0.0,0.0,0.0,0.0,62.228320865622486,1.7915488365994443,data/raw/cutouts/-650312660474055399_VIS.fits,1.0
-650705793470600869,65.07057938390258,-47.060086929961074,1832,20.894561767578125,0.2110048830509185,1,0.1554903239011764,2,3.3361058235168457,0.0300348103046417,13.41489315032959,0.180223748087883,set_-650705793470600869,candidate,B,south,102022483.0,20.59991683276756,3.262925469331832,0,0.0,0.0,0.0,0.0,0.0,99.0240674313493,1.5108684989197405,data/raw/cutouts/-650705793470600869_VIS.fits,1.0
-650938174470827317,65.09381748890269,-47.08273175088726,1250,18.07969093322754,0.1778150647878646,1,0.2299848943948745,0,3.998944759368897,0.0331757366657257,11.910928726196287,0.2140635251998901,set_-650705793470600869,reference,unlabelled,south,,20.75702249482048,3.096910013008056,1,99.45952080497317,0.1571056620529205,-0.1660154563237754,0.971755802337456,99.45952080496048,101.67693583666164,1.1850005524004554,data/raw/cutouts/-650938174470827317_VIS.fits,0.0
-651111296474510856,65.11112966459594,-47.45108568441331,4826,73.68946838378906,0.2904739379882812,1,0.2755067646503448,2,10.819297790527344,0.0437682680785656,29.49009895324707,0.3162355422973633,set_-651111296474510856,candidate,C,south,102021990.0,19.231486441466117,3.683587317572767,0,0.0,0.0,0.0,0.0,0.0,253.68702229926728,1.088692888328969,data/raw/cutouts/-651111296474510856_VIS.fits,0.7
-651194593473202928,65.11945933672237,-47.32029282464956,3425,58.83580780029297,0.3317711353302002,1,0.5610328912734985,2,2.9105708599090576,0.0271617397665977,5.017777919769287,0.1485875993967056,set_-651246796473086761,reference,unlabelled,south,,19.475895698548435,3.534660575828444,1,43.71792574503927,0.1378480646987654,-0.0443222668743463,0.2618844999394888,43.71792574504338,177.33853712661215,0.5913331478669178,data/raw/cutouts/-651194593473202928_VIS.fits,0.0
-651246796473086761,65.12467967083242,-47.30867614502389,3793,66.80068969726562,0.2761782705783844,1,0.4046626389026642,2,12.54880142211914,0.0489896722137928,33.68255615234375,0.3615601658821106,set_-651246796473086761,candidate,A,south,102021990.0,19.33804763384967,3.5789828427027905,0,0.0,0.0,0.0,0.0,0.0,241.87525527395312,1.07200698896498,data/raw/cutouts/-651246796473086761_VIS.fits,1.0
-651313703480344181,65.13137037485649,-48.03441819822326,3413,91.56892395019533,0.2249609529972076,1,0.4020933210849762,2,16.160022735595703,0.0476730726659297,38.50406646728516,0.3303074240684509,set_-651332364480516764,reference,unlabelled,south,,18.995629723221427,3.533136288278639,1,62.29198480576197,-0.2008029680970189,-0.0952526417716725,0.6781737240560115,62.29198480575879,407.0436345961424,0.9426615772930856,data/raw/cutouts/-651313703480344181_VIS.fits,0.0
-651332364480516764,65.1332364978466,-48.05167648894214,4250,76.10740661621094,0.3144048452377319,1,0.0804085657000541,0,14.68875217437744,0.0562078729271888,37.20812225341797,0.3418735265731811,set_-651332364480516764,candidate,C,south,102021502.0,19.19643269131845,3.628388930050312,0,0.0,0.0,0.0,0.0,0.0,242.06817346807625,1.0091321247191412,data/raw/cutouts/-651332364480516764_VIS.fits,1.0
-651392369474691180,65.13923697046944,-47.469118099336114,6686,95.6375961303711,0.404960572719574,1,0.398886114358902,0,10.33385944366455,0.042232546955347,28.53818130493164,0.3437365591526031,set_-651111296474510856,reference,unlabelled,south,,18.94842837123893,3.82516637225655,1,94.31030887064668,-0.2830580702271881,0.1415790546837829,1.398984274442338,94.31030887064504,236.1652036594633,1.1029093563802788,data/raw/cutouts/-651392369474691180_VIS.fits,0.0
-651790423483963319,65.17904231704375,-48.39633198835367,2276,35.920875549316406,0.328802078962326,1,0.5243266224861145,0,4.743127822875977,0.0390978977084159,7.685513973236084,0.166630282998085,set_-652008049483896552,reference,unlabelled,south,,20.01163271553504,3.3571722577230334,1,57.30709356949772,-0.1133548129786028,-0.0404201763150831,0.1864305066959992,57.30709356949864,109.24771419536007,0.5240202196571282,data/raw/cutouts/-651790423483963319_VIS.fits,0.0
-651956451483599583,65.1956451002235,-48.35995837358245,1208,13.285573959350586,0.2139454632997512,1,0.3693401217460632,0,2.0966031551361084,0.0282301921397447,9.379488945007324,0.1794464588165283,set_-651956451483599583,candidate,A,south,102021019.0,21.091549196473675,3.082066934285113,0,0.0,0.0,0.0,0.0,0.0,62.097946618931815,1.6266573520998486,data/raw/cutouts/-651956451483599583_VIS.fits,1.0
-651967936483308041,65.19679365108247,-48.33080416801022,1034,13.043941497802734,0.1753143966197967,1,0.3299242854118347,2,1.9292770624160769,0.0275976285338401,7.452023983001709,0.1787732690572738,set_-651956451483599583,reference,unlabelled,south,,21.11147789419112,3.014520538757924,1,104.99111239535044,0.0199286977174431,-0.0675463955271893,0.1279262601750004,104.99111239535137,74.4031394414861,1.4671991075283028,data/raw/cutouts/-651967936483308041_VIS.fits,0.1
-652008049483896552,65.20080494093433,-48.389655285573824,2498,32.359737396240234,0.2862663865089416,1,0.2861623167991638,0,4.999335765838623,0.0392209216952323,14.159173011779783,0.2295166403055191,set_-652008049483896552,candidate,C,south,102021019.0,20.12498752851364,3.3975924340381165,0,0.0,0.0,0.0,0.0,0.0,113.04064647921726,1.1303139565046003,data/raw/cutouts/-652008049483896552_VIS.fits,0.9
-652286598467845073,65.22865987261169,-46.784507386341375,3815,55.74809646606445,0.2327886223793029,1,0.2482529878616333,2,8.815278053283691,0.0389341339468956,32.11111068725586,0.255579799413681,set_-652567278468018815,reference,unlabelled,south,,19.534424892824973,3.5814945422908995,1,93.2619360846641,0.0419590154273805,0.0581383356361069,0.1115203700817382,93.26193608467004,239.47947239117724,1.4035482803222412,data/raw/cutouts/-652286598467845073_VIS.fits,0.7
-652295815477055723,65.22958157977847,-47.70557232563805,1766,31.93543243408203,0.2034468799829483,1,0.150888442993164,2,6.371201515197754,0.04157355427742,16.319332122802734,0.2309613972902298,set_-652295815477055723,candidate,C,south,102021990.0,20.139317996834183,3.24699069924155,0,0.0,0.0,0.0,0.0,0.0,156.971846590907,1.0212025985542674,data/raw/cutouts/-652295815477055723_VIS.fits,1.0
-652362446477237766,65.23624462472682,-47.72377663092561,1633,31.334964752197266,0.1555300801992416,1,0.446442186832428,0,8.433539390563965,0.0406287908554077,18.79233360290528,0.2589015960693359,set_-652295815477055723,reference,unlabelled,south,,20.15992697372284,3.212986184736668,1,67.4934688077143,0.0206089768886563,-0.0340045145048817,0.037532390705991,67.49346880772369,201.4720542293533,0.8699270893352911,data/raw/cutouts/-652362446477237766_VIS.fits,0.0
-652567278468018815,65.25672781868148,-46.80188153341917,3337,57.9446907043457,0.2665400803089142,1,0.0722355991601944,0,12.048949241638184,0.0476913228631019,30.76206588745117,0.2623559832572937,set_-652567278468018815,candidate,C,south,102022483.0,19.492465877397592,3.5233562066547925,0,0.0,0.0,0.0,0.0,0.0,217.39578766986585,1.0176658079371592,data/raw/cutouts/-652567278468018815_VIS.fits,0.9
-652726602487221405,65.27266029932974,-48.72214053870264,986,12.98890495300293,0.1562013477087021,1,0.1016358882188797,0,2.785343170166016,0.0294472742825746,9.58511447906494,0.1961385905742645,set_-652726602487221405,candidate,C,south,102021019.0,21.11606865290145,2.993876914941211,0,0.0,0.0,0.0,0.0,0.0,83.15488402331697,1.3417964846090662,data/raw/cutouts/-652726602487221405_VIS.fits,1.0
-652791883466679845,65.27918831487847,-46.66798454685225,3004,48.39328384399414,0.1996702253818512,1,0.4120658040046692,2,11.555092811584473,0.0444616489112377,27.59134864807129,0.3013268411159515,set_-652791883466679845,candidate,C,south,102022980.0,19.68803726695734,3.4776999283321306,0,0.0,0.0,0.0,0.0,0.0,242.36605007805431,0.9449987273023336,data/raw/cutouts/-652791883466679845_VIS.fits,0.9
-652988551487199958,65.29885515543027,-48.71999580813431,910,12.625524520874023,0.1602565497159958,1,0.2883192300796509,0,2.83299207687378,0.029568389058113,4.592357158660889,4.726909160614014,set_-652726602487221405,reference,unlabelled,south,,21.14687642573824,2.959041392321093,1,62.690363509976834,0.0308077728367841,-0.0348355226201175,0.0442530176847769,62.69036350998755,78.78320445091813,0.5244757422847621,data/raw/cutouts/-652988551487199958_VIS.fits,0.2
-653017433466725374,65.30174332886574,-46.67253747994962,2530,54.88857650756836,0.2367861270904541,1,0.1795215308666229,0,6.383371353149414,0.0323011130094528,12.96015453338623,0.1936326175928115,set_-652791883466679845,reference,unlabelled,south,,19.551295080402696,3.403120521175818,1,58.07857754557156,-0.1367421865546454,-0.0745794071563126,0.3497043912828949,58.078577545557714,231.80655548540855,0.7689001742350592,data/raw/cutouts/-653017433466725374_VIS.fits,0.6
-653069109465982282,65.30691092767607,-46.59822823435719,2277,35.55450820922852,0.1678729951381683,1,0.0830761417746543,2,8.158051490783691,0.0379534736275672,22.81263542175293,0.2633472979068756,set_-653069109465982282,candidate,A,south,102022980.0,20.02276331038346,3.3573630306151427,0,0.0,0.0,0.0,0.0,0.0,211.7940898115584,1.1164725444701262,data/raw/cutouts/-653069109465982282_VIS.fits,1.0
-653108030479223468,65.31080305209322,-47.922346850015,1653,27.716442108154297,0.1862889528274536,1,0.4444918036460876,2,7.111289024353027,0.0411035530269146,18.223617553710938,0.2103489488363266,set_-653108030479223468,candidate,B,south,102021502.0,20.293156299505423,3.2182728535714475,0,0.0,0.0,0.0,0.0,0.0,148.78199532221373,1.0217156563822825,data/raw/cutouts/-653108030479223468_VIS.fits,0.8
-653187842479148814,65.31878429330291,-47.914881485665575,1731,26.69426155090332,0.1984224766492843,1,0.3762707114219665,0,5.168510437011719,0.0354283787310123,12.55587387084961,0.2119675576686859,set_-653108030479223468,reference,unlabelled,south,,20.333955221553826,3.238297067875394,1,33.061747793992375,0.040798922048399,0.0200242143039464,0.0294563908360835,33.06174779398746,134.5324481464162,0.9637038669345565,data/raw/cutouts/-653187842479148814_VIS.fits,0.0
-653442341465834596,65.34423410125515,-46.58345962478551,2260,39.38075637817383,0.279670238494873,1,0.577382504940033,2,4.817380428314209,0.0370365008711814,6.640418529510498,0.16926109790802,set_-653069109465982282,reference,unlabelled,south,,19.911789866780143,3.3541084391474008,1,106.54804948173953,-0.1109734436033171,-0.0032545914677419,0.1468322388801549,106.54804948175268,140.8113948416995,0.3484612721915985,data/raw/cutouts/-653442341465834596_VIS.fits,0.0
-654514080465579188,65.45140807521011,-46.55791880946424,2618,31.39176368713379,0.2544941306114197,1,0.2012006789445877,2,4.2482123374938965,0.0297623742371797,8.726455688476562,0.1583961099386215,set_-654645541465625534,reference,unlabelled,south,,20.15796070899196,3.417969642214737,1,36.56897628323252,0.0188839764319261,0.1524443069956635,0.5860904519925807,36.56897628323841,123.3496568730893,0.7815791797144813,data/raw/cutouts/-654514080465579188_VIS.fits,0.5
-654521917475376298,65.45219178359154,-47.53762981938568,2953,72.96367645263672,0.2460491806268692,1,0.2964018881320953,0,15.78088092803955,0.0529956705868244,28.70247459411621,0.3194828033447265,set_-654548621475430367,reference,unlabelled,south,,19.24223322785636,3.4702634469650784,1,20.518089214399662,-0.0132970305337991,-0.1189039435809693,0.3557791946496301,20.51808921442584,296.54102593125606,0.649470245634029,data/raw/cutouts/-654521917475376298_VIS.fits,0.3
-654548621475430367,65.45486211124025,-47.54303670049509,3883,72.0755386352539,0.279668390750885,1,0.255659282207489,2,13.22519302368164,0.0505791194736957,28.92545890808105,0.2865923345088959,set_-654548621475430367,candidate,C,south,102021990.0,19.25553025839016,3.589167390546048,0,0.0,0.0,0.0,0.0,0.0,257.7178580737617,0.8496955962470971,data/raw/cutouts/-654548621475430367_VIS.fits,0.9
-654645541465625534,65.46455415059457,-46.5625534692025,1843,31.942529678344727,0.1720152497291565,1,0.2587258219718933,0,7.658661842346191,0.0374919064342975,20.53936195373535,0.2392061203718185,set_-654645541465625534,candidate,C,south,102022980.0,20.13907673256003,3.2655253352190736,0,0.0,0.0,0.0,0.0,0.0,185.695917824956,1.0710851350753252,data/raw/cutouts/-654645541465625534_VIS.fits,0.6
-654931227468542568,65.49312270198116,-46.85425686982148,1712,28.100154876708984,0.5646286010742188,1,0.9482390284538268,386,0.1465125083923339,0.0247222427278757,0.5419553518295288,0.10701684653759,set_-655237300468620657,reference,unlabelled,south,,20.278228216081185,3.2335037603411343,1,80.41974769760246,0.1107960061465682,0.0548145205655443,0.2170577672166297,80.41974769759149,49.76750172281,1.4202220137251955,data/raw/cutouts/-654931227468542568_VIS.fits,0.3
-654970417459487087,65.49704173371478,-45.94870879352024,5634,94.37629699707033,0.3265888094902038,1,0.1844855099916458,0,11.194107055664062,0.04080655798316,22.52190399169922,0.2480473816394806,set_-655228887459691030,reference,unlabelled,south,,18.96284266722013,3.7508168426497535,1,97.84992583974008,0.2458215403630532,-0.0396794343173549,0.7189948953261931,97.84992583973803,288.9759056484181,0.75903911698763,data/raw/cutouts/-654970417459487087_VIS.fits,0.6
-655057316458891631,65.50573160286316,-45.8891631732252,1521,40.8309326171875,0.2592897117137909,1,0.6538894176483154,2,7.04657506942749,0.0470974706113338,11.835339546203612,33.19952392578125,set_-655179432459165110,reference,unlabelled,south,,19.87252675066565,3.182129214052998,1,103.09590212956368,0.1270760059173987,0.0080694063279729,0.1901660167272852,103.09590212956086,157.4722434890031,0.5630065975730087,data/raw/cutouts/-655057316458891631_VIS.fits,0.2
-655145406478656358,65.51454060705898,-47.86563586598554,1743,32.04887771606445,0.2367801815271377,1,0.3446020483970642,2,6.424880504608154,0.0440507307648658,18.950729370117188,0.2902239561080932,set_-655145406478656358,candidate,C,south,102021503.0,20.13546793488351,3.2412973871099933,0,0.0,0.0,0.0,0.0,0.0,135.35287248012895,1.174402187310416,data/raw/cutouts/-655145406478656358_VIS.fits,1.0
-655179432459165110,65.51794326392798,-45.91651107756741,1493,45.90074157714844,0.1903435289859771,1,0.4035030007362366,0,12.953272819519045,0.0555550381541252,31.05886459350586,0.3889360129833221,set_-655179432459165110,candidate,B,south,102023482.0,19.74545074474825,3.1740598077250253,0,0.0,0.0,0.0,0.0,0.0,241.14684550442487,0.9495151567450398,data/raw/cutouts/-655179432459165110_VIS.fits,0.9
-655228887459691030,65.52288874606776,-45.96910306273677,6173,118.3563461303711,0.3513483703136444,1,0.3737243115901947,2,14.55158519744873,0.0501564927399158,37.90730285644531,0.333423912525177,set_-655228887459691030,candidate,C,south,102023482.0,18.71702112685708,3.790496276967109,0,0.0,0.0,0.0,0.0,0.0,336.86322786901167,1.0395314466157113,data/raw/cutouts/-655228887459691030_VIS.fits,0.9
-655237300468620657,65.5237300373708,-46.862065757618026,1509,31.11910629272461,0.232728898525238,1,0.1728322207927703,0,7.463969707489014,0.0516243688762187,20.57316017150879,0.2726024985313415,set_-655237300468620657,candidate,C,south,102022483.0,20.167432209934617,3.17868923977559,0,0.0,0.0,0.0,0.0,0.0,133.71397574568908,1.1008278478093838,data/raw/cutouts/-655237300468620657_VIS.fits,0.9
-655306805478646909,65.53068053445384,-47.864690989159,1847,33.467288970947266,0.2204035520553589,1,0.251734584569931,0,7.962928771972656,0.0458148308098316,14.952638626098633,0.2245214134454727,set_-655145406478656358,reference,unlabelled,south,,20.08844866597169,3.2664668954402414,1,39.1286317552412,-0.0470192689118214,0.0251695083302481,0.0417148060665687,39.12863175524046,151.84550638522046,0.6841125161316357,data/raw/cutouts/-655306805478646909_VIS.fits,0.0
-655815326461739895,65.58153266757411,-46.173989553878656,742,13.117949485778809,0.1578135639429092,1,0.2404928207397461,512,3.4055216312408447,0.0351538173854351,7.327392101287842,12.414316177368164,set_-655815326461739895,candidate,C,south,102023482.0,21.105335114498544,2.870403905279027,0,0.0,0.0,0.0,0.0,0.0,83.12307990537728,0.831914472040812,data/raw/cutouts/-655815326461739895_VIS.fits,1.0
-655979174478463456,65.59791748342988,-47.8463456673131,1586,22.57246398925781,0.1793103516101837,1,0.4269907772541046,2,4.365070819854736,0.0333271883428096,12.79250144958496,0.1816592365503311,set_-656130209478570072,reference,unlabelled,south,,20.516052577878188,3.200303182981585,1,52.956925257820274,-0.1144614964021784,0.0404353358890183,0.1888512521570487,52.9569252578194,125.88489056298206,1.167410451674522,data/raw/cutouts/-655979174478463456_VIS.fits,0.7
-655997917470166469,65.59979173490409,-47.0166469697622,708,6.814595699310303,0.1613694280385971,1,0.3708124458789825,0,1.4168912172317505,0.0274752862751483,2.444538116455078,0.1281719207763672,set_-656234961470034471,reference,unlabelled,south,,21.81639976291409,2.850033257689769,1,75.1260935634619,-0.1195904562945813,-0.0347621062592122,0.1939586080959489,75.1260935634498,42.22978157721644,0.5921507627738175,data/raw/cutouts/-655997917470166469_VIS.fits,0.2
-656037339461863015,65.60373398752046,-46.18630156712821,874,13.143177032470703,0.1549164950847625,1,0.3691635727882385,514,2.821263551712036,0.0268291030079126,4.839847564697266,0.149502158164978,set_-655815326461739895,reference,unlabelled,south,,21.10324910579612,2.941511432634403,1,70.9013028746377,-0.0020860087024239,0.0711075273553762,0.1307651981607868,70.9013028746415,84.84039756566543,0.5859700629489087,data/raw/cutouts/-656037339461863015_VIS.fits,0.4
-656130209478570072,65.61302094240996,-47.85700724338475,1445,20.313949584960938,0.210994467139244,1,0.1347545981407165,0,4.475249767303467,0.0392351076006889,12.426380157470703,15.125351905822754,set_-656130209478570072,candidate,B,south,102021503.0,20.630514074280367,3.1598678470925665,0,0.0,0.0,0.0,0.0,0.0,96.277167171189,1.1088183927506612,data/raw/cutouts/-656130209478570072_VIS.fits,1.0
-656234961470034471,65.62349617150193,-47.00344717228117,767,6.103850841522217,0.1547879576683044,1,0.0347906574606895,0,1.4164608716964722,0.0244603753089904,5.010482311248779,0.1351459622383117,set_-656234961470034471,candidate,C,south,102022483.0,21.935990219208676,2.884795363948981,0,0.0,0.0,0.0,0.0,0.0,39.43362864572565,1.3716873779597938,data/raw/cutouts/-656234961470034471_VIS.fits,1.0
-656297783472009120,65.62977839291003,-47.200912050127286,1003,23.49274444580078,0.1377740055322647,1,0.0623384751379489,2,6.482265472412109,0.0352372489869594,16.2700138092041,0.2591375708580017,set_-656297783472009120,candidate,C,south,102022483.0,20.47266561386217,3.0013009330204183,0,0.0,0.0,0.0,0.0,0.0,170.51652345477547,0.9991527713548372,data/raw/cutouts/-656297783472009120_VIS.fits,1.0
-656435302464993005,65.643530243243,-46.49930059063509,932,9.44176197052002,0.1836895495653152,1,0.2109753638505935,0,1.6102674007415771,0.0274477340281009,6.666738510131836,0.1749507784843444,set_-656435302464993005,candidate,C,south,102022980.0,21.462367381132573,2.9694159123539814,0,0.0,0.0,0.0,0.0,0.0,51.40064850103395,1.5425385505272529,data/raw/cutouts/-656435302464993005_VIS.fits,0.7
-656447313471736679,65.64473138205095,-47.17366796101812,933,20.98640251159668,0.1454404890537262,1,0.465907335281372,0,5.673806667327881,0.037233866751194,13.418709754943848,0.2231563478708267,set_-656297783472009120,reference,unlabelled,south,,20.595155004456963,2.9698816437465,1,104.67948882005628,0.1224893905947972,-0.0314192892739182,0.2007810680289972,104.67948882003928,144.29546165678963,0.9345905648860966,data/raw/cutouts/-656447313471736679_VIS.fits,0.0
-656485099465184759,65.64850998102573,-46.51847595186791,1062,9.271700859069824,0.1743280440568924,1,0.2842553555965423,2,1.7804334163665771,0.0258424635976552,3.445617914199829,0.1812196373939514,set_-656435302464993005,reference,unlabelled,south,,21.48210147209536,3.0261245167454502,1,70.12524843822186,0.0197340909627889,0.0567086043914688,0.0889397005084674,70.12524843823282,53.18536618264346,0.7168534497382089,data/raw/cutouts/-656485099465184759_VIS.fits,0.2
-656528734469420550,65.65287344291791,-46.94205504656951,1889,37.22700881958008,0.2254160195589065,1,0.0933417677879333,0,7.978287220001221,0.0448884181678295,17.508710861206055,8.281187057495117,set_-656639117469132984,reference,unlabelled,south,,19.972854644569423,3.276231957921833,1,107.02143789514292,0.1086397735923938,-0.0084243248666822,0.142733841519048,107.02143789515192,165.1480178401952,0.853361259737784,data/raw/cutouts/-656528734469420550_VIS.fits,0.5
-656639117469132984,65.66391171200135,-46.91329849817024,1926,41.14471435546875,0.2109651267528534,1,0.0866033807396888,2,8.565450668334961,0.0417491421103477,19.980857849121094,0.2694449722766876,set_-656639117469132984,candidate,C,south,102022483.0,19.86421487097703,3.284656282788516,0,0.0,0.0,0.0,0.0,0.0,195.0308801685028,0.9196597798275408,data/raw/cutouts/-656639117469132984_VIS.fits,0.6
-656927956487358129,65.69279562136242,-48.73581293528533,4125,44.4783821105957,0.4060336053371429,1,0.2532886266708374,2,2.209472179412842,0.0290609318763017,3.207277774810791,0.1224761828780174,set_-657198541487371881,reference,unlabelled,south,,19.77962754621448,3.615423952885944,1,64.43499913912702,0.1069142035265358,0.0402361079582829,0.1710403561114324,64.43499913910273,109.54359817991876,0.4046200931857727,data/raw/cutouts/-656927956487358129_VIS.fits,0.4
-657077639473773937,65.70776392530527,-47.37739374699486,1081,17.63863182067871,0.1768113523721695,1,0.0833064168691635,0,4.108527183532715,0.0352441854774951,6.349517822265625,0.1737071722745895,set_-657083310473938689,reference,unlabelled,south,,20.78383776226416,3.03382569395331,1,59.32680682330789,-0.0389485215274589,0.0364393095559969,0.0530685465239364,59.326806823307685,99.75961149571,0.4726364544184963,data/raw/cutouts/-657077639473773937_VIS.fits,0.1
-657083310473938689,65.70833104539054,-47.39386894166438,994,17.01709747314453,0.1323792040348053,1,0.0854628756642341,0,4.739916324615479,0.0320465415716171,10.95404052734375,19.32456970214844,set_-657083310473938689,candidate,C,south,102021991.0,20.82278628379161,2.997386384397313,0,0.0,0.0,0.0,0.0,0.0,128.5481174873236,0.9095091709778552,data/raw/cutouts/-657083310473938689_VIS.fits,0.8
-657188562469373197,65.71885627586212,-46.937319754865065,1647,24.728103637695312,0.2276955395936966,1,0.3290016651153564,0,4.730107307434082,0.0364218913018703,8.206802368164062,0.1595837771892547,set_-657584203469449092,reference,unlabelled,south,,20.417022969434743,3.2166935991697545,1,101.00987378127694,-0.0247970536156643,0.0362809663314305,0.0484872903926823,101.00987378129496,108.60161635937408,0.5982574545670389,data/raw/cutouts/-657188562469373197_VIS.fits,0.0
-657198541487371881,65.71985412655512,-48.73718810552533,3760,49.08114242553711,0.3402825891971588,1,0.3720785677433014,2,3.6193792819976807,0.0328712947666645,12.591646194458008,0.1798224449157714,set_-657198541487371881,candidate,C,south,102021020.0,19.672713342687945,3.575187844927661,0,0.0,0.0,0.0,0.0,0.0,144.23641991597646,1.3536210402768656,data/raw/cutouts/-657198541487371881_VIS.fits,0.8
-657346894468774746,65.73468945551778,-46.87747460180939,1536,28.52461814880371,0.1842346936464309,1,0.0915157943964004,0,7.041445255279541,0.0413161776959896,20.906105041503903,0.2777759730815887,set_-657346894468774746,candidate,C,south,102022483.0,20.26195040162822,3.186391215695493,0,0.0,0.0,0.0,0.0,0.0,154.82761462694953,1.1815283025069006,data/raw/cutouts/-657346894468774746_VIS.fits,1.0
-657523772473850268,65.7523772317813,-47.38502683454049,1259,12.722987174987791,0.2480091750621795,1,0.2397425323724746,0,2.0114707946777344,0.0362226665019989,5.316970348358154,0.1374503821134567,set_-657665840474062003,reference,unlabelled,south,,21.13852727649369,3.100025730107862,1,83.71898033113015,0.0043496769757354,0.0385732510206695,0.0434165854709337,83.71898033113061,51.30046971769473,1.055376267717651,data/raw/cutouts/-657523772473850268_VIS.fits,0.0
-657584203469449092,65.75842037046594,-46.94490921493867,1515,24.169740676879883,0.2045898288488388,1,0.1334986537694931,2,4.712727546691895,0.0367124266922473,18.62383079528809,0.2127279192209243,set_-657584203469449092,candidate,A,south,102022484.0,20.441820023050408,3.180412632838324,0,0.0,0.0,0.0,0.0,0.0,118.13754776019532,1.491991710757797,data/raw/cutouts/-657584203469449092_VIS.fits,1.0
-657665840474062003,65.76658408711015,-47.40620039060318,1152,12.774060249328612,0.1730620712041854,1,0.1308459788560867,0,2.4805567264556885,0.0279722921550273,9.1535062789917,0.2059806585311889,set_-657665840474062003,candidate,C,south,102021991.0,21.134177599517955,3.061452479087193,0,0.0,0.0,0.0,0.0,0.0,73.81201531014428,1.4175958016599588,data/raw/cutouts/-657665840474062003_VIS.fits,1.0
-657682325462078275,65.76823250418582,-46.20782755880356,3624,73.95501708984375,0.2623078227043152,1,0.1912636160850525,512,15.687704086303713,0.0560801699757576,37.39347457885742,0.3249486684799194,set_-657682325462078275,candidate,C,south,102023482.0,19.2275808955969,3.559188189004776,0,0.0,0.0,0.0,0.0,0.0,281.9398076938371,0.9430910816787812,data/raw/cutouts/-657682325462078275_VIS.fits,0.5
-657711654461781997,65.77116543345689,-46.17819975964228,3582,82.18701934814453,0.2820830047130584,1,0.1955147087574005,514,12.941991806030272,0.0507461726665496,26.74949073791504,0.2363822758197784,set_-657682325462078275,reference,unlabelled,south,,19.112991924234954,3.554125581513013,1,106.91020919059775,-0.1145889713619467,-0.0050626074917627,0.1563358700523971,106.91020919058066,291.3575719733528,0.7882859943267072,data/raw/cutouts/-657711654461781997_VIS.fits,0.6
-657718213468728381,65.77182139903739,-46.8728381504141,1459,27.143823623657227,0.1877061277627945,1,0.3093654811382293,2,6.9806904792785645,0.0409516096115112,17.95262908935547,0.264325737953186,set_-657346894468774746,reference,unlabelled,south,,20.31582243832936,3.1640552918934515,1,92.89082896815016,0.05387203670114,-0.0223359238020415,0.0521166879976815,92.890828968142,144.60808470759707,1.0255741905500997,data/raw/cutouts/-657718213468728381_VIS.fits,0.6
-657807287463973070,65.78072871307502,-46.397307041785474,824,13.436997413635254,0.1363416016101837,1,0.1619357466697693,0,3.582427740097046,0.0332430154085159,10.453205108642578,0.1722479462623596,set_-657807287463973070,candidate,C,south,102022980.0,21.07924441607253,2.915927211697116,0,0.0,0.0,0.0,0.0,0.0,98.55390618083814,1.16268008219634,data/raw/cutouts/-657807287463973070_VIS.fits,1.0
-657809781463831086,65.78097811613101,-46.38310864181578,918,14.690715789794922,0.1203246787190437,1,0.0781414061784744,2,4.230630874633789,0.033639907836914,13.467891693115234,0.2092298716306686,set_-657807287463973070,reference,unlabelled,south,,20.98239260787208,2.9628426812012423,1,51.11799131076436,-0.0968518082004514,0.0469154695041265,0.161492053144062,51.11799131078328,122.09229184062498,1.2572362017353873,data/raw/cutouts/-657809781463831086_VIS.fits,0.9
-657880613470912284,65.78806138429616,-47.09122844149826,743,11.716912269592283,0.1343782693147659,1,0.4973217844963074,0,2.6846132278442383,0.0263564363121986,5.111231327056885,0.129483476281166,set_-658137941471103668,reference,unlabelled,south,,21.22796705461636,2.8709888137605755,1,93.39955362948166,0.0337259138286789,0.0052927538445048,0.0208174980517789,93.39955362947906,87.19350479315031,0.6991095280059949,data/raw/cutouts/-657880613470912284_VIS.fits,0.0
-658137941471103668,65.8137941834868,-47.110366801376266,734,12.086583137512209,0.1427736729383468,1,0.0522527731955051,0,3.585583209991455,0.0358836390078067,9.242756843566896,0.2129685580730438,set_-658137941471103668,candidate,C,south,102022484.0,21.19424114078768,2.8656960599160706,0,0.0,0.0,0.0,0.0,0.0,84.65554530303001,1.028104305782125,data/raw/cutouts/-658137941471103668_VIS.fits,0.9
-659782838469116815,65.97828383361673,-46.91168157624936,1076,22.83064079284668,0.139389768242836,1,0.0687309578061103,0,6.264122009277344,0.0350375920534133,10.584468841552734,0.1959113776683807,set_-659782838469116815,candidate,C,south,102022484.0,20.503704747238945,3.0318122713303706,0,0.0,0.0,0.0,0.0,0.0,163.7899329387835,0.5695221517259534,data/raw/cutouts/-659782838469116815_VIS.fits,0.7
-660125436469084116,66.01254363522372,-46.908411633662006,1027,21.932273864746094,0.1448033154010772,1,0.2502061724662781,0,5.293164253234863,0.0321573764085769,12.268943786621094,0.2043153643608093,set_-659782838469116815,reference,unlabelled,south,,20.54729084947488,3.0115704435972783,1,85.07434492310429,0.0435861022359311,-0.0202418277330922,0.0375567175934924,85.07434492309677,151.46251178018912,0.9127295143823948,data/raw/cutouts/-660125436469084116_VIS.fits,0.7
-660131273485570456,66.01312739673982,-48.55704567387903,1362,21.105619430541992,0.1784693598747253,1,0.2315287888050079,0,5.2773756980896,0.0387193337082862,19.88427925109864,0.266880065202713,set_-660381565485433257,reference,unlabelled,south,,20.58900474294609,3.1341771075767664,1,77.44181865374811,-0.217982525899,0.1689754065508544,1.246918658618251,77.4418186537536,118.2590638827688,1.4402296020434544,data/raw/cutouts/-660131273485570456_VIS.fits,0.5
-660381565485433257,66.03815659155667,-48.543325721627845,923,17.266530990600586,0.1526221930980682,1,0.1130122318863868,0,4.998669624328613,0.0413803644478321,14.021525382995604,0.1982562839984893,set_-660381565485433257,candidate,C,south,102021020.0,20.80698726884509,2.965201701025912,0,0.0,0.0,0.0,0.0,0.0,113.13250478261628,1.1198520712977893,data/raw/cutouts/-660381565485433257_VIS.fits,0.7
-661392526472722102,66.1392526655052,-47.272210283571525,1502,35.23795318603516,0.1599631458520889,1,0.113440990447998,0,8.690566062927246,0.0380526557564735,14.111065864562988,0.2124522775411605,set_-661549135472966876,reference,unlabelled,south,,20.032473314343687,3.17666993266815,1,96.06046989835004,-0.1856229140473146,0.0289936084270512,0.4117698828296354,96.06046989834412,220.2879481916303,0.5262793842132106,data/raw/cutouts/-661392526472722102_VIS.fits,0.3
-661549135472966876,66.15491359740564,-47.296687691276034,1405,29.700345993041992,0.1802061647176742,1,0.2591098248958587,2,7.06212329864502,0.0405818186700344,18.779525756835938,0.2125835567712783,set_-661549135472966876,candidate,C,south,102021991.0,20.218096228391,3.1476763242410986,0,0.0,0.0,0.0,0.0,0.0,164.8131518673237,1.0618733125947457,data/raw/cutouts/-661549135472966876_VIS.fits,0.8
-661690929474917491,66.16909295177935,-47.49174913453039,1162,16.28676414489746,0.1649417579174041,1,0.8599114418029785,0,2.547472715377808,0.0279113221913576,4.19403600692749,0.1266794949769973,set_-662073315474771640,reference,unlabelled,south,,20.87041298192516,3.065206128054312,1,106.82345673778336,0.0224980933555016,0.135787202340019,0.4763614630942154,106.8234567377687,98.742515846431,0.5413065336839993,data/raw/cutouts/-661690929474917491_VIS.fits,0.0
-661750177468544101,66.1750177581446,-46.85441015909213,755,9.030473709106444,0.1520332545042038,1,0.1373987197875976,0,2.0438740253448486,0.0282297041267156,4.083395004272461,0.1487413346767425,set_-661920743468579524,reference,unlabelled,south,,21.51072366855319,2.8779469516291885,1,43.88348405979121,0.0243580343622049,0.0176089450581948,0.0159952785843314,43.883484059790746,59.39801616794796,0.7514181716837421,data/raw/cutouts/-661750177468544101_VIS.fits,0.1
-661920743468579524,66.19207431374068,-46.85795246752215,725,9.235358238220217,0.1777949333190918,1,0.3076895475387573,0,1.982489824295044,0.0284681599587202,2.525178909301758,0.1247517019510269,set_-661920743468579524,candidate,C,south,102022484.0,21.486365634190985,2.8603380065709936,0,0.0,0.0,0.0,0.0,0.0,51.94387750997016,0.2627029663017583,data/raw/cutouts/-661920743468579524_VIS.fits,0.1
-661989377472752248,66.19893773443764,-47.27522483232579,722,9.034737586975098,0.1211000755429267,1,0.3995742201805115,2,2.107689380645752,0.0274566076695919,6.30148983001709,25.80655860900879,set_-661989377472752248,candidate,C,south,102021991.0,21.510211142396173,2.858537197569639,0,0.0,0.0,0.0,0.0,0.0,74.6055487287663,1.1890915807420628,data/raw/cutouts/-661989377472752248_VIS.fits,0.4
-662052079473020828,66.20520798771427,-47.30208289729659,720,8.996647834777832,0.1329808235168457,1,0.4223627150058746,0,2.1480209827423096,0.0262945182621479,5.111542701721191,0.1652854084968567,set_-661989377472752248,reference,unlabelled,south,,21.51479819808125,2.8573324964312685,1,97.89385003539446,0.0045870556850786,-0.0012047011383704,0.0084861268163891,97.89385003539184,67.65372327265034,0.9412836845486262,data/raw/cutouts/-662052079473020828_VIS.fits,0.1
-662073315474771640,66.2073315639063,-47.47716400241888,850,16.627771377563477,0.1331708282232284,1,0.5366412997245789,0,4.345818042755127,0.0317029990255832,,,set_-662073315474771640,candidate,C,south,102021991.0,20.84791488856965,2.929418925714293,0,0.0,0.0,0.0,0.0,0.0,124.86046380736684,,data/raw/cutouts/-662073315474771640_VIS.fits,0.2
-662347357481185055,66.23473578844464,-48.11850552160039,998,17.68886947631836,0.1548631191253662,1,0.7610192894935608,0,3.622642755508423,0.031125433743,10.829737663269045,0.1758738309144973,set_-662712270481103209,reference,unlabelled,south,,20.780749806629863,2.999130541287371,1,92.524430158915,-0.044460281341216,0.0320508071428737,0.0549843545325085,92.52443015893158,114.22260881881569,1.1889810700763046,data/raw/cutouts/-662347357481185055_VIS.fits,0.0
-662712270481103209,66.27122706233946,-48.11032099825124,927,16.979150772094727,0.1326043158769607,1,0.2210319936275482,0,4.9836602210998535,0.0340954326093196,10.48086166381836,0.2089008837938308,set_-662712270481103209,candidate,C,south,102021504.0,20.82521008797108,2.967079734144497,0,0.0,0.0,0.0,0.0,0.0,128.04372662990198,0.8071214093024319,data/raw/cutouts/-662712270481103209_VIS.fits,0.8
-662897886470470120,66.28978862791476,-47.0470120424856,1751,31.365842819213867,0.2475999742746353,1,0.0493750683963298,0,5.3203959465026855,0.0381100364029407,14.071995735168455,1.708773136138916,set_-663108979470352507,reference,unlabelled,south,,20.15885759553453,3.243286146083446,1,66.8930962632977,-0.2317197761009772,0.0501615477289845,0.6633414511314387,66.89309626330135,126.67950758517932,1.0560293522962825,data/raw/cutouts/-662897886470470120_VIS.fits,0.2
-663108979470352507,66.31089799407947,-47.03525077703254,1560,25.33780860900879,0.1549103707075119,1,0.1498404890298843,2,6.447179794311523,0.0360706485807895,19.304412841796875,0.2571279406547546,set_-663108979470352507,candidate,C,south,102022484.0,20.39057737163551,3.1931245983544616,0,0.0,0.0,0.0,0.0,0.0,163.56431459872627,1.1907170377408638,data/raw/cutouts/-663108979470352507_VIS.fits,0.8
-664002247481432783,66.40022471252644,-48.14327838356011,720,10.36732292175293,0.1286045610904693,1,0.0696683079004287,0,2.935426712036133,0.0297456327825784,7.439576625823975,0.1775576323270797,set_-664221586481478879,reference,unlabelled,south,,21.36083343458368,2.8573324964312685,1,55.2382647833197,0.0372163086406232,-0.0089548426529262,0.0200101836422272,55.238264783316815,80.61395983039701,1.009692448289997,data/raw/cutouts/-664002247481432783_VIS.fits,0.4
-664037475481118011,66.40374759211649,-48.11180116354039,1703,21.66918563842773,0.2209674715995788,1,0.0421898253262043,0,3.584273099899292,0.0369240865111351,13.434816360473633,0.1966662257909774,set_-664151473481313012,reference,unlabelled,south,,20.560393524582643,3.231214647962601,1,75.35664781357417,-0.2386172728099183,-0.059265165368072,0.7253241994733776,75.35664781356398,98.06504768129426,1.434576604026077,data/raw/cutouts/-664037475481118011_VIS.fits,0.4
-664151473481313012,66.41514731280975,-48.1313012839126,1952,17.393848419189453,0.2254924327135086,1,0.4222990274429321,2,1.560531735420227,0.027569418773055,7.033984661102295,0.1560548543930053,set_-664151473481313012,candidate,A,south,102021504.0,20.79901079739256,3.290479813330673,0,0.0,0.0,0.0,0.0,0.0,77.13717134485213,1.6348220297370852,data/raw/cutouts/-664151473481313012_VIS.fits,0.8
-664221586481478879,66.42215866257172,-48.14788790927794,735,10.728849411010742,0.1346406489610672,1,0.1759349554777145,2,2.6426219940185547,0.0293207373470067,9.304669380187988,0.2039874792098999,set_-664221586481478879,candidate,C,south,102021504.0,21.32361712594306,2.8662873390841948,0,0.0,0.0,0.0,0.0,0.0,79.68506906196735,1.36666475219977,data/raw/cutouts/-664221586481478879_VIS.fits,1.0
-665084279468535340,66.50842796432661,-46.853534010219576,1665,25.74213600158692,0.1922487169504165,1,0.3647715151309967,0,5.543521881103516,0.0327657610177993,16.332534790039062,6.648798942565918,set_-665413390468534815,reference,unlabelled,south,,20.373388548861268,3.2214142378423385,1,81.024594605817,-0.0137124201657847,-0.0683976012752829,0.1246734403503113,81.02459460581468,133.90017062234102,1.1731695646588496,data/raw/cutouts/-665084279468535340_VIS.fits,0.7
-665413390468534815,66.54133904579673,-46.85348150024468,1949,25.4190673828125,0.2067804634571075,1,0.2630012631416321,0,5.283728122711182,0.0328204929828643,12.917184829711914,0.2169006615877151,set_-665413390468534815,candidate,C,south,102022485.0,20.387100969027053,3.289811839117621,0,0.0,0.0,0.0,0.0,0.0,122.9277996472098,0.9705685280536768,data/raw/cutouts/-665413390468534815_VIS.fits,0.9
-666590044468268678,66.65900449108787,-46.82686786112498,2471,31.386863708496094,0.2523234188556671,1,0.2901005148887634,0,5.437400817871094,0.0364247895777225,18.72951316833496,0.3059203326702118,set_-666590044468268678,candidate,C,south,102022485.0,20.158130196106956,3.3928727454020797,0,0.0,0.0,0.0,0.0,0.0,124.3914015228601,1.342837852056006,data/raw/cutouts/-666590044468268678_VIS.fits,0.7
-666807231481227569,66.6807231770338,-48.12275695095177,841,10.1405668258667,0.1523414105176925,1,0.4472334086894989,0,2.351595401763916,0.0302161928266286,5.827685356140137,0.1793026477098465,set_-666846889481107505,reference,unlabelled,south,,21.38484442156343,2.924795995797912,1,44.26143600313406,0.1190854597346273,0.0579181814604132,0.2431130035122581,44.26143600312806,66.5647429113767,0.9853337333216448,data/raw/cutouts/-666807231481227569_VIS.fits,0.1
-666824819468391167,66.68248191948804,-46.839116749283896,2530,32.02900314331055,0.2558113634586334,1,0.722152829170227,2,3.386039972305298,0.030099892988801,6.558417320251465,0.1812948286533355,set_-666590044468268678,reference,unlabelled,south,,20.136141444793505,3.403120521175818,1,72.71720053407681,-0.0219887513134509,0.0102477757737386,0.0125311312488406,72.71720053407144,125.20555267862396,0.717767418119642,data/raw/cutouts/-666824819468391167_VIS.fits,0.1
-666846889481107505,66.6846889176653,-48.11075055876625,736,11.31609058380127,0.174256145954132,1,0.1420208066701889,2,2.837369680404663,0.0357045270502567,9.495102882385254,0.1859036237001419,set_-666846889481107505,candidate,A,south,102021504.0,21.2657589618288,2.866877814337499,0,0.0,0.0,0.0,0.0,0.0,64.93940584901901,1.311459377946826,data/raw/cutouts/-666846889481107505_VIS.fits,1.0
-667898238465985233,66.78982387904301,-46.59852339497197,928,15.012947082519531,0.2076076418161392,1,0.1283964663743972,2,3.11898136138916,0.0419090762734413,3.750929117202759,30.432880401611328,set_-667898238465985233,candidate,C,south,102022982.0,20.958835115487155,2.967547976218862,0,0.0,0.0,0.0,0.0,0.0,72.31403888212964,0.2003151942828895,data/raw/cutouts/-667898238465985233_VIS.fits,1.0
-667954670479292514,66.79546707520412,-47.92925147815606,2899,55.61347579956055,0.2746213674545288,1,0.3339155614376068,2,7.6353936195373535,0.0474634394049644,22.169172286987305,0.3080768585205078,set_-667954670479292514,candidate,B,south,102021504.0,19.537049902507512,3.4622482153549976,0,0.0,0.0,0.0,0.0,0.0,202.5096456078528,1.1572951195034518,data/raw/cutouts/-667954670479292514_VIS.fits,0.8
-668199564465774624,66.81995642972247,-46.57746240278321,781,15.092544555664062,0.4414001405239105,1,0.4263286292552948,2,2.0268313884735107,108.47669219970705,1.7931644916534424,30.408411026000977,set_-667898238465985233,reference,unlabelled,south,,20.953093833410342,2.8926510338773004,1,106.33101477089856,-0.0057412820768121,-0.0748969423415615,0.1502983640901958,106.33101477091346,34.19243260265003,-0.1329937275169276,data/raw/cutouts/-668199564465774624_VIS.fits,0.1
-668251180479148439,66.82511805492113,-47.91484394197862,1908,45.32953643798828,0.1872710883617401,1,0.2190333157777786,2,10.756949424743652,0.042780827730894,26.903377532958984,0.3190318346023559,set_-667954670479292514,reference,unlabelled,south,,19.759046805566005,3.2805783703680764,1,88.3583641528486,0.2219969030584927,-0.1816698449869211,1.379376452381145,88.3583641528591,242.0530410461864,0.9952941983945264,data/raw/cutouts/-668251180479148439_VIS.fits,0.5
2625065502659556125,262.50655024434434,65.9556125442265,2557,43.99237060546875,0.2107087969779968,1,0.4677700400352478,0,9.120389938354492,0.0430570729076862,23.56220054626465,0.3046727180480957,set_2625065502659556125,candidate,C,north,102159186.0,19.791556586696053,3.407730728026336,0,0.0,0.0,0.0,0.0,0.0,208.78279045019008,1.0305061032627705,data/raw/cutouts/2625065502659556125_VIS.fits,0.9
2625101097659335232,262.5101097576439,65.93352323598896,2812,36.717403411865234,0.5446443557739258,1,0.9822567701339722,258,0.3254130482673645,0.0215182546526193,0.9401574730873108,0.1000345349311828,set_2625065502659556125,reference,unlabelled,north,,19.98782009725621,3.4490153163477864,1,79.69287201439924,0.1962635105601577,0.0412845883214507,0.4760483009632276,79.69287201440679,67.41537486364058,1.1519140985053158,data/raw/cutouts/2625101097659335232_VIS.fits,0.3
2627329913661096998,262.7329913400828,66.10969980963885,1045,13.766501426696776,0.1692188382148742,1,0.1250012516975402,0,2.569615840911865,0.0307368896901607,10.497811317443848,0.190138503909111,set_2627329913661096998,candidate,C,north,102159186.0,21.052941039723127,3.019116290447073,0,0.0,0.0,0.0,0.0,0.0,81.35324395275697,1.5280764045055193,data/raw/cutouts/2627329913661096998_VIS.fits,0.9
2627440795661167746,262.7440795456488,66.11677460293706,1098,14.078986167907717,0.1492195725440979,1,0.4219706654548645,0,2.75231671333313,0.0261938106268644,5.370361328125,0.1266058683395385,set_2627329913661096998,reference,unlabelled,north,,21.028571544365448,3.040602340114073,1,30.165413667012512,-0.0243694953576785,0.0214860496670001,0.0189199767427326,30.16541366699744,94.3508008223723,0.7257627486646909,data/raw/cutouts/2627440795661167746_VIS.fits,0.1
2630694967656593683,263.0694967925958,65.6593683690869,818,10.49875545501709,0.1147576346993446,1,0.0454032607376575,0,2.8353517055511475,0.0265841800719499,8.6387300491333,0.1897623389959335,set_2630694967656593683,candidate,C,north,102158885.0,21.347155450194972,2.912753303671323,0,0.0,0.0,0.0,0.0,0.0,91.48633537561967,1.2096074130634658,data/raw/cutouts/2630694967656593683_VIS.fits,0.8
2631371367656511691,263.1371367432424,65.65116916485567,886,10.302660942077637,0.1612232327461242,1,0.4793674945831299,0,2.1294734477996826,0.0296591557562351,3.281100273132324,0.11200962215662,set_2630694967656593683,reference,unlabelled,north,,21.367626481146925,2.9474337218870508,1,104.62845490935094,0.0204710309519491,0.0346804182157276,0.0441099273881914,104.6284549093088,63.90307877215861,0.4693681842985052,data/raw/cutouts/2631371367656511691_VIS.fits,0.0
2631539923660270160,263.15399230504204,66.02701601972501,979,9.37173557281494,0.180331215262413,1,0.0501008406281471,0,1.3856855630874634,0.0240638740360736,4.489889621734619,0.1185309290885925,set_2631794504660304436,reference,unlabelled,north,,21.47044993422723,2.9907826918031377,1,39.226455692071966,-0.0291281182806919,-0.0035344608664988,0.0110587022339738,39.22645569208802,51.96956921283677,1.2764274307669088,data/raw/cutouts/2631539923660270160_VIS.fits,0.1
2631794504660304436,263.17945044356406,66.0304436122694,987,9.123653411865234,0.1657824218273162,1,0.0585525967180728,0,1.4453750848770142,0.0252546705305576,6.50364351272583,0.1386039406061172,set_2631794504660304436,candidate,A,north,102159186.0,21.49957805250792,2.9943171526696366,0,0.0,0.0,0.0,0.0,0.0,55.03390112957028,1.6329404097407838,data/raw/cutouts/2631794504660304436_VIS.fits,1.0
2631975188656022964,263.19751881131816,65.60229648001264,1769,23.09034538269043,0.2158811241388321,1,0.4644548296928406,2,2.934652328491211,0.0284172482788562,11.677159309387209,0.1745175421237945,set_2631975188656022964,candidate,B,north,102158885.0,20.491423927270205,3.2477278329097232,0,0.0,0.0,0.0,0.0,0.0,106.95861194349322,1.4994513699172822,data/raw/cutouts/2631975188656022964_VIS.fits,0.6
2632352774662648871,263.2352774589356,66.26488714815694,913,17.165124893188477,0.1648698449134826,1,0.5100898146629333,0,3.551320075988769,0.0328080505132675,7.568432807922363,0.1440432667732238,set_2632387939662408264,reference,unlabelled,north,,20.81338258076667,2.960470777534299,1,86.7684979584861,-0.2664876559318294,-0.0729529779526507,0.928571142002168,86.76849795848302,104.1131863876992,0.8215403579063656,data/raw/cutouts/2632352774662648871_VIS.fits,0.0
2632387939662408264,263.23879390157254,66.24082642257652,1080,13.429254531860352,0.1423459947109222,1,0.1320819705724716,0,2.836960554122925,0.0271207876503467,8.77891731262207,0.1943219453096389,set_2632387939662408264,candidate,A,north,102159186.0,21.0798702366985,3.03342375548695,0,0.0,0.0,0.0,0.0,0.0,94.34234211600142,1.226469152994484,data/raw/cutouts/2632387939662408264_VIS.fits,1.0
2632486223655854676,263.2486223586359,65.58546769390374,1201,21.287498474121094,0.1971120238304138,1,0.190395325422287,2,4.104978561401367,0.0369738601148128,6.56538724899292,0.136750042438507,set_2631975188656022964,reference,unlabelled,north,,20.579688425398466,3.079543007402906,1,97.20642792479104,0.0882644981282609,-0.1681848255068172,0.8018169221788949,76.15196283197155,107.99695554055032,0.5098736350828907,data/raw/cutouts/2632486223655854676_VIS.fits,0.7
2635015997663541826,263.5015997063456,66.35418264265631,9016,116.30078125,0.3990699052810669,1,0.0214895233511924,2,10.089259147644045,0.0391529202461242,19.04979705810547,0.2138708531856537,set_2635212626663669301,reference,unlabelled,north,,18.736043419726077,3.95501390303805,1,53.95958148529361,-0.12588308003075,0.0403534724488285,0.219279103390582,53.95958148528524,291.4295959453239,0.6900776903729234,data/raw/cutouts/2635015997663541826_VIS.fits,0.0
2635212626663669301,263.5212626724271,66.36693014159633,8216,103.56890869140624,0.4891786277294159,1,0.446529746055603,2,3.749455451965332,0.0297833755612373,11.804896354675291,0.2014123946428299,set_2635212626663669301,candidate,A,north,102159481.0,18.861926499756823,3.9146604305892216,0,0.0,0.0,0.0,0.0,0.0,211.72001968306407,1.245234950901528,data/raw/cutouts/2635212626663669301_VIS.fits,0.8
2635212763661578121,263.5212763727511,66.15781217948697,1359,24.228384017944336,0.163120225071907,1,0.1132263615727424,2,4.818120002746582,0.0366756469011306,12.569256782531738,0.186972439289093,set_2635212763661578121,candidate,C,north,102159187.0,20.43918887855365,3.1332194567324945,0,0.0,0.0,0.0,0.0,0.0,148.53083979784807,1.0410799653274256,data/raw/cutouts/2635212763661578121_VIS.fits,1.0
2635672550665304144,263.5672550784736,66.53041448208228,1730,19.406681060791016,0.1886138617992401,1,0.1748803555965423,0,3.638091802597046,0.0296000186353921,11.122377395629885,0.2680907249450683,set_2635672550665304144,candidate,C,north,102159481.0,20.68012182874076,3.2380461031287955,0,0.0,0.0,0.0,0.0,0.0,102.89106471637496,1.2133099334814474,data/raw/cutouts/2635672550665304144_VIS.fits,0.9
2635693828665405888,263.56938289026374,66.54058884337311,1621,23.097043991088867,0.2303808331489563,1,0.4522247910499573,0,3.490751504898072,0.0338510200381279,10.867897033691406,0.2010907977819442,set_2635672550665304144,reference,unlabelled,north,,20.491108996211786,3.209783014848515,1,36.754477904256994,-0.1890128325289772,-0.0282630882802803,0.418082124280036,36.75447790424921,100.25592700307284,1.2330664529616555,data/raw/cutouts/2635693828665405888_VIS.fits,0.0
2635797012661738199,263.5797012118411,66.17381996636746,1016,25.08925437927246,0.1057795658707618,1,0.0872303023934364,2,7.695802211761475,0.0376416146755218,23.45863151550293,0.3144450187683105,set_2635212763661578121,reference,unlabelled,north,,20.401280612933007,3.006893707947901,1,102.68724974194063,-0.037908265620647,-0.1263257487845939,0.4239622995274697,102.68724974199633,237.1843197950513,1.2101219400581755,data/raw/cutouts/2635797012661738199_VIS.fits,0.9
2636269420663430221,263.62694203151017,66.34302212842228,1244,12.45863151550293,0.1667358875274658,1,0.17692631483078,0,2.141793727874756,0.024723146110773,3.5539655685424805,0.1099590882658958,set_2636582462663202718,reference,unlabelled,north,,21.16132414738343,3.0948203803548,1,93.56534075118432,-0.1158827696090973,0.1603219291112321,0.7992926433083537,93.56534075120084,74.72075568285001,0.5498389338536821,data/raw/cutouts/2636269420663430221_VIS.fits,0.1
2636582462663202718,263.658246275695,66.32027187335544,860,11.19740104675293,0.1249786242842674,1,0.1461236178874969,0,2.568676471710205,0.0261705853044986,10.451665878295898,0.2114045172929763,set_2636582462663202718,candidate,C,north,102159481.0,21.27720691699253,2.934498451243568,0,0.0,0.0,0.0,0.0,0.0,89.59452955158257,1.5236902747543415,data/raw/cutouts/2636582462663202718_VIS.fits,0.8
2637598807657587998,263.7598807612108,65.75879984656575,885,6.913833618164063,0.1807399094104766,1,0.0984255596995353,0,1.3812265396118164,0.0278351884335279,5.317422389984131,0.1632758527994156,set_2637598807657587998,candidate,C,north,102159187.0,21.800702689978923,2.9469432706978256,0,0.0,0.0,0.0,0.0,0.0,38.25294391656535,1.4635906134767045,data/raw/cutouts/2637598807657587998_VIS.fits,1.0
2637719109657643684,263.7719109873884,65.7643684830926,775,7.568327903747559,0.1290182918310165,1,0.4506483078002929,0,1.821009635925293,0.0245379488915205,4.195926666259766,0.1525803357362747,set_2637598807657587998,reference,unlabelled,north,,21.702500150123225,2.88930170250631,1,26.795630752538525,-0.0982025398556984,-0.0576415681915154,0.1908319875708175,26.795630752534134,58.660890609684095,0.9062891134549868,data/raw/cutouts/2637719109657643684_VIS.fits,0.1
2639149519659975504,263.9149519367923,65.99755048497047,1787,21.362548828125,0.1717370152473449,1,0.1999755948781967,2,3.0945611000061035,0.0236160643398761,4.582153797149658,0.1394404768943786,set_2639230520659765010,reference,unlabelled,north,,20.575867329020788,3.252124552505644,1,76.7015266806441,0.1207731377518435,-0.0606872737064438,0.2591858027543476,76.70152668065168,124.391056857239,0.4261764998999143,data/raw/cutouts/2639149519659975504_VIS.fits,0.7
2639230520659765010,263.92305205053293,65.9765010372005,2055,23.87604141235352,0.1943089067935943,1,0.1002057939767837,2,3.60012149810791,0.0282376836985349,13.873767852783203,0.2242725938558578,set_2639230520659765010,candidate,A,north,102159187.0,20.455094191268945,3.312811826212088,0,0.0,0.0,0.0,0.0,0.0,122.87672143467913,1.4646931638095335,data/raw/cutouts/2639230520659765010_VIS.fits,0.9
2640522692659514343,264.05226926906533,65.95143431504884,2306,37.89302444458008,0.1905295699834823,1,0.2608582675457001,0,6.762277603149414,0.0337124913930892,19.11338806152344,0.2539239227771759,set_2640522692659514343,candidate,C,north,102159187.0,19.95360182495109,3.36285930295868,0,0.0,0.0,0.0,0.0,0.0,198.8826429822161,1.1281117052352791,data/raw/cutouts/2640522692659514343_VIS.fits,0.7
2640858251659494788,264.0858251365603,65.9494788893371,2153,35.47228240966797,0.1970720589160919,1,0.0466588623821735,0,5.423232555389404,0.0286781378090381,9.620272636413574,0.1801198273897171,set_2640522692659514343,reference,unlabelled,north,,20.025277166539784,3.333044029823488,1,49.73040748325594,0.0716753415886977,-0.0298152731351928,0.0814257766396686,49.730407483261935,179.9965079005499,0.6223228801638351,data/raw/cutouts/2640858251659494788_VIS.fits,0.0
2641025749667639037,264.1025749247254,66.76390379553081,965,12.176271438598633,0.1532794833183288,1,0.3576229214668274,0,1.7478017807006836,0.0240204092115163,4.567121505737305,0.1578301638364792,set_2641112805667380583,reference,unlabelled,north,,21.18621419747277,2.9845273133437926,1,93.86232325657788,-0.0056745537650968,-0.0456674720129584,0.0600490053771589,93.86232325656935,79.43836431984255,1.0428759711100608,data/raw/cutouts/2641025749667639037_VIS.fits,0.0
2641112805667380583,264.1112805902549,66.738058374639,1072,12.112798690795898,0.1465607732534408,1,0.1586311310529709,0,2.7901599407196045,0.0278993621468544,10.043519973754885,0.1680082976818084,set_2641112805667380583,candidate,C,north,102159482.0,21.191888751237865,3.030194785356751,0,0.0,0.0,0.0,0.0,0.0,82.64693493292228,1.3906421212175395,data/raw/cutouts/2641112805667380583_VIS.fits,1.0
2641285456674906326,264.12854564590003,67.49063264368857,1714,25.94169235229492,0.1537120193243026,1,0.1599728167057037,2,6.113379955291748,0.0342339277267456,18.01272964477539,0.2134015262126922,set_2641285456674906326,candidate,C,north,102160054.0,20.365004238393077,3.23401081758718,0,0.0,0.0,0.0,0.0,0.0,168.76814491365812,1.1732453550968065,data/raw/cutouts/2641285456674906326_VIS.fits,1.0
2641324179668845569,264.1324179740579,66.88455695755152,703,7.603823661804199,0.1704493910074234,1,0.3786863088607788,0,1.3922157287597656,0.0286579579114913,4.948707103729248,0.175778791308403,set_2641324179668845569,candidate,C,north,102159771.0,21.69741990823604,2.846955325019824,0,0.0,0.0,0.0,0.0,0.0,44.6104478101247,1.3769630356935163,data/raw/cutouts/2641324179668845569_VIS.fits,1.0
2641604359668836256,264.16043592117046,66.88362566834083,732,7.61643648147583,0.1224376037716865,1,0.4032691717147827,0,1.7383249998092651,0.0234680753201246,3.5057029724121094,0.1367997676134109,set_2641324179668845569,reference,unlabelled,north,,21.69562043858606,2.864511081058392,1,39.74036173827066,-0.0017994696499741,0.0175557560385679,0.0090950851118163,39.74036173821171,62.20667708981348,0.761610352049203,data/raw/cutouts/2641604359668836256_VIS.fits,0.0
2641620567675059067,264.16205670168034,67.5059067169559,1206,23.553253173828125,0.154611587524414,1,0.3891634047031402,0,5.857924461364746,0.0384619161486625,12.942537307739258,0.2238398641347885,set_2641285456674906326,reference,unlabelled,north,,20.46987274916496,3.0813473078041325,1,71.7998748525823,0.1048685107718832,-0.1526635097830468,0.7092668363602617,71.79987485261705,152.3382144311075,0.8606891460910544,data/raw/cutouts/2641620567675059067_VIS.fits,0.0
2643073721671053537,264.3073721070583,67.10535370647938,4104,54.01702117919922,0.2545754611492157,1,0.0776598900556564,0,8.42409610748291,0.0382212847471237,24.392621994018555,0.2949081063270569,set_2643073721671053537,candidate,B,north,102159771.0,19.568673422692157,3.61320735210376,0,0.0,0.0,0.0,0.0,0.0,212.1847130723174,1.1543379319372145,data/raw/cutouts/2643073721671053537_VIS.fits,1.0
2643267213671024804,264.3267213880469,67.1024804188799,4703,53.5053596496582,0.5823063254356384,1,0.5085388422012329,0,0.2344877570867538,0.0212909523397684,0.0617560371756553,0.1121335849165916,set_2643073721671053537,reference,unlabelled,north,,19.579006780942905,3.6723749787460793,1,29.007896354305597,0.0103333582507509,0.0591676266423193,0.089428041189687,29.007896354340133,91.88524546703051,-1.4486018814698434,data/raw/cutouts/2643267213671024804_VIS.fits,0.0
2644891353672039967,264.4891353251034,67.20399670764466,1188,18.56709671020508,0.156731829047203,1,0.5695852637290955,0,4.017493724822998,0.0299123097211122,12.7706937789917,0.210023432970047,set_2645005552671976577,reference,unlabelled,north,,20.72814000119345,3.074816440645175,1,27.830891899734237,0.1244743780021515,-0.0186052445170603,0.1814720569637185,27.830891899725973,118.46411046867334,1.2556482106098377,data/raw/cutouts/2644891353672039967_VIS.fits,0.0
2644968591656017537,264.4968591747614,65.60175371244641,1040,8.802513122558594,0.2202586978673935,1,0.1374528259038925,258,1.0514310598373413,0.027200911194086,2.849292516708374,0.1166166812181472,set_2645433309656170404,reference,unlabelled,north,,21.538483297055823,3.0170333392987803,1,88.32621521525348,-0.186779225991561,0.0088591552923538,0.3962782093736142,88.3262152152225,39.9644291362248,1.08239058826751,data/raw/cutouts/2644968591656017537_VIS.fits,0.8
2645005552671976577,264.5005552752031,67.19765774687613,1240,20.82254219055176,0.1508786529302597,1,0.119087241590023,0,4.420760154724121,0.0298928655683994,7.727526664733887,0.1642897129058838,set_2645005552671976577,candidate,C,north,102159771.0,20.603665623191297,3.093421685162235,0,0.0,0.0,0.0,0.0,0.0,138.00853723274238,0.6063588978066147,data/raw/cutouts/2645005552671976577_VIS.fits,1.0
2645170704668871412,264.51707042557234,66.88714127253019,1211,21.43432235717773,0.1802024990320205,1,0.3271613121032715,0,4.803489208221436,0.0379687882959842,7.612426280975342,0.1806638538837433,set_2645195528669074866,reference,unlabelled,north,,20.5722256052248,3.0831441431430524,1,73.32739776999568,0.1128130850735402,-0.0127223103354903,0.1500650626572714,73.32739776999753,118.94575531590728,0.4999157015193936,data/raw/cutouts/2645170704668871412_VIS.fits,0.2
2645195528669074866,264.5195528461879,66.90748669071384,1247,23.78126716613769,0.1301411539316177,1,0.0368146002292633,2,6.967446804046631,0.037957064807415,14.207385063171388,0.2109690755605697,set_2645195528669074866,candidate,B,north,102159771.0,20.45941252015126,3.0958664534785427,0,0.0,0.0,0.0,0.0,0.0,182.7344114270993,0.7736012243141404,data/raw/cutouts/2645195528669074866_VIS.fits,1.0
2645426870662319970,264.542687048907,66.23199703731409,2091,36.61808395385742,0.1833209246397018,1,0.3422818779945373,2,6.275609970092773,0.038454171270132,20.78361701965332,0.2116424143314361,set_2645580164662468179,reference,unlabelled,north,,19.99076095989172,3.320354032817672,1,57.80318146190653,-0.0904727880310218,-0.160514890869496,0.7379383616260374,57.80318146190431,199.74852312045917,1.3001629668628525,data/raw/cutouts/2645426870662319970_VIS.fits,0.7
2645433309656170404,264.5433309754188,65.61704042999969,1019,7.411310195922852,0.1533349752426147,1,0.2031591981649398,2,1.5784374475479126,0.0240349601954221,5.546676158905029,0.1594127863645553,set_2645433309656170404,candidate,C,north,102158887.0,21.725262523047384,3.0081741840064264,0,0.0,0.0,0.0,0.0,0.0,48.33411414581889,1.3645135867492797,data/raw/cutouts/2645433309656170404_VIS.fits,0.6
2645580164662468179,264.55801641779,66.24681799395167,3026,33.690425872802734,0.2660119831562042,1,0.311652809381485,0,4.843444347381592,0.0318045653402805,18.9819564819336,0.2379523366689682,set_2645580164662468179,candidate,B,north,102159187.0,20.081233747922735,3.480868923687168,0,0.0,0.0,0.0,0.0,0.0,126.65003084849552,1.482966648673065,data/raw/cutouts/2645580164662468179_VIS.fits,1.0
2646461630654930628,264.64616303287295,65.49306284930077,3639,56.260986328125,0.2374953776597976,1,0.1817874014377594,2,10.094295501708984,0.0399305708706378,30.00202369689941,0.2651835083961487,set_2646461630654930628,candidate,A,north,102158887.0,19.524481645895087,3.5609820555862357,0,0.0,0.0,0.0,0.0,0.0,236.89297401281027,1.1826863389208937,data/raw/cutouts/2646461630654930628_VIS.fits,0.9
2646652043654908900,264.66520438850506,65.4908900720245,3252,44.17465972900391,0.2803378701210022,1,0.2614637911319732,0,7.794543266296387,0.0433833487331867,22.201845169067383,0.2461176663637161,set_2646461630654930628,reference,unlabelled,north,,19.78706696778928,3.5121505369220305,1,29.49170844347359,0.2625853218941891,-0.0488315186642047,0.8264814020682881,29.491708443461043,157.57649763814217,1.1364959938968364,data/raw/cutouts/2646652043654908900_VIS.fits,0.2
2646891602674889078,264.68916020657315,67.48890780057275,1204,18.570575714111328,0.1447881311178207,1,0.1425066888332367,2,4.369322776794434,0.0314008817076683,10.920450210571287,0.1732713282108307,set_2646891602674889078,candidate,B,north,102160055.0,20.727936580770898,3.0806264869218056,0,0.0,0.0,0.0,0.0,0.0,128.26034544916948,0.9945660360341874,data/raw/cutouts/2646891602674889078_VIS.fits,0.9
2647098165675143028,264.7098165019773,67.51430284788763,1323,19.45099639892578,0.1644942760467529,1,0.1585820615291595,0,3.663611650466919,0.028865274041891,8.245342254638672,0.1514722853899002,set_2646891602674889078,reference,unlabelled,north,,20.67764536637634,3.1215598441875008,1,95.74823612529865,-0.0502912143945586,0.0409333572656951,0.0778506313374866,95.74823612530996,118.2472537427222,0.8807481399769863,data/raw/cutouts/2647098165675143028_VIS.fits,0.5
2647534241661308379,264.75342411318275,66.13083796284693,5769,85.9683609008789,0.3694545030593872,1,0.4775069952011108,2,12.134381294250488,0.0506318807601928,34.82033157348633,0.272516131401062,set_2647534241661308379,candidate,C,north,102159188.0,19.06415338393631,3.7611005389581424,0,0.0,0.0,0.0,0.0,0.0,232.68997992713625,1.1445381620781832,data/raw/cutouts/2647534241661308379_VIS.fits,0.6
2647991656657708375,264.7991656045758,65.77083755546126,828,12.840800285339355,0.1171430349349975,1,0.7084605097770691,0,3.036818027496338,0.0282890610396862,4.941149711608887,0.1284848302602768,set_2648129644657905590,reference,unlabelled,north,,21.12851977153317,2.9180303367848803,1,73.86399690050646,-0.0374223914400282,0.0193051551953868,0.0295551648801556,73.86399690050104,109.61642143269292,0.5285231097253636,data/raw/cutouts/2647991656657708375_VIS.fits,0.0
2648060204661265640,264.80602041074627,66.12656400513116,5497,106.9126205444336,0.3250254690647125,1,0.316466361284256,2,10.681696891784668,0.0401090495288372,23.178503036499023,0.2206851094961166,set_2647534241661308379,reference,unlabelled,north,,18.82742756323418,3.7401257369657306,1,78.15498213532936,-0.2367258207021301,-0.0209748019924118,0.6388921803055012,78.15498213526425,328.9361318424782,0.8411128347790547,data/raw/cutouts/2648060204661265640_VIS.fits,0.1
2648129644657905590,264.8129644650276,65.79055900398791,792,12.405753135681152,0.133856862783432,1,0.0782500281929969,0,3.599537372589112,0.0375614091753959,9.498371124267578,0.3161732256412506,set_2648129644657905590,candidate,C,north,102159188.0,21.1659421629732,2.898725181589493,0,0.0,0.0,0.0,0.0,0.0,92.67924615678848,1.0535061186926824,data/raw/cutouts/2648129644657905590_VIS.fits,0.8
2648223419654261880,264.8223419828193,65.42618803638058,1259,14.843708992004396,0.1976766735315323,1,0.3676996827125549,0,2.4566516876220703,0.031167909502983,8.267404556274414,0.1480956226587295,set_2648223419654261880,candidate,A,north,102158887.0,20.97114392124426,3.100025730107862,0,0.0,0.0,0.0,0.0,0.0,75.09084773038033,1.3175640119025147,data/raw/cutouts/2648223419654261880_VIS.fits,1.0
2648230734654483596,264.8230734618368,65.44835968135754,1198,13.500563621520996,0.1925332695245742,1,0.2342825829982757,0,2.526050806045532,0.0298008155077695,3.3829495906829834,0.1115462034940719,set_2648223419654261880,reference,unlabelled,north,,21.07412025050195,3.0784568180532927,1,79.82542768815122,0.1029763292576895,-0.0215689120545699,0.1349171012433264,79.82542768816114,70.1206791681156,0.3171336130379745,data/raw/cutouts/2648230734654483596_VIS.fits,0.2
2648480950656002589,264.8480950506216,65.60025895897401,847,7.702589988708496,0.1332083344459533,1,0.3555150628089905,0,1.4412716627120972,0.0236111730337142,6.490321636199951,0.1695226579904556,set_2648480950656002589,candidate,C,north,102158887.0,21.68340804788905,2.9278834103307068,0,0.0,0.0,0.0,0.0,0.0,57.82363408975488,1.6338009285868722,data/raw/cutouts/2648480950656002589_VIS.fits,1.0
2648967183662359134,264.8967183467456,66.2359134969468,1121,19.47002410888672,0.1199689731001854,1,0.3973897993564605,386,4.709489345550537,0.031035054475069,12.004986763000488,0.2262688428163528,set_2649702338662357681,reference,unlabelled,north,,20.67658377677902,3.049605612594973,1,106.65045613648746,0.0799304124921072,-0.1017642376524872,0.3396381013294731,106.65045613650052,162.2921627630122,1.0159696670375455,data/raw/cutouts/2648967183662359134_VIS.fits,0.3
2648982189664012831,264.89821894467093,66.40128313983843,1103,21.096263885498047,0.1618285477161407,1,0.137537345290184,0,4.688034534454346,0.0347908288240432,11.343996047973633,0.1673777848482132,set_2649609676663872881,reference,unlabelled,north,,20.58948612687201,3.0425755124401905,1,103.54200827011915,-0.1213674715262769,0.024707793476685,0.1881207291985171,103.54200827015325,130.3618192415745,0.9594381607068828,data/raw/cutouts/2648982189664012831_VIS.fits,0.2
2648990602655984427,264.89906024513834,65.59844270178101,873,7.303167819976807,0.1708064377307891,1,0.5580177307128906,258,3.1707937717437744,0.0642528310418129,11.358859062194824,0.2703593671321869,set_2648480950656002589,reference,unlabelled,north,,21.74122179890559,2.941014243705569,1,76.07760160151314,0.0578137510165426,0.0131308333748627,0.0464106854707334,76.07760160155759,42.75698221332531,1.3854167862683742,data/raw/cutouts/2648990602655984427_VIS.fits,0.2
2649609676663872881,264.96096768812345,66.38728810952757,1042,18.86507606506348,0.1213026642799377,1,0.2448901236057281,0,5.028299331665039,0.0323763117194175,13.070110321044922,0.2249006628990173,set_2649609676663872881,candidate,C,north,102159483.0,20.710853598398288,3.017867718963505,0,0.0,0.0,0.0,0.0,0.0,155.52070663120284,1.0371453256888887,data/raw/cutouts/2649609676663872881_VIS.fits,0.9
2649702338662357681,264.97023389516,66.23576813492791,1417,20.957460403442383,0.1862109750509262,1,0.1172576993703842,0,4.525668621063232,0.0365462824702262,14.330439567565918,0.2325943410396576,set_2649702338662357681,candidate,C,north,102159188.0,20.59665336428691,3.1513698502474603,0,0.0,0.0,0.0,0.0,0.0,112.54685926922836,1.2514419029699666,data/raw/cutouts/2649702338662357681_VIS.fits,1.0
2649732689653659956,264.9732689089824,65.36599561034232,1880,18.70845031738281,0.2194410115480423,1,0.8132302761077881,2,1.550794005393982,0.0227517373859882,4.528352737426758,0.1420839726924896,set_2650227433653831334,reference,unlabelled,north,,20.719905462634628,3.27415784926368,1,96.5104695741428,0.1289928726455933,0.0157600451681712,0.1990745302936986,96.51046957414457,85.25503134261191,1.1634653385751772,data/raw/cutouts/2649732689653659956_VIS.fits,0.0
2650048838652842017,265.0048838264053,65.28420174171572,1444,25.46112632751465,0.1497979611158371,1,0.1065742522478103,0,5.72816276550293,0.0323910377919673,13.824110984802246,0.1834914684295654,set_2650264794652970851,reference,unlabelled,north,,20.385305970774564,3.15956719323362,1,56.63276501152492,0.2386394814608827,-0.0594931392152409,0.7240000253929593,56.63276501152747,169.96977887987302,0.9565546547061576,data/raw/cutouts/2650048838652842017_VIS.fits,0.2
2650227433653831334,265.022743321699,65.38313348329434,1813,21.068565368652344,0.192876785993576,1,0.2780261039733886,0,3.432509183883667,0.0275667086243629,8.480968475341797,0.1536903083324432,set_2650227433653831334,candidate,C,north,102158887.0,20.590912589989035,3.258397804095509,0,0.0,0.0,0.0,0.0,0.0,109.23328725186276,0.9820843525059352,data/raw/cutouts/2650227433653831334_VIS.fits,0.8
2650264794652970851,265.02647944746604,65.29708515556413,1656,31.720016479492188,0.1947865486145019,1,0.1843539476394653,0,6.098460674285889,0.039940096437931,17.99087142944336,0.2003200799226761,set_2650264794652970851,candidate,C,north,102158887.0,20.14666648931368,3.219060332448861,0,0.0,0.0,0.0,0.0,0.0,162.84500498167677,1.1745799307074114,data/raw/cutouts/2650264794652970851_VIS.fits,0.9
2650598488651331302,265.05984888095406,65.13313027459685,815,16.109621047973633,0.1115916669368743,1,0.2556065022945404,2,4.314040660858154,0.0308846067637205,12.644369125366213,0.2388390302658081,set_2650598488651331302,candidate,C,north,102158581.0,20.882286688788955,2.9111576087399764,0,0.0,0.0,0.0,0.0,0.0,144.3622224685164,1.1675323288461978,data/raw/cutouts/2650598488651331302_VIS.fits,0.6
2650686833657635939,265.0686833809624,65.76359393476649,2253,36.82756423950195,0.243678867816925,1,0.4224894940853119,0,5.204452037811279,0.0357022620737552,10.825142860412598,0.1850107312202453,set_2650916598657763366,reference,unlabelled,north,,19.9845675106502,3.3527611917238307,1,57.06804027672125,0.0083286193255815,0.0344891115122036,0.0333003503665518,57.06804027672587,151.13154689790483,0.7951465647116187,data/raw/cutouts/2650686833657635939_VIS.fits,0.0
2650916598657763366,265.0916598732804,65.77633663339412,2081,37.11115264892578,0.1869578510522842,1,0.3987336456775665,2,9.053472518920898,0.0416341051459312,22.86373519897461,0.2826400995254516,set_2650916598657763366,candidate,C,north,102159188.0,19.97623889132462,3.318272080211627,0,0.0,0.0,0.0,0.0,0.0,198.5001027774296,1.0058299848551004,data/raw/cutouts/2650916598657763366_VIS.fits,0.8
2650946115651265114,265.0946115937699,65.12651140338855,1025,16.98776626586914,0.1231933236122131,1,0.2593071758747101,0,4.4744873046875,0.0309026949107646,10.760875701904297,0.2135075032711029,set_2650598488651331302,reference,unlabelled,north,,20.82465930771022,3.010723865391773,1,57.77432664679619,-0.0576273810787348,0.0995662566517965,0.2875967306477064,57.7743266468114,137.8951859383475,0.9527608367753806,data/raw/cutouts/2650946115651265114_VIS.fits,0.1
2651283431655051177,265.12834317649265,65.5051177952468,2614,35.67657852172852,0.3123168051242828,1,0.445309042930603,2,4.155888557434082,4004.4736328125,8.540061950683594,0.1543803215026855,set_2651714354654861084,reference,unlabelled,north,,20.019042005721797,3.4173055832445254,1,93.93194453840802,-0.0905377403908431,-0.0031452758615428,0.0988904933574672,93.93194453843728,114.2320167739019,0.7819928198619313,data/raw/cutouts/2651283431655051177_VIS.fits,0.0
2651714354654861084,265.17143541344655,65.48610840340662,2633,32.82223129272461,0.2317357361316681,1,0.2139986008405685,2,6.087773323059082,0.0372157804667949,18.82118034362793,0.2792440056800842,set_2651714354654861084,candidate,A,north,102158887.0,20.10957974611264,3.4204508591060683,0,0.0,0.0,0.0,0.0,0.0,141.63646850771264,1.2254709572663085,data/raw/cutouts/2651714354654861084_VIS.fits,1.0
2652324799658519926,265.2324799434748,65.85199266987105,4631,91.34197235107422,0.2867528796195984,1,0.1276536285877227,2,18.228973388671875,0.0609857961535453,45.253562927246094,0.3655555844306946,set_2652763834658560044,reference,unlabelled,north,,18.998324037221607,3.665674780993893,1,66.24696699333495,0.2534816923892435,-0.1144264104740182,1.045019525331596,66.24696699331385,318.53898894493045,0.9872264176267764,data/raw/cutouts/2652324799658519926_VIS.fits,0.7
2652607272654619529,265.2607272621356,65.46195298024517,1520,23.50376510620117,0.1732869148254394,1,0.075028657913208,0,4.711942195892334,0.031143520027399,13.684904098510742,0.1826605498790741,set_2652607272654619529,candidate,C,north,102158887.0,20.47215640454724,3.1818435879447726,0,0.0,0.0,0.0,0.0,0.0,135.6349677635942,1.157604510558443,data/raw/cutouts/2652607272654619529_VIS.fits,0.9
2652763834658560044,265.27638346784005,65.85600442323606,6027,115.36207580566406,0.3068030178546905,1,0.0510891042649745,0,20.966339111328125,0.0586416646838188,54.031009674072266,0.3438264727592468,set_2652763834658560044,candidate,A,north,102159188.0,18.744842344832364,3.780101191467912,0,0.0,0.0,0.0,0.0,0.0,376.0134975605175,1.027801193539757,data/raw/cutouts/2652763834658560044_VIS.fits,0.8
2653128271654615221,265.3128271168233,65.46152219354072,1751,24.449743270874023,0.2011475414037704,1,0.1954471170902252,0,4.349203586578369,0.0328987799584865,11.753485679626465,0.1666939407587051,set_2652607272654619529,reference,unlabelled,north,,20.429314241824123,3.243286146083446,1,77.90904032812503,-0.0428421627231188,0.0614425581386735,0.1199774888178205,77.90904032806196,121.55129066079516,1.0793923625382422,data/raw/cutouts/2653128271654615221_VIS.fits,0.2
2653613503669169646,265.3613503252868,66.91696463768993,5093,66.0009536743164,0.3015180230140686,1,0.2384209632873535,0,9.647067070007324,0.0390428751707077,25.50516700744629,0.3003346621990204,set_2654175460669310683,reference,unlabelled,north,,19.35112447279302,3.706973676176178,1,94.15628200869662,0.0563141079433258,0.1030718444445066,0.3084322147666169,94.15628200868956,218.8955506359129,1.0555821842956408,data/raw/cutouts/2653613503669169646_VIS.fits,0.5
2653708391653320589,265.37083912976533,65.33205894180264,1207,29.003812789916992,0.1374329030513763,1,0.34342822432518,0,7.862582683563232,0.0379266217350959,19.703248977661133,0.2689563333988189,set_2653714387653234848,reference,unlabelled,north,,20.2438622669097,3.081707270097349,1,30.879917418581265,-0.0251952567420516,-0.0375486191805873,0.0431183460632996,30.87991741858515,211.03980303082557,0.997431549328034,data/raw/cutouts/2653708391653320589_VIS.fits,0.0
2653714387653234848,265.37143870905203,65.32348483906226,1316,28.33850860595703,0.1415192633867263,1,0.1069612577557563,0,7.634405136108398,0.0366795659065246,17.94481658935547,0.3056342899799347,set_2653714387653234848,candidate,C,north,102158887.0,20.269057523651757,3.1192558892779365,0,0.0,0.0,0.0,0.0,0.0,200.24488488550895,0.9279095521357674,data/raw/cutouts/2653714387653234848_VIS.fits,0.9
2653763871639817529,265.37638710825377,63.9817529085313,1149,14.095539093017578,0.2368745356798172,1,0.811922013759613,2,1.7824642658233645,0.0335428789258003,2.721667766571045,0.1064876988530159,set_2654388961639715225,reference,unlabelled,north,,21.02729577400284,3.060320028688285,1,105.3758103953991,-0.0869554941355978,0.0960603984914358,0.324223924211106,105.37581039540088,59.50635028186604,0.4595356945651719,data/raw/cutouts/2653763871639817529_VIS.fits,0.0
2654121093643711727,265.41210934337715,64.3711727011457,1064,14.635309219360352,0.1288862526416778,1,0.159373939037323,2,3.316068649291992,0.0332555398344993,8.137114524841309,0.1537301987409591,set_2654638164643746830,reference,unlabelled,north,,20.98649524306126,3.026941627959029,1,81.49585292412026,-0.0406796982493844,-0.0056771328916904,0.0248869124208871,70.93704641035059,113.55213546357504,0.9746172893085427,data/raw/cutouts/2654121093643711727_VIS.fits,0.4
2654129070655512593,265.41290700547484,65.55125935194354,1566,26.51639747619629,0.143114760518074,1,0.1221509650349617,2,6.768959999084473,0.0354722738265991,20.11079406738281,0.2752070128917694,set_2654129070655512593,candidate,A,north,102158887.0,20.341213699017004,3.1947917577219247,0,0.0,0.0,0.0,0.0,0.0,185.2806613392441,1.1822681780923547,data/raw/cutouts/2654129070655512593_VIS.fits,0.7
2654175460669310683,265.4175460040185,66.93106836981772,4017,69.51457214355469,0.2928273975849151,1,0.2719404399394989,0,11.774571418762209,0.0473676845431327,28.296754837036133,0.3253718614578247,set_2654175460669310683,candidate,C,north,102159772.0,19.294810364849692,3.603901831731672,0,0.0,0.0,0.0,0.0,0.0,237.39094332317936,0.9519788095885856,data/raw/cutouts/2654175460669310683_VIS.fits,0.5
2654388961639715225,265.4388961932219,63.97152257914326,921,13.010664939880373,0.1425214111804962,1,0.2198503166437149,0,2.473787546157837,0.0259622745215892,5.979916572570801,0.1292808651924133,set_2654388961639715225,candidate,C,north,102157952.0,21.114251268138435,2.964259630196849,0,0.0,0.0,0.0,0.0,0.0,91.28919530135036,0.958331815647018,data/raw/cutouts/2654388961639715225_VIS.fits,0.8
2654519512655764542,265.4519512388191,65.57645425124015,1593,31.6868839263916,0.1828698813915252,1,0.2819761931896209,258,8.362605094909668,0.0657879039645195,20.672990798950195,0.3324214220046997,set_2654129070655512593,reference,unlabelled,north,,20.147801167574286,3.202215775801132,1,107.73944359952168,-0.1934125314427177,0.0074240180792068,0.4269786783421612,107.73944359948726,173.2755754270428,0.9826543066123096,data/raw/cutouts/2654519512655764542_VIS.fits,0.3
2654573101671251576,265.4573101116544,67.12515766401812,2506,54.70985794067383,0.2071609795093536,1,0.3616057932376861,2,11.224265098571776,0.0454779900610446,29.644847869873047,0.2601286172866821,set_2654573101671251576,candidate,A,north,102159772.0,19.55483603226952,3.398981066658131,0,0.0,0.0,0.0,0.0,0.0,264.0934507562685,1.0544782763369691,data/raw/cutouts/2654573101671251576_VIS.fits,0.0
2654638164643746830,265.4638164018132,64.37468304708283,1078,14.097107887268066,0.1304612010717392,1,0.1665311008691787,0,3.448580026626587,0.0289543569087982,11.736004829406738,0.2044028639793396,set_2654638164643746830,candidate,C,north,102158270.0,21.027174941310644,3.03261876085072,0,0.0,0.0,0.0,0.0,0.0,108.05594131788057,1.3296999275263586,data/raw/cutouts/2654638164643746830_VIS.fits,0.8
2654717838671290802,265.47178383402564,67.12908026925443,2462,42.90839767456055,0.2342610359191894,1,0.4599449038505554,0,6.922213554382324,0.0384428948163986,11.496261596679688,0.1988914310932159,set_2654573101671251576,reference,unlabelled,north,,19.818644257486167,3.3912880485952974,1,24.689810686585023,0.2638082252166462,-0.0076930180628336,0.7752775154701157,24.68981068656929,183.1648934113064,0.5507791104367044,data/raw/cutouts/2654717838671290802_VIS.fits,0.0
2655528906655835262,265.55289065640727,65.5835262260394,963,19.36583137512207,0.165447399020195,1,0.1990110427141189,0,4.570631980895996,0.0378582887351512,13.212251663208008,0.239862248301506,set_2655528906655835262,candidate,A,north,102158887.0,20.68240963504001,2.9836262871245345,0,0.0,0.0,0.0,0.0,0.0,117.05128935123494,1.1525014583322049,data/raw/cutouts/2655528906655835262_VIS.fits,1.0
2655630661664773273,265.56306618538645,66.47732738397514,1032,12.439532279968262,0.129454419016838,1,0.2977583110332489,2,2.437811851501465,0.0255280993878841,6.348640441894531,0.1374095827341079,set_2656109274664952173,reference,unlabelled,north,,21.162989871469826,3.013679697291193,1,94.19860318515074,-0.0088247576661473,-0.0481496100035063,0.0664324067751553,94.19860318520524,96.09198646475149,1.0392013681392744,data/raw/cutouts/2655630661664773273_VIS.fits,0.3
2655753387652324244,265.57533878130045,65.23242440822226,2147,40.89298248291016,0.2134870737791061,1,0.1280942261219024,2,7.681204319000244,0.0393475405871868,22.377052307128903,0.218339741230011,set_2655753387652324244,candidate,B,north,102158582.0,19.87087803379792,3.331832044436249,0,0.0,0.0,0.0,0.0,0.0,191.5478148584392,1.1609338990293885,data/raw/cutouts/2655753387652324244_VIS.fits,0.9
2655977842657115540,265.59778425180855,65.71155402745744,926,12.529621124267578,0.1320100277662277,1,0.404525876045227,0,2.9523491859436035,0.0279634073376655,8.563237190246582,0.1833661049604416,set_2656360749657251471,reference,unlabelled,north,,21.15515515294712,2.966610986681934,1,74.88611060775396,0.0405624164256579,-0.1063737579459962,0.3059735232736905,74.88611060776864,94.91416172153134,1.1561756291544365,data/raw/cutouts/2655977842657115540_VIS.fits,0.0
2656083316652461486,265.6083316659231,65.24614863901282,2039,35.77384567260742,0.2009871453046798,1,0.2318456918001175,2,5.045525074005127,0.0300590917468071,13.182953834533691,0.1627261638641357,set_2655753387652324244,reference,unlabelled,north,,20.01608592719125,3.30941722577814,1,70.11248615038531,0.1452078933933265,-0.0224148186581087,0.251056544919904,70.11248615040938,177.9907148707309,1.042765906144075,data/raw/cutouts/2656083316652461486_VIS.fits,0.2
2656098828655688923,265.6098828568992,65.56889237599131,841,19.275997161865234,0.1290075033903122,1,0.1056361570954322,0,5.655511379241943,0.0420998223125934,13.48755931854248,0.2006109058856964,set_2655528906655835262,reference,unlabelled,north,,20.687457865787305,2.924795995797912,1,99.86168207105614,0.0050482307472989,-0.0588302913266223,0.0953579295752928,99.86168207112055,149.4176435888826,0.9436537179490984,data/raw/cutouts/2656098828655688923_VIS.fits,0.0
2656109274664952173,265.61092745084807,66.49521730934592,1153,12.338834762573242,0.1528557389974594,1,0.1981543749570846,0,2.029364109039306,0.0248298160731792,6.096234321594238,0.166380226612091,set_2656109274664952173,candidate,C,north,102159483.0,21.171814629135973,3.061829307294699,0,0.0,0.0,0.0,0.0,0.0,80.72209027610225,1.194254191051485,data/raw/cutouts/2656109274664952173_VIS.fits,0.8
2656360749657251471,265.63607495581874,65.72514719610223,1183,13.006573677062988,0.183882936835289,1,0.2038925439119339,0,2.2619941234588623,0.0293633770197629,9.15493106842041,0.1987353265285492,set_2656360749657251471,candidate,C,north,102158888.0,21.11459273652146,3.0729847446279304,0,0.0,0.0,0.0,0.0,0.0,70.73290159985575,1.5179090158385125,data/raw/cutouts/2656360749657251471_VIS.fits,0.8
2656629810656238581,265.6629810560244,65.62385814287734,846,18.05284118652344,0.1154860779643058,1,0.1179484203457832,0,5.103316783905029,0.0316936112940311,14.868371963500977,0.1886173337697982,set_2656629810656238581,candidate,C,north,102158888.0,20.758636095957225,2.9273703630390235,0,0.0,0.0,0.0,0.0,0.0,156.32049771491225,1.1610272243234323,data/raw/cutouts/2656629810656238581_VIS.fits,0.8
2656788575646256853,265.67885753633254,64.62568532047382,2348,40.67016220092773,0.1836525499820709,1,0.5153934359550476,2,8.424728393554688,0.0366906262934207,23.602060317993164,0.2782744467258453,set_2656815066646473630,reference,unlabelled,north,,19.876810238841777,3.370698092575577,1,78.1468223359115,0.0230259459316286,-0.1148813844091019,0.3410700632017867,78.14682233591516,221.4516607849886,1.11848501864305,data/raw/cutouts/2656788575646256853_VIS.fits,0.1
2656815066646473630,265.681506630342,64.64736309077054,3059,41.54189300537109,0.2630088925361633,1,0.2067117989063263,2,6.418205261230469,0.0398521348834037,19.238937377929688,0.2460207939147949,set_2656815066646473630,candidate,A,north,102158270.0,19.85378429291015,3.485579476984679,0,0.0,0.0,0.0,0.0,0.0,157.94862525288625,1.1919186970781346,data/raw/cutouts/2656815066646473630_VIS.fits,0.9
2656868345643195308,265.68683454907165,64.31953088131895,2798,30.03787422180176,0.2572311758995056,1,0.463608831167221,2,4.046778678894043,0.0327800549566745,14.462162971496582,0.2428122013807296,set_2656868345643195308,candidate,C,north,102158270.0,20.20582701392403,3.446847710155809,0,0.0,0.0,0.0,0.0,0.0,116.77384794732998,1.3828094950846248,data/raw/cutouts/2656868345643195308_VIS.fits,0.9
2656908462671985495,265.6908462379085,67.1985495744645,2200,34.085933685302734,0.1982223689556121,1,0.2363973408937454,0,7.477548599243164,0.0416460856795311,17.737449645996094,0.2494443506002426,set_2656908462671985495,candidate,C,north,102159772.0,20.068562013161824,3.342422680822206,0,0.0,0.0,0.0,0.0,0.0,171.9580583407092,0.9378298280568288,data/raw/cutouts/2656908462671985495_VIS.fits,0.7
2657109201672094743,265.71092014354235,67.20947434906101,1982,26.546112060546875,0.1778102219104766,1,0.4619932770729065,258,3.782071352005005,0.0290835741907358,10.05116081237793,0.1560322642326355,set_2656908462671985495,reference,unlabelled,north,,20.3399976915687,3.2971036501492565,1,48.27794914412239,0.2714356784068776,-0.0453190306729496,0.8719805872352688,48.2779491441371,149.2946343316091,1.0612162589128564,data/raw/cutouts/2657109201672094743_VIS.fits,0.2
2657149384653125164,265.71493843701336,65.31251642135264,904,10.536192893981934,0.1607108563184738,1,0.1374675035476684,0,2.123335599899292,0.0301514621824026,10.29213523864746,0.1910637766122818,set_2657149384653125164,candidate,C,north,102158888.0,21.343290717547085,2.9561684304753637,0,0.0,0.0,0.0,0.0,0.0,65.55993251073726,1.713717107497459,data/raw/cutouts/2657149384653125164_VIS.fits,0.9
2657346908643056951,265.7346908087388,64.30569516668109,1867,32.652183532714844,0.1876490712165832,1,0.7959769368171692,0,5.512312412261963,0.0318800881505012,16.673128128051758,0.2024750858545303,set_2656868345643195308,reference,unlabelled,north,,20.115219427664385,3.2711443179490782,1,89.76443435351054,-0.0906075862596438,-0.1757033922067306,0.8699194644286387,89.7644343534648,174.00663547664422,1.2017081605442368,data/raw/cutouts/2657346908643056951_VIS.fits,0.0
2657354377656235156,265.73543771316025,65.62351567039217,939,19.995365142822266,0.122890293598175,1,0.4614991843700409,0,5.880903244018555,0.0367395803332328,11.12179470062256,0.2078554332256317,set_2656629810656238581,reference,unlabelled,north,,20.647676651611235,2.972665592266111,1,107.66463685231568,-0.1109594443459904,0.0452952292270874,0.1980294179005448,107.66463685234004,162.70906804245124,0.6918270997213884,data/raw/cutouts/2657354377656235156_VIS.fits,0.0
2657469293653211330,265.74692937325347,65.32113305732375,911,10.189512252807615,0.1460502296686172,1,0.1606596559286117,0,1.9781248569488523,0.0244585238397121,4.965155601501465,0.1466942280530929,set_2657149384653125164,reference,unlabelled,north,,21.379616510294024,2.9595183769729982,1,57.22987948488916,0.0363257927469398,0.0033499464976349,0.017750373857462,57.22987948487872,69.76717719600481,0.9991979074414734,data/raw/cutouts/2657469293653211330_VIS.fits,0.2
2657548803647273037,265.7548803156984,64.7273037645623,925,8.701881408691406,0.1570880562067031,1,0.3291995525360107,0,1.3405126333236694,0.0254215933382511,4.88020658493042,0.1557982861995697,set_2657548803647273037,candidate,C,north,102158270.0,21.550967099178543,2.9661417327390325,0,0.0,0.0,0.0,0.0,0.0,55.39492701622778,1.402918238387464,data/raw/cutouts/2657548803647273037_VIS.fits,1.0
2657819747657129186,265.78197471779185,65.71291865956003,9109,133.37156677246094,0.361693263053894,1,0.334193080663681,0,21.5020694732666,0.0544425845146179,58.10502243041992,0.4128667712211609,set_2657819747657129186,candidate,B,north,102158888.0,18.5873418673904,3.959470702075107,0,0.0,0.0,0.0,0.0,0.0,368.7421923382298,1.0793335311038126,data/raw/cutouts/2657819747657129186_VIS.fits,1.0
2657855003672722087,265.785500354143,67.27220878522256,5624,90.24358367919922,0.3123495876789093,1,0.080596275627613,0,16.931760787963867,0.0554429218173027,44.493350982666016,0.3564698398113251,set_2657855003672722087,candidate,C,north,102160056.0,19.01145916667981,3.750045312011768,0,0.0,0.0,0.0,0.0,0.0,288.9185298748281,1.048982478516074,data/raw/cutouts/2657855003672722087_VIS.fits,1.0
2657945840637087690,265.79458404830376,63.70876900887003,1931,23.05908393859864,0.2167728841304779,1,0.1112124696373939,0,3.5806899070739746,0.0307326950132846,8.48788833618164,0.1466220468282699,set_2657950631637302362,reference,unlabelled,north,,20.492894874467357,3.285782273779395,1,77.28590126672857,-0.0394999673935743,0.0252339011424154,0.038375806200832,77.28590126674041,106.37439286326573,0.9370823634701146,data/raw/cutouts/2657945840637087690_VIS.fits,0.1
2657950631637302362,265.7950631472725,63.73023626672797,1822,22.235252380371094,0.1652518510818481,1,0.1667555272579193,2,3.947392225265503,0.0287508517503738,13.81814193725586,0.1812788993120193,set_2657950631637302362,candidate,C,north,102157629.0,20.532394841860928,3.2605483726369795,0,0.0,0.0,0.0,0.0,0.0,134.55372653803514,1.3603484198955704,data/raw/cutouts/2657950631637302362_VIS.fits,1.0
2657989298677425216,265.7989298153187,67.7425216991534,946,11.694916725158691,0.1386921256780624,1,0.4267027080059051,258,1.707860827445984,0.0232756491750478,3.2211363315582275,0.1341773867607116,set_2658282631677551100,reference,unlabelled,north,,21.230007165704368,2.975891136401793,1,60.43754481929553,-0.0138090759988642,-0.0339844973103673,0.0341240344433648,60.43754481930546,84.32286020552738,0.6888915722875293,data/raw/cutouts/2657989298677425216_VIS.fits,0.4
2658002357657060252,265.8002357950269,65.7060252158299,9665,138.46316528320312,0.3310375511646271,1,0.1372544914484024,2,16.978588104248047,0.0491412729024887,37.94944763183594,0.3219122588634491,set_2657819747657129186,reference,unlabelled,north,,18.546664361478577,3.985201858364572,1,36.70391426220577,-0.0406775059118231,0.0257311562894648,0.0360924029293505,36.70391426225191,418.27026811935457,0.8732597159128908,data/raw/cutouts/2658002357657060252_VIS.fits,0.8
2658003347647286636,265.80033472046887,64.72866367372832,1203,8.717728614807129,0.1920693069696426,1,0.4014444947242737,3,1.2732949256896973,0.0255580935627222,2.5183305740356445,0.1051713079214096,set_2657548803647273037,reference,unlabelled,north,,21.5489916370244,3.0802656273398448,1,70.03013834837114,-0.0019754621541494,0.1141238946008122,0.329854521961878,70.03013834837104,45.38845249327111,0.740459324415895,data/raw/cutouts/2658003347647286636_VIS.fits,0.1
2658043097672928965,265.8043097878528,67.2928965872335,4739,106.1180419921875,0.3296299278736114,1,0.0929448902606964,0,14.517273902893066,0.0510689355432987,30.41177749633789,0.2933468222618103,set_2657855003672722087,reference,unlabelled,north,,18.83552692970188,3.675686708699401,1,78.93366144852389,-0.1759322369779319,-0.0743586033123664,0.4874845164149333,78.93366144852153,321.9308473497464,0.802891833664303,data/raw/cutouts/2658043097672928965_VIS.fits,0.3
2658211530641487553,265.8211530815124,64.14875539666241,1406,14.28335666656494,0.166197195649147,1,0.1902292668819427,0,2.295374155044556,0.0252210274338722,9.808481216430664,28.15410423278809,set_2658211530641487553,candidate,A,north,102157952.0,21.012924297495548,3.147985320683805,0,0.0,0.0,0.0,0.0,0.0,85.94222430033071,1.576870693432491,data/raw/cutouts/2658211530641487553_VIS.fits,1.0
2658282631677551100,265.828263109653,67.75511001663433,1023,11.547115325927734,0.1477545499801635,1,0.0928332507610321,0,2.112982273101806,0.0243831314146518,7.455795764923096,0.1982687413692474,set_2658282631677551100,candidate,C,north,102160333.0,21.243816241703232,3.00987563371216,0,0.0,0.0,0.0,0.0,0.0,78.15065815217176,1.3689953735561111,data/raw/cutouts/2658282631677551100_VIS.fits,1.0
2658572587641393493,265.8572587750406,64.13934930881278,1198,15.382588386535645,0.1602157205343246,1,0.1941415816545486,2,3.0797717571258545,0.0301412995904684,8.250726699829102,4.506756782531738,set_2658211530641487553,reference,unlabelled,north,,20.93242645206994,3.0784568180532927,1,66.0296059941362,-0.080497845425608,-0.0695285026305123,0.1965921596114888,66.0296059941688,96.01172928121046,1.0699341740758748,data/raw/cutouts/2658572587641393493_VIS.fits,0.8
2658616879639330994,265.861687959614,63.93309942153464,780,12.077115058898926,0.1070525050163269,1,0.1439910382032394,2,3.010918378829956,0.0271670762449502,9.46091651916504,0.1682967692613601,set_2658616879639330994,candidate,B,north,102157952.0,21.195091990370592,2.8920946026904804,0,0.0,0.0,0.0,0.0,0.0,112.81487581310692,1.2430855693638456,data/raw/cutouts/2658616879639330994_VIS.fits,0.9
2658795035647146862,265.8795035968124,64.71468621522966,1475,29.354650497436523,0.1714494228363037,1,0.1587238162755966,2,6.651004791259766,0.0401803813874721,9.272086143493652,0.1531108766794204,set_2659132262647279980,reference,unlabelled,north,,20.230807715139512,3.1687920203141817,1,70.59802404971299,0.2528275210735131,-0.1957589750397903,1.672554180642298,70.59802404969288,171.21463584898575,0.3607254928760166,data/raw/cutouts/2658795035647146862_VIS.fits,1.0
2658992048643171194,265.8992048408224,64.317119478661,1685,31.20653915405273,0.1718426048755645,1,0.1395478695631027,0,5.961066246032715,0.0326500162482261,10.787487983703612,0.1799251139163971,set_2659040290643403961,reference,unlabelled,north,,20.16438598122343,3.2265999052073573,1,84.13295544351291,-0.1478856534288866,-0.0372727716578662,0.283801885398717,84.13295544351003,181.599546728532,0.6439909418405332,data/raw/cutouts/2658992048643171194_VIS.fits,0.3
2659012764672814455,265.90127647687166,67.28144556013405,947,10.757712364196776,0.1421670764684677,1,0.6607403755187988,0,2.1424968242645264,0.0245129875838756,7.552762031555176,0.1712745875120163,set_2659573102672729854,reference,unlabelled,north,,21.320700179767368,2.976349979003273,1,83.66036554751972,0.0180577297138384,-0.0157615087836759,0.015834320963086,83.66036554749137,75.6695054257714,1.3679640363309231,data/raw/cutouts/2659012764672814455_VIS.fits,0.2
2659029842639110899,265.90298428951394,63.91108998392288,1023,12.353736877441406,0.141447052359581,1,0.8104280233383179,0,2.011913537979126,0.024847537279129,3.3585851192474365,0.1350212544202804,set_2658616879639330994,reference,unlabelled,north,,21.17050413237281,3.00987563371216,1,102.70841060580332,-0.0245878579977798,0.1177810310216798,0.3625707280358473,102.70841060583984,87.33824191709725,0.5563676161674678,data/raw/cutouts/2659029842639110899_VIS.fits,0.0
2659040290643403961,265.9040290299082,64.34039611380324,1836,27.23274040222168,0.2150661200284958,1,0.3583889901638031,2,2.808271169662476,0.0286782812327146,8.634140014648438,0.151585653424263,set_2659040290643403961,candidate,C,north,102158270.0,20.31227163465232,3.2638726768652235,0,0.0,0.0,0.0,0.0,0.0,126.62496723618486,1.219450114119878,data/raw/cutouts/2659040290643403961_VIS.fits,0.9
2659132262647279980,265.91322625779253,64.72799808621423,2315,37.05168151855469,0.1825909614562988,1,0.1320797502994537,0,7.989649295806885,0.038339152932167,17.406633377075195,0.2174652367830276,set_2659132262647279980,candidate,C,north,102158270.0,19.977980194066,3.364550995353972,0,0.0,0.0,0.0,0.0,0.0,202.92177237602536,0.8454676643477688,data/raw/cutouts/2659132262647279980_VIS.fits,0.8
2659175602670988052,265.9175602403221,67.09880528101607,2394,33.128868103027344,0.2170445770025253,1,0.6126930117607117,0,4.968242645263672,0.0313008800148963,10.460830688476562,0.1614391952753067,set_2659343143671076882,reference,unlabelled,north,,20.09948350545107,3.379124146070392,1,39.66514409053914,0.1066870913268758,0.0485074787759534,0.1866414306079303,39.66514409051008,152.6362398017523,0.8084084366693244,data/raw/cutouts/2659175602670988052_VIS.fits,0.2
2659343143671076882,265.93431432616933,67.10768824498834,2141,36.54949951171875,0.2006448209285736,1,0.1022714003920555,0,7.788570880889893,0.0413534194231033,21.09050178527832,0.2259573340415954,set_2659343143671076882,candidate,C,north,102159772.0,19.992796414124197,3.3306166672944384,0,0.0,0.0,0.0,0.0,0.0,182.16019403127177,1.081572839971399,data/raw/cutouts/2659343143671076882_VIS.fits,1.0
2659396077636726795,265.93960774535987,63.67267958092216,1461,31.504369735717773,0.1824883073568344,1,0.6720022559165955,0,5.5235795974731445,0.0349475182592868,14.92270851135254,0.2093311548233032,set_2659727733636823810,reference,unlabelled,north,,20.154073010725043,3.1646502159342966,1,63.42506162129276,0.036294141539841,-0.0088274275186979,0.0200332113017285,63.42506162128252,172.63774425894962,1.0790675977797568,data/raw/cutouts/2659396077636726795_VIS.fits,0.0
2659467460657407372,265.9467460193917,65.7407372719755,2701,39.09239196777344,0.2000984400510788,1,0.0744543075561523,0,8.38614273071289,0.0383189469575881,24.57037734985352,0.2974049150943756,set_2659467460657407372,candidate,B,north,102158888.0,19.91976938834616,3.431524584187451,0,0.0,0.0,0.0,0.0,0.0,195.3658007418468,1.1671239416060526,data/raw/cutouts/2659467460657407372_VIS.fits,0.8
2659573102672729854,265.95731028928327,67.27298546573375,982,10.938128471374512,0.1515045762062072,1,0.1027631610631942,2,1.844198226928711,0.0283399559557437,6.847734928131104,0.1766244173049926,set_2659573102672729854,candidate,C,north,102160056.0,21.30264245005353,2.992111487786949,0,0.0,0.0,0.0,0.0,0.0,72.19668702605415,1.4243483514091893,data/raw/cutouts/2659573102672729854_VIS.fits,0.6
2659597079637328998,265.95970792815746,63.73289987930829,1276,18.877954483032227,0.1820510327816009,1,0.5083303451538086,2,3.406439781188965,0.0322867184877395,8.64258098602295,0.184779092669487,set_2659597079637328998,candidate,C,north,102157629.0,20.71011266345013,3.1058506743851435,0,0.0,0.0,0.0,0.0,0.0,103.6959482986253,1.010856854777741,data/raw/cutouts/2659597079637328998_VIS.fits,0.9
2659727733636823810,265.9727733948663,63.68238103492873,1491,32.57530212402344,0.1577939391136169,1,0.3054486811161041,0,6.769284725189209,0.0337352342903614,19.894577026367188,0.2265205830335617,set_2659727733636823810,candidate,B,north,102157629.0,20.1177788691852,3.1734776434529945,0,0.0,0.0,0.0,0.0,0.0,206.4420364116022,1.1704798216614478,data/raw/cutouts/2659727733636823810_VIS.fits,1.0
2659753895653871052,265.9753895280555,65.38710523882253,1237,10.89626121520996,0.2056255936622619,1,0.2885645031929016,0,1.5272148847579956,0.0288339704275131,2.2735612392425537,0.0993958339095115,set_2659753895653871052,candidate,B,north,102158888.0,21.306806234997904,3.092369699629121,0,0.0,0.0,0.0,0.0,0.0,52.99078301073244,0.4320162709955445,data/raw/cutouts/2659753895653871052_VIS.fits,0.2
2659762834637501642,265.9762834732986,63.75016427956354,1050,18.832260131835938,0.4733100235462188,1,0.1152537018060684,0,2.6147360801696777,0.0671313107013702,3.832632780075073,0.1176900565624237,set_2659597079637328998,reference,unlabelled,north,,20.712743888768507,3.0211892990699383,1,67.52643060658708,0.0026312253183817,-0.0846613753152052,0.1831749475276316,67.5264306065611,39.78842448916986,0.4151733752218879,data/raw/cutouts/2659762834637501642_VIS.fits,0.1
2659768925657394058,265.9768925284254,65.73940581792364,2668,30.472740173339844,0.2866320312023163,1,0.7331733107566833,2,2.776940107345581,0.0299868732690811,9.630644798278809,0.1550949662923813,set_2659467460657407372,reference,unlabelled,north,,20.19022122835423,3.426185825244511,1,44.848286220426,0.270451840008068,-0.0053387589429396,0.8151502916967645,44.84828622047272,106.31310131501309,1.3502221306616378,data/raw/cutouts/2659768925657394058_VIS.fits,0.1
2659939419653918430,265.9939419248029,65.39184303986885,1416,10.745644569396973,0.228017196059227,1,0.0846742317080497,0,1.0663821697235107,0.0253916028887033,1.5226222276687622,0.0927483290433883,set_2659753895653871052,reference,unlabelled,north,,21.32191882140939,3.15106325335375,1,32.62709604687539,0.0151125864114867,0.0586935537246295,0.0895736615278432,32.62709604687069,47.12646570132287,0.3866982263586259,data/raw/cutouts/2659939419653918430_VIS.fits,0.0
2660101090644460436,266.0101090586714,64.44604369485799,6102,70.44493103027344,0.346018522977829,1,0.2880947291851043,258,5.383235454559326,0.0378475449979305,18.17202949523925,0.2601601183414459,set_2660101090644460436,candidate,B,north,102158270.0,19.280375629338398,3.785472203306388,0,0.0,0.0,0.0,0.0,0.0,203.58716760023617,1.3209001435956558,data/raw/cutouts/2660101090644460436_VIS.fits,1.0
2660131595678719407,266.0131595977176,67.87194072272753,1826,24.88164710998535,0.1922784596681594,1,0.0778196454048156,2,4.704043388366699,0.0357121415436267,15.30325698852539,0.2384240627288818,set_2660131595678719407,candidate,C,north,102160334.0,20.41030218423957,3.2615007731982804,0,0.0,0.0,0.0,0.0,0.0,129.4042356742764,1.2807813814663862,data/raw/cutouts/2660131595678719407_VIS.fits,0.9
2660380270644564090,266.0380270140729,64.45640901808049,4014,71.17918395996094,0.2752253413200378,1,0.0303857456892728,0,8.146543502807617,0.0362636037170887,15.74372673034668,0.2312163412570953,set_2660101090644460436,reference,unlabelled,north,,19.269117488277654,3.6035773681514662,1,57.19492643195378,-0.0112581410607361,-0.1818948351549214,0.831356140257053,57.194926431950144,258.6214758371116,0.7153354048562764,data/raw/cutouts/2660380270644564090_VIS.fits,0.0
2660517748638262451,266.0517748690918,63.82624511888856,1044,9.977550506591797,0.1848058551549911,1,0.2235399037599563,2,1.535006403923035,0.0252969432622194,2.413201808929444,0.1205985844135284,set_2660517748638262451,candidate,C,north,102157952.0,21.40244016282412,3.018700498666244,0,0.0,0.0,0.0,0.0,0.0,53.989363584957445,0.4912086263296717,data/raw/cutouts/2660517748638262451_VIS.fits,0.7
2660587195654988663,266.0587195420248,65.49886630385154,10072,116.08541107177734,0.4039458334445953,1,0.1914369165897369,0,15.13419246673584,0.0467908903956413,40.76133728027344,0.4734649956226349,set_2660587195654988663,candidate,C,north,102158888.0,18.738055890988104,4.003115717099806,0,0.0,0.0,0.0,0.0,0.0,287.3786568903909,1.075722927434994,data/raw/cutouts/2660587195654988663_VIS.fits,0.9
2660638972654923168,266.0638972193287,65.49231689982845,8999,118.0329132080078,0.3621184229850769,1,0.1544615626335144,2,16.977859497070312,0.049773346632719,44.44225692749024,0.3609958291053772,set_2660587195654988663,reference,unlabelled,north,,18.719992184457013,3.954194251815863,1,24.81298359363156,-0.0180637065310911,-0.0489214652839438,0.0639861217722994,24.812983593635767,325.95114116265773,1.0447829264411772,data/raw/cutouts/2660638972654923168_VIS.fits,0.5
2660693878678561536,266.0693878056928,67.85615363004788,1753,26.805723190307617,0.1799124777317047,1,0.5377702116966248,0,4.510396957397461,0.0296791587024927,9.0872220993042,27.92326545715332,set_2660131595678719407,reference,unlabelled,north,,20.329431178677066,3.243781916093795,1,95.11943449614702,-0.0808710055625034,-0.0177188571044855,0.0882738926143138,95.11943449611346,148.9931300389391,0.7605409428478059,data/raw/cutouts/2660693878678561536_VIS.fits,0.1
2660812796638513564,266.081279614597,63.851356440074966,1186,10.555994033813477,0.1598403602838516,1,0.407193124294281,2,1.64958918094635,0.0233138855546712,5.8348708152771,0.1354923397302627,set_2660517748638262451,reference,unlabelled,north,,21.341252159781597,3.074084689028244,1,101.81075908518392,-0.061188003042524,0.0553841903620004,0.12717158538706,101.81075908516225,66.04085485710664,1.3716386139686243,data/raw/cutouts/2660812796638513564_VIS.fits,0.1
2660828499662054158,266.0828499232283,66.20541585469901,1984,22.911975860595703,0.271215409040451,1,0.3898966908454895,2,2.4931201934814453,0.0248533990234136,6.807743549346924,0.1869481652975082,set_2660828499662054158,candidate,C,north,102159189.0,20.49984364233069,3.29754166781816,0,0.0,0.0,0.0,0.0,0.0,84.4788868805697,1.090649927375806,data/raw/cutouts/2660828499662054158_VIS.fits,0.7
2661434007661953164,266.1434007594221,66.19531649139599,1945,22.00061416625977,0.22109255194664,1,0.2360410243272781,0,3.506272315979004,0.0282733589410781,8.34354305267334,0.1909612268209457,set_2660828499662054158,reference,unlabelled,north,,20.54391298825192,3.2889196056617265,1,95.1823415929145,0.0440693459212262,-0.0086220621564332,0.0312046821177294,95.18234159287742,99.5086174208598,0.9412621713282658,data/raw/cutouts/2661434007661953164_VIS.fits,0.9
2661910855643778637,266.1910855510885,64.37786376499659,1114,18.1676025390625,0.1386298388242721,1,0.1250347346067428,0,4.533770561218262,0.031328797340393,12.101238250732422,0.2308700382709503,set_2661910855643778637,candidate,C,north,102158270.0,20.75175594985776,3.04688519083771,0,0.0,0.0,0.0,0.0,0.0,131.0511697419763,1.065925683240269,data/raw/cutouts/2661910855643778637_VIS.fits,0.8
2661961563668802804,266.19615632030747,66.88028041715731,991,8.609308242797852,0.195033386349678,1,0.2571129202842712,0,1.2782812118530271,0.0273678507655859,1.8773332834243768,0.120109237730503,set_2662377857668656609,reference,unlabelled,north,,21.56257935667509,2.9960736544852757,1,78.96048060570247,-0.0379528666011879,0.0723116936565748,0.152074493216458,78.96048060567604,44.14274091186678,0.4172874353791128,data/raw/cutouts/2661961563668802804_VIS.fits,0.0
2662018807648619781,266.20188074211137,64.86197811824223,756,7.2654852867126465,0.1150816529989242,1,0.0401623807847499,2,1.6542726755142212,0.025709206238389,6.289957523345947,0.161927118897438,set_2662018807648619781,candidate,C,north,102158582.0,21.746838430943225,2.8785217955012063,0,0.0,0.0,0.0,0.0,0.0,63.13330663386079,1.4501015407239044,data/raw/cutouts/2662018807648619781_VIS.fits,0.7
2662060947637376800,266.2060947683246,63.73768009706466,676,26.117361068725582,0.1048810109496116,1,0.2184226959943771,2,8.643280982971191,0.042622223496437,15.785712242126465,0.2697281539440155,set_2662060947637376800,candidate,C,north,102157630.0,20.3576767671131,2.829946695941636,0,0.0,0.0,0.0,0.0,0.0,249.01896761152744,0.6539638753698601,data/raw/cutouts/2662060947637376800_VIS.fits,0.8
2662166112637518401,266.2166112422046,63.75184016005307,813,23.33623504638672,0.1092895790934562,1,0.1818654537200927,0,6.6785969734191895,0.0337274633347988,10.369513511657717,0.1969792395830154,set_2662060947637376800,reference,unlabelled,north,,20.47992302394761,2.910090545594068,1,53.65692955829403,0.1222462568345079,0.080143849652432,0.3290903322754006,53.65692955830614,213.52662568524792,0.4776828637725987,data/raw/cutouts/2662166112637518401_VIS.fits,0.1
2662191679648463896,266.2191679740517,64.84638966715139,819,8.430490493774414,0.1542083919048309,1,0.3492067158222198,386,3.0962884426116943,0.0756347849965095,5.584482192993164,9.747678756713867,set_2662018807648619781,reference,unlabelled,north,,21.58536789245869,2.913283901760418,1,62.03708192659124,-0.1614705384845294,0.0347621062592122,0.3232067078901718,62.03708192657712,54.66946636067159,0.6403537468971049,data/raw/cutouts/2662191679648463896_VIS.fits,0.0
2662306748643894188,266.2306748483141,64.38941880398824,973,16.73478126525879,0.140434443950653,1,0.1773989498615265,0,4.476039409637451,0.0339542999863624,8.390267372131348,0.1998309344053268,set_2661910855643778637,reference,unlabelled,north,,20.840949899468367,2.988112840268352,1,74.3451841870598,0.0891939496106068,-0.0587723505693582,0.1794885367124022,74.3451841870816,119.16436448553316,0.6822047475797157,data/raw/cutouts/2662306748643894188_VIS.fits,0.0
2662377857668656609,266.2377857309162,66.86566099451724,839,8.31356143951416,0.1719139665365219,1,0.3913439810276031,0,1.6971614360809326,0.0287659596651792,6.256157398223877,0.1639061272144317,set_2662377857668656609,candidate,C,north,102159772.0,21.60053222327628,2.9237619608287004,0,0.0,0.0,0.0,0.0,0.0,48.358848364702254,1.4164612791657718,data/raw/cutouts/2662377857668656609_VIS.fits,1.0
2662421168654594987,266.2421168898511,65.45949874758685,1107,15.640091896057127,0.1739077419042587,1,0.2974478006362915,0,3.2475368976593018,0.0343770831823349,5.943113803863525,0.1533456146717071,set_2662725929654667784,reference,unlabelled,north,,20.914401748741373,3.044147620878723,1,52.561179050987626,0.2387862882953726,0.0172059929196932,0.6433129441577206,52.56117905096586,89.93326993267186,0.6561498811751952,data/raw/cutouts/2662421168654594987_VIS.fits,0.1
2662527621645054682,266.25276217727634,64.5054682940064,1674,17.633304595947266,0.1516707837581634,1,0.137273907661438,3,3.522756338119507,0.0290705226361751,12.300954818725586,30.123764038085938,set_2662527621645054682,candidate,B,north,102158270.0,20.78416572615803,3.2237554536572413,0,0.0,0.0,0.0,0.0,0.0,116.2603908216317,1.3576405459681318,data/raw/cutouts/2662527621645054682_VIS.fits,0.9
2662725929654667784,266.2725929582737,65.4667784284087,1064,19.48739624023437,0.1404045224189758,1,0.1442131698131561,0,4.514050483703613,0.0314196869730949,11.551984786987305,0.1749981045722961,set_2662725929654667784,candidate,C,north,102158888.0,20.675615460446,3.026941627959029,0,0.0,0.0,0.0,0.0,0.0,138.79464781114936,1.0202254912893365,data/raw/cutouts/2662725929654667784_VIS.fits,1.0
2662809738645236156,266.2809738418877,64.52361563696661,1383,18.10801696777344,0.2119727134704589,1,0.0948012471199035,0,3.0821797847747803,0.0327034704387187,8.124774932861328,0.1788244694471359,set_2662527621645054682,reference,unlabelled,north,,20.755322768072997,3.1408221801093106,1,78.59886409641709,-0.0288429580850362,-0.0829332735479306,0.1864881620627241,78.59886409641463,85.4261695824214,1.0523834289694591,data/raw/cutouts/2662809738645236156_VIS.fits,0.4
2662920834641668105,266.2920834102378,64.16681058319442,1054,13.954256057739258,0.1488436311483383,1,0.6677576899528503,0,3.159147024154663,0.0303244963288307,10.65567398071289,0.1664940267801284,set_2663073857641848290,reference,unlabelled,north,,21.03823328017252,3.022840610876528,1,69.16305627096547,0.0869813946004463,-0.0117878457487923,0.0916389706468469,69.16305627098517,93.7511128294927,1.320027715837428,data/raw/cutouts/2662920834641668105_VIS.fits,0.1
2663073857641848290,266.3073857423297,64.18482906444333,1083,15.118170738220217,0.1467101722955703,1,0.5318748950958252,0,3.028820753097534,0.0278422012925148,10.349753379821776,0.1987085491418838,set_2663073857641848290,candidate,C,north,102157953.0,20.95125188557207,3.0346284566253203,0,0.0,0.0,0.0,0.0,0.0,103.04786983524448,1.3341410723099103,data/raw/cutouts/2663073857641848290_VIS.fits,1.0
2663185642645889235,266.31856421802274,64.5889235373797,1887,36.31852722167969,0.1536097079515457,1,0.5896493792533875,0,8.123842239379883,0.0369871892035007,22.72603225708008,0.2904693186283111,set_2663454792646039044,reference,unlabelled,north,,19.99967942794251,3.2757719001649312,1,68.09104648814495,-0.2379931272316682,-0.0441665398153774,0.6820834676337499,68.0910464881413,236.4338016522753,1.1169053443105934,data/raw/cutouts/2663185642645889235_VIS.fits,0.1
2663231466659368059,266.32314660184653,65.93680598259884,1492,25.29848861694336,0.1559707224369049,1,0.3194057941436767,512,5.36574125289917,0.0333238579332828,16.959012985229492,0.2598032653331756,set_2663231466659368059,candidate,A,north,102159189.0,20.392263559207493,3.17376882313665,0,0.0,0.0,0.0,0.0,0.0,162.2002400301595,1.2494271161147548,data/raw/cutouts/2663231466659368059_VIS.fits,0.5
2663454792646039044,266.345479266346,64.60390447294114,2089,29.169633865356445,0.1862207651138305,1,0.2519204914569855,2,6.393918991088867,0.0348870754241943,22.31293678283692,0.2673878967761993,set_2663454792646039044,candidate,C,north,102158271.0,20.23767255517418,3.3199384399803087,0,0.0,0.0,0.0,0.0,0.0,156.6400709798718,1.3569740134849293,data/raw/cutouts/2663454792646039044_VIS.fits,1.0
2663546874642231995,266.3546874479879,64.22319959371205,841,16.49618911743164,0.1555128246545791,1,0.6174925565719604,0,3.771671295166016,0.0349910072982311,6.504702568054199,0.1627050191164016,set_2663924468642114448,reference,unlabelled,north,,20.85654093286324,2.924795995797912,1,72.70872605457406,-0.1288831981870579,0.0293734497585043,0.210667680612449,72.70872605460627,106.07606899348995,0.5917340160366894,data/raw/cutouts/2663546874642231995_VIS.fits,0.0
2663584264659135275,266.3584264394507,65.91352758231446,1861,28.221927642822266,0.1961088627576828,1,0.1393032073974609,512,4.505051612854004,0.0319491513073444,10.88056468963623,0.2068931609392166,set_2663231466659368059,reference,unlabelled,north,,20.273533314862245,3.269746373130767,1,98.5246059535276,-0.1187302443452473,0.0959775499941173,0.3952464236375683,98.52460595352888,143.9094962153445,0.957379161140297,data/raw/cutouts/2663584264659135275_VIS.fits,0.2
2663924468642114448,266.3924468337994,64.21144489465429,786,14.649754524230955,0.1459844708442688,1,0.2257314473390579,2,3.8265864849090576,0.0356855727732181,9.965137481689451,0.1907153874635696,set_2663924468642114448,candidate,C,north,102157953.0,20.98542413105029,2.895422546039408,0,0.0,0.0,0.0,0.0,0.0,100.3514582031044,1.0391794035706885,data/raw/cutouts/2663924468642114448_VIS.fits,0.7
2664540468632484629,266.4540468704402,63.24846292194908,1309,8.58408260345459,0.1824145466089248,1,0.208135187625885,0,1.244021773338318,0.0223366618156433,1.8290315866470337,0.1113339439034462,set_2664874839632544844,reference,unlabelled,north,,21.56576527966377,3.116939646550756,1,58.353069059733706,0.2046544561426984,0.092453978851589,0.681984389859264,58.35306905973995,47.058103440938,0.4184830600668849,data/raw/cutouts/2664540468632484629_VIS.fits,0.1
2664874839632544844,266.4874839282805,63.25448449191667,1058,10.36467456817627,0.178951546549797,1,0.2110171616077423,0,1.4097720384597778,0.0272596087306737,6.63087797164917,0.1880033165216446,set_2664874839632544844,candidate,C,north,102157630.0,21.36111082352107,3.024485667699167,0,0.0,0.0,0.0,0.0,0.0,57.91888792250299,1.6810553579031475,data/raw/cutouts/2664874839632544844_VIS.fits,1.0
2664877287645078204,266.4877287831294,64.5078204671935,4899,56.36592864990234,0.2792187035083771,1,0.2035422921180725,0,8.891526222229004,0.0380541533231735,29.291322708129883,0.3109356164932251,set_2665236167644831980,reference,unlabelled,north,,19.522458333596045,3.6901074394563302,1,104.65101892266854,-0.0661913100352968,0.1485281955097499,0.6095860501997199,104.65101892266384,201.870175391783,1.2944066748613994,data/raw/cutouts/2664877287645078204_VIS.fits,0.6
2665126187666749281,266.5126187693455,66.67492819573125,3488,40.51108169555664,0.2401949018239975,1,0.2859229743480682,0,6.596217632293701,0.0352969877421855,17.61356544494629,31.378894805908203,set_2665369897666631529,reference,unlabelled,north,,19.88106540116597,3.5425764762605296,1,54.81168352926258,-0.2658479631116357,0.0782359916328623,0.9408768080658324,54.81168352926451,168.6592071185636,1.0663807532284393,data/raw/cutouts/2665126187666749281_VIS.fits,0.9
2665236167644831980,266.5236167729248,64.483198065541,3480,53.03226089477539,0.2554610669612884,1,0.2565061151981354,2,9.754802703857422,0.0435205288231372,23.55439758300781,0.2947861850261688,set_2665236167644831980,candidate,C,north,102158271.0,19.588649643631346,3.5415792439465807,0,0.0,0.0,0.0,0.0,0.0,207.594298127674,0.957133778526968,data/raw/cutouts/2665236167644831980_VIS.fits,0.4
2665282771642752974,266.52827711350506,64.27529745428916,1638,24.78733253479004,0.1494634598493576,1,0.459100604057312,2,5.689268112182617,0.0328427031636238,19.871240615844727,0.2126635015010833,set_2665805764642614383,reference,unlabelled,north,,20.41442551726285,3.2143138974244,1,95.765516395026,-0.039230614032558,0.0327561235616133,0.051787230767141,95.76551639503538,165.84208983100544,1.3579214533897646,data/raw/cutouts/2665282771642752974_VIS.fits,0.3
2665369897666631529,266.536989704698,66.66315298620171,2913,31.712804794311523,0.2129521667957306,1,0.1022074669599533,0,5.847357273101807,0.0339495427906513,16.64986801147461,0.2459073364734649,set_2665369897666631529,candidate,C,north,102159484.0,20.1469133642776,3.4643404846276677,0,0.0,0.0,0.0,0.0,0.0,148.91985027196878,1.1361279126589583,data/raw/cutouts/2665369897666631529_VIS.fits,1.0
2665531940660739428,266.5531940837494,66.07394281736157,844,12.407127380371094,0.1381434202194214,1,0.2164637595415115,0,3.017143726348877,0.0326928496360778,9.64634609222412,0.1651897132396698,set_2665531940660739428,candidate,C,north,102159189.0,21.165821897434935,2.926342446625655,0,0.0,0.0,0.0,0.0,0.0,89.81337917263173,1.26191710136917,data/raw/cutouts/2665531940660739428_VIS.fits,1.0
2665581065664778853,266.55810653587696,66.47788537074143,1667,22.05418586730957,0.1669655740261078,1,0.1948698014020919,2,3.668711185455322,0.0286462809890508,12.289688110351562,0.1952601373195648,set_2665581065664778853,candidate,B,north,102159484.0,20.541272424045264,3.2219355998280053,0,0.0,0.0,0.0,0.0,0.0,132.088222353316,1.3125683440055138,data/raw/cutouts/2665581065664778853_VIS.fits,0.8
2665805764642614383,266.5805764492324,64.26143834926226,1519,23.907686233520508,0.1837796121835708,1,0.1003605797886848,0,5.612002372741699,0.0399503894150257,19.17119407653809,0.2123705893754959,set_2665805764642614383,candidate,C,north,102158271.0,20.453656131295407,3.1815577738627865,0,0.0,0.0,0.0,0.0,0.0,130.08889261143932,1.3338282943703206,data/raw/cutouts/2665805764642614383_VIS.fits,1.0
2665818100639839784,266.5818100561244,63.98397842116715,2067,31.23203659057617,0.2017389982938766,1,0.0021800850518047,0,5.10719108581543,0.0336495041847229,13.063130378723145,0.1719220727682113,set_2665837948640101882,reference,unlabelled,north,,20.16349923801474,3.3153404766272883,1,94.4074661863837,-0.2316303388169593,0.0331716983226466,0.6312904566813067,94.40746618637672,154.8140758837314,1.019662885271614,data/raw/cutouts/2665818100639839784_VIS.fits,0.0
2665837948640101882,266.5837948903451,64.01018827594963,1915,25.23179626464844,0.1888400614261627,1,0.2394240051507949,2,4.768716812133789,0.0370206125080585,14.38493537902832,0.2261111587285995,set_2665837948640101882,candidate,C,north,102157953.0,20.3951295768317,3.2821687783046416,0,0.0,0.0,0.0,0.0,0.0,133.61463703248256,1.1987659560630404,data/raw/cutouts/2665837948640101882_VIS.fits,0.5
2665945112680410578,266.5945112890753,68.04105787642916,819,9.822802543640137,0.1279935240745544,1,0.1139533445239067,0,1.927828788757324,0.0248376093804836,6.012146949768066,0.1376477479934692,set_2665945112680410578,candidate,B,north,102160334.0,21.41941146495418,2.913283901760418,0,0.0,0.0,0.0,0.0,0.0,76.74452762093257,1.234902814299663,data/raw/cutouts/2665945112680410578_VIS.fits,0.9
2666022792643866975,266.60227927543565,64.38669754783581,3172,74.84072875976562,0.2307319492101669,1,0.4609724283218384,2,12.15335750579834,0.0426656678318977,17.81580924987793,24.57244682312012,set_2666275399643768812,reference,unlabelled,north,,19.214654980548858,3.501333178645566,1,52.86612193314042,0.0014994778397969,-0.0629777313150365,0.101575962190439,52.86612193317072,324.36222645350006,0.4152732018986333,data/raw/cutouts/2666022792643866975_VIS.fits,0.7
2666035808660886597,266.60358086564145,66.0886597971809,724,11.49767017364502,0.0924505516886711,1,0.3081701099872589,2,3.129472017288208,0.0276265498250722,7.610620021820068,0.1730332821607589,set_2665531940660739428,reference,unlabelled,north,,21.24847538460267,2.859738566197147,1,90.64038364789504,0.0826534871677324,-0.066603880428508,0.1938521977718102,90.640383647888,124.36561993013986,0.9648724167924204,data/raw/cutouts/2666035808660886597_VIS.fits,0.1
2666067074664965427,266.60670748703,66.49654272191634,1846,22.874526977539062,0.1818625926971435,1,0.2033099830150604,2,4.476973533630371,0.0344493985176086,13.69013500213623,0.1772095561027526,set_2665581065664778853,reference,unlabelled,north,,20.501619694866204,3.266231696689893,1,96.86947387677192,-0.0396527291790604,0.0442960968618879,0.07456904347541,96.86947387673236,125.77917557588164,1.2135580096587015,data/raw/cutouts/2666067074664965427_VIS.fits,0.1
2666096789644790215,266.60967895529205,64.47902151554179,1733,21.81509780883789,0.1704649925231933,1,0.1146068274974823,0,4.413019180297852,0.0303400009870529,14.002907752990724,0.2260629087686538,set_2666096789644790215,candidate,C,north,102158271.0,20.55310708874157,3.238798562713917,0,0.0,0.0,0.0,0.0,0.0,127.97406368272212,1.2537060319830076,data/raw/cutouts/2666096789644790215_VIS.fits,1.0
2666128848680338192,266.612884801876,68.03381922344872,782,9.231427192687988,0.1223739311099052,1,0.4208457469940185,0,2.0771589279174805,0.0242749322205781,4.047484874725342,0.1411581486463546,set_2665945112680410578,reference,unlabelled,north,,21.486827877989437,2.893206753059848,1,35.93125346270257,0.0674164130352537,-0.0200771487005706,0.0616838662319526,35.93125346270546,75.43622329495287,0.7242887696834243,data/raw/cutouts/2666128848680338192_VIS.fits,0.7
2666266781653234779,266.62667815122546,65.3234779273076,1004,9.468002319335938,0.1492058932781219,1,0.8218922019004822,0,1.2804285287857056,0.0223751980811357,5.257312774658203,0.1311316192150116,set_2666352359653343604,reference,unlabelled,north,,21.45935411088921,3.0017337128090005,1,41.23361620301355,-0.2011078635099892,0.0412629352747013,0.4934053222875311,41.23361620300221,63.45595412700923,1.5335211835872498,data/raw/cutouts/2666266781653234779_VIS.fits,0.0
2666275399643768812,266.6275399812074,64.37688126215781,3667,74.94416046142578,0.2185684144496917,1,0.1092269718647003,0,14.791213989257812,0.0469610691070556,35.328033447265625,0.3348224759101867,set_2666275399643768812,candidate,C,north,102158271.0,19.21315550270906,3.5643109099606027,0,0.0,0.0,0.0,0.0,0.0,342.886508327926,0.9452891067422844,data/raw/cutouts/2666275399643768812_VIS.fits,0.9
2666311312645075232,266.631131287161,64.50752326558487,1826,21.94670295715332,0.1924263387918472,1,0.4337401986122131,2,2.719476222991944,0.0240456704050302,7.190611362457275,0.1620018929243087,set_2666096789644790215,reference,unlabelled,north,,20.54657678594251,3.2615007731982804,1,107.86104524457704,-0.0065303027990566,0.0227022104843634,0.0233328749319588,107.86104524459066,114.0524893574661,1.055701376614964,data/raw/cutouts/2666311312645075232_VIS.fits,0.0
2666352359653343604,266.6352359529673,65.33436044717372,913,7.867109775543213,0.1683803349733352,1,0.0853192657232284,0,1.2253497838974,0.0245536584407091,2.385640859603882,0.1019002869725227,set_2666352359653343604,candidate,C,north,102158888.0,21.6604619743992,2.960470777534299,0,0.0,0.0,0.0,0.0,0.0,46.72225991704466,0.7233624648611413,data/raw/cutouts/2666352359653343604_VIS.fits,0.6
2666433669636235110,266.6433669842196,63.62351106820062,1821,22.09443473815918,0.2018008232116699,1,0.249571144580841,2,4.081175804138184,0.0325845293700695,9.10340976715088,0.1771747171878814,set_2666717393636253352,reference,unlabelled,north,,20.53929276226696,3.26030994579492,1,45.84902977113976,0.0587795399854016,0.0123366794331132,0.043996352399602,45.84902977117349,109.48634592528008,0.8710469715988599,data/raw/cutouts/2666433669636235110_VIS.fits,0.3
2666701283637748405,266.6701283059389,63.774840516905,3265,48.32268142700195,0.2975252270698547,1,0.1559615582227707,0,6.786857604980469,0.0403972007334232,,,set_2667157070637899731,reference,unlabelled,north,,19.689622436762008,3.5138831856110926,1,90.67775340695232,0.0543961641084855,-0.0659004110057175,0.1484981748806037,90.67775340695393,162.4154089483527,,data/raw/cutouts/2666701283637748405_VIS.fits,0.5
2666703690643707855,266.6703690571519,64.37078556416387,745,8.64209270477295,0.1264310181140899,1,0.5755311250686646,0,1.9644348621368408,0.0240226555615663,3.2230007648468018,0.1409816294908523,set_2667075841643597456,reference,unlabelled,north,,21.55845269817601,2.8721562727482928,1,70.27892133281219,0.1048917524721666,0.009428744430318,0.1287045882981708,70.20244570325545,68.35421270573352,0.5375569394360455,data/raw/cutouts/2666703690643707855_VIS.fits,0.1
2666717393636253352,266.6717393723998,63.62533522297152,1770,23.32355308532715,0.1719349026679992,1,0.1084393933415412,0,4.791628837585449,0.0312148611992597,13.497151374816896,0.2298752218484878,set_2666717393636253352,candidate,C,north,102157630.0,20.480513222281555,3.247973266361807,0,0.0,0.0,0.0,0.0,0.0,135.65339394971005,1.124397371716683,data/raw/cutouts/2666717393636253352_VIS.fits,0.8
2666887952642788040,266.6887952766818,64.27880405039151,866,10.99770736694336,0.1278371959924698,1,0.3287276029586792,0,2.578974485397339,0.0266235340386629,8.642767906188965,0.1641198843717575,set_2667495126642648648,reference,unlabelled,north,,21.296744601118103,2.937517892017347,1,107.3392344310062,0.0692260265662305,-0.0295618421271504,0.0849727147909439,107.33923443099263,86.02900964435403,1.3130145125463315,data/raw/cutouts/2666887952642788040_VIS.fits,0.8
2666908140651698636,266.6908140845465,65.16986365770995,1459,21.08237266540528,0.1997618377208709,1,0.4517703652381897,0,4.139023780822754,0.0357417203485965,14.374593734741213,0.2344844490289688,set_2666942307651520406,reference,unlabelled,north,,20.59020128517781,3.1640552918934515,1,64.3705266625522,-0.0113397016959844,-0.0653705560272435,0.1118139435853063,64.37052666256056,105.5375386306962,1.3517441438354512,data/raw/cutouts/2666908140651698636_VIS.fits,0.2
2666942307651520406,266.6942307060368,65.15204064910925,1696,20.86332893371582,0.1583065688610077,1,0.1659872531890869,0,4.193866729736328,0.0296641178429126,15.591485977172852,0.1957212835550308,set_2666942307651520406,candidate,C,north,102158583.0,20.601540986873797,3.229425847920695,0,0.0,0.0,0.0,0.0,0.0,131.79067099883713,1.4256822071471942,data/raw/cutouts/2666942307651520406_VIS.fits,0.6
2667037255658040889,266.7037255967939,65.80408890571698,2498,38.20552444458008,0.2179553508758545,1,0.1500713974237442,0,8.439096450805664,0.0430419221520423,20.96393394470215,0.2557256817817688,set_2667307885658289641,reference,unlabelled,north,,19.944684586024003,3.3975924340381165,1,98.0424160599528,0.1157164533350503,-0.0512684115693242,0.2227333458591514,98.04241605994272,175.29060099259328,0.9879420803235271,data/raw/cutouts/2667037255658040889_VIS.fits,0.0
2667075841643597456,266.7075841661368,64.35974560846714,729,9.51865577697754,0.1230705603957176,1,0.1261766254901886,0,2.211665868759156,0.0254963003098964,6.77910852432251,0.1696768850088119,set_2667075841643597456,candidate,C,north,102158271.0,21.45356094570384,2.8627275283179747,0,0.0,0.0,0.0,0.0,0.0,77.34307657632763,1.216132676576475,data/raw/cutouts/2667075841643597456_VIS.fits,1.0
2667157070637899731,266.71570709085694,63.78997313083477,3800,50.80535507202149,0.3299922347068786,1,0.4535571038722992,2,6.286055088043213,0.0326627679169178,19.16772651672364,0.2690636813640594,set_2667157070637899731,candidate,C,north,102157953.0,19.63522627265352,3.57978359661681,0,0.0,0.0,0.0,0.0,0.0,153.95924427479403,1.210481054074653,data/raw/cutouts/2667157070637899731_VIS.fits,1.0
2667206692679553498,266.72066924191034,67.95534986549919,806,7.01430082321167,0.1460836082696914,1,0.2294961810111999,0,1.0130561590194702,0.0258451160043478,2.2498581409454346,0.141010507941246,set_2667206692679553498,candidate,C,north,102160334.0,21.785039031031037,2.906335041805091,0,0.0,0.0,0.0,0.0,0.0,48.0156597053809,0.8663040359903708,data/raw/cutouts/2667206692679553498_VIS.fits,0.7
2667296666679671209,266.7296666198247,67.96712099901316,958,6.479834079742432,0.1557066291570663,1,0.1752389520406723,0,1.238378882408142,0.0236311014741659,2.782848358154297,0.1281068325042724,set_2667206692679553498,reference,unlabelled,north,,21.871090285931093,2.9813655090785445,1,44.08460877462814,0.0860512549000596,0.0750304672734536,0.2246812337297558,44.08460877463956,41.61565962105579,0.8790900100803846,data/raw/cutouts/2667296666679671209_VIS.fits,0.1
2667307885658289641,266.7307885627306,65.82896415554623,2811,42.5023307800293,0.1896274834871292,1,0.1238074451684951,2,9.179171562194824,0.039006557315588,22.58837127685547,0.2479720562696457,set_2667307885658289641,candidate,C,north,102159189.0,19.828968132688956,3.4488608456074408,0,0.0,0.0,0.0,0.0,0.0,224.13592164193912,0.9777035760066513,data/raw/cutouts/2667307885658289641_VIS.fits,0.9
2667349649658169217,266.734964987081,65.81692175782068,1661,14.287154197692873,0.1932286620140075,1,0.2336005121469497,0,1.9348951578140257,0.0244627874344587,3.0220656394958496,0.1307428628206253,set_2667621594658425817,reference,unlabelled,north,,21.012635670030807,3.220369632451394,1,100.69831680344234,0.0294498440757493,0.0439889402081243,0.0667058090188666,43.78776778346506,73.93910431702503,0.4841161381111152,data/raw/cutouts/2667349649658169217_VIS.fits,0.2
2667369857656592893,266.7369857979483,65.65928938781953,1214,15.003582954406738,0.1702298372983932,1,0.4191716015338897,0,2.69234585762024,0.0279050897806882,6.434614181518555,0.1480012983083725,set_2667598212656664956,reference,unlabelled,north,,20.959512540441697,3.0842186867392387,1,42.67022235289247,0.0470003998986747,-0.0126913262688175,0.0301326040154826,42.67022235290026,88.13721021249168,0.9459791584193168,data/raw/cutouts/2667369857656592893_VIS.fits,0.0
2667434443654461269,266.7434443925532,65.44612692321355,1423,18.3018741607666,0.1692546755075454,1,0.0997874438762664,2,3.0127711296081543,0.027938412502408,14.018192291259766,3.7679381370544434,set_2667434443654461269,candidate,A,north,102158888.0,20.74376108769537,3.153204900084284,0,0.0,0.0,0.0,0.0,0.0,108.13216300161056,1.669314680072853,data/raw/cutouts/2667434443654461269_VIS.fits,1.0
2667495126642648648,266.74951262924424,64.26486482529228,927,11.721753120422363,0.1574217528104782,1,0.3348525762557983,0,2.3608875274658203,0.0320181138813495,8.430839538574219,0.1890701353549957,set_2667495126642648648,candidate,C,north,102158271.0,21.227518574551876,2.967079734144497,0,0.0,0.0,0.0,0.0,0.0,74.46082203476867,1.3819888144625323,data/raw/cutouts/2667495126642648648_VIS.fits,1.0
2667525233662066010,266.752523378839,66.20660101616646,1614,16.35087776184082,0.2329811155796051,1,0.123309887945652,2,1.949946045875549,0.0293589923530817,6.881176948547363,0.1632325053215026,set_2667596748662187959,reference,unlabelled,north,,20.86614732052276,3.2079035303860515,1,45.11321792370231,0.0012398518002108,0.11694045379032,0.343638681729749,45.1132179237015,70.18112914930242,1.3691003275440623,data/raw/cutouts/2667525233662066010_VIS.fits,0.1
2667596748662187959,266.7596748105514,66.218795975012,1233,16.36956024169922,0.1896242499351501,1,0.2633871138095855,2,2.636152029037476,0.0326446294784545,10.970766067504885,0.1912770569324493,set_2667596748662187959,candidate,A,north,102159189.0,20.864907468722546,3.0909630765957314,0,0.0,0.0,0.0,0.0,0.0,86.32630186960513,1.5481662545529642,data/raw/cutouts/2667596748662187959_VIS.fits,0.8
2667598212656664956,266.75982124560363,65.66649567484197,1250,15.667335510253906,0.1439497023820877,1,0.0925638973712921,2,3.631490230560303,0.0287580396980047,12.539350509643556,0.2343140691518783,set_2667598212656664956,candidate,C,north,102158888.0,20.912512140543026,3.096910013008056,0,0.0,0.0,0.0,0.0,0.0,108.83895729543003,1.3454754053153295,data/raw/cutouts/2667598212656664956_VIS.fits,0.9
2667621594658425817,266.7621594260971,65.84258177618031,1501,14.679986953735352,0.1620523631572723,1,0.1221617013216018,2,2.567445993423462,0.0269025564193725,9.275532722473145,0.1906247437000274,set_2667621594658425817,candidate,C,north,102159189.0,20.983185825955054,3.1763806922432702,0,0.0,0.0,0.0,0.0,0.0,90.58792274129554,1.3945938623854317,data/raw/cutouts/2667621594658425817_VIS.fits,1.0
2667685830654727664,266.7685830763129,65.47276642127335,1251,18.864933013916016,0.1578561961650848,1,0.0851194038987159,0,3.633822202682495,0.0287821516394615,9.463286399841309,26.394248962402344,set_2667434443654461269,reference,unlabelled,north,,20.710861831410348,3.09725730969342,1,103.00517533185088,-0.0328992562850238,-0.0559475903908639,0.099375977401441,103.00517533182273,119.50707968528022,1.0391957744518778,data/raw/cutouts/2667685830654727664_VIS.fits,0.8
2667757218632033055,266.77572187379866,63.20330559722951,750,8.233769416809082,0.1477951556444168,1,0.0578417293727397,0,1.7234474420547483,0.0273728985339403,7.975076198577881,0.1726153939962387,set_2667757218632033055,candidate,C,north,102157301.0,21.611003248498637,2.8750612633917,0,0.0,0.0,0.0,0.0,0.0,55.71068538010045,1.6633419936886862,data/raw/cutouts/2667757218632033055_VIS.fits,0.6
2668103183632240848,266.8103183538609,63.22408489843702,704,8.489778518676758,0.1291437149047851,1,0.0752281621098518,0,1.6817454099655151,0.0233456119894981,3.481566429138184,0.1270342171192169,set_2667757218632033055,reference,unlabelled,north,,21.57775909870437,2.847572659142112,1,93.52179822928468,-0.0332441497942639,-0.0274886042495881,0.0386688550485086,93.521798229297,65.73899879631068,0.790036087527573,data/raw/cutouts/2668103183632240848_VIS.fits,0.1
2668187763674768854,266.8187763326852,67.47688549384985,1628,13.290725708007812,0.1751034557819366,1,0.1920216232538223,3,1.587570071220398,0.0243249852210283,5.629365921020508,0.1514296531677246,set_2668937155674851135,reference,unlabelled,north,,21.091128262018916,3.2116544005531824,1,107.48558447376224,-0.0195953795541434,0.1037663753703839,0.2833579133958419,57.31737539914404,75.90213253449029,1.3743164416132665,data/raw/cutouts/2668187763674768854_VIS.fits,0.3
2668203348640973901,266.8203348265631,64.09739011616426,853,9.984453201293944,0.1679996699094772,1,0.4337116479873657,258,2.1831579208374023,0.0299689788371324,10.217244148254396,0.1684869527816772,set_2668203348640973901,candidate,B,north,102157953.0,21.401689285712088,2.930949031167523,0,0.0,0.0,0.0,0.0,0.0,59.43138582756644,1.6756215483039585,data/raw/cutouts/2668203348640973901_VIS.fits,1.0
2668352656653967445,266.83526563694056,65.3967445318314,851,13.208888053894045,0.1989619433879852,1,0.267843633890152,0,3.0468244552612305,0.0394462086260318,10.131467819213867,0.1966391950845718,set_2668788901653963879,reference,unlabelled,north,,21.09783435119146,2.929929560084588,1,65.39726743653516,0.0878742886620713,-0.0786706116773294,0.2441920819595646,65.39726743647597,66.38901806530954,1.3045623413005905,data/raw/cutouts/2668352656653967445_VIS.fits,0.1
2668549907666401260,266.8549907580874,66.6401260123803,813,14.58038330078125,0.1122780591249466,1,0.3751655519008636,2,3.91920018196106,0.0339124649763107,8.869511604309082,0.1667340993881225,set_2669178270666305940,reference,unlabelled,north,,20.99057764696793,2.910090545594068,1,96.04983900538431,0.1180117737347465,0.0361889477296064,0.1953924250936097,96.04983900536924,129.85959513742338,0.8867556491172407,data/raw/cutouts/2668549907666401260_VIS.fits,0.1
2668733222640922289,266.87332223197234,64.09222898672489,806,9.942060470581056,0.124688908457756,1,0.2458076477050781,2,2.2407267093658447,0.0261218901723623,8.11629581451416,0.1579787880182266,set_2668203348640973901,reference,unlabelled,north,,21.406308999200604,2.906335041805091,1,85.38360953528266,0.0046197134885161,-0.0246139893624319,0.0216336517024431,85.38360953524362,79.73492264509942,1.3974224410340144,data/raw/cutouts/2668733222640922289_VIS.fits,0.0
2668788901653963879,266.8788901091584,65.39638790081199,1020,14.322405815124512,0.1477822959423065,1,0.1988140046596527,2,3.148359775543213,0.0297160483896732,10.087387084960938,0.2070740908384323,set_2668788901653963879,candidate,C,north,102158889.0,21.009960062529387,3.008600171761917,0,0.0,0.0,0.0,0.0,0.0,96.91557248992744,1.2642358283194317,data/raw/cutouts/2668788901653963879_VIS.fits,0.9
2668937155674851135,266.8937155920024,67.48511356835796,1282,13.053006172180176,0.1835148632526397,1,0.4096806645393371,2,2.3824353218078613,0.0280406419187784,7.771886825561523,0.1902975291013717,set_2668937155674851135,candidate,C,north,102160057.0,21.110723641573056,3.1078880251827985,0,0.0,0.0,0.0,0.0,0.0,71.12778736733969,1.283763371229445,data/raw/cutouts/2668937155674851135_VIS.fits,1.0
2669025467660431663,266.9025467474394,66.04316637532862,4065,50.15577697753906,0.3333535194396972,1,0.0584893971681594,0,5.551675796508789,0.0370511189103126,4.3070902824401855,19.21969985961914,set_2669025467660431663,candidate,C,north,102159189.0,19.649197593549445,3.609060549930087,0,0.0,0.0,0.0,0.0,0.0,150.45821943575464,-0.2756003031402771,data/raw/cutouts/2669025467660431663_VIS.fits,1.0
2669178270666305940,266.9178270139711,66.63059402966819,748,16.254501342773438,0.1344180554151535,1,0.1780055910348892,0,4.368341445922852,0.0374831221997737,12.425607681274414,0.2254171818494796,set_2669178270666305940,candidate,C,north,102159484.0,20.872565873233185,2.873901597864461,0,0.0,0.0,0.0,0.0,0.0,120.92498505926906,1.1350026505811517,data/raw/cutouts/2669178270666305940_VIS.fits,1.0
2669397021640472384,266.9397021862729,64.04723848691526,3854,69.44366455078125,0.2447544634342193,1,0.1997976899147033,512,14.919490814208984,0.0483871027827262,48.73573303222656,0.3948661684989929,set_2669397021640472384,candidate,A,north,102157953.0,19.29591842363311,3.5859117103194342,0,0.0,0.0,0.0,0.0,0.0,283.7278780390661,1.285233753146685,data/raw/cutouts/2669397021640472384_VIS.fits,0.6
2669416976643022366,266.941697673943,64.30223666784019,3193,46.4572639465332,0.1971209347248077,1,0.2562447786331177,2,8.408930778503418,0.0366005152463912,24.141002655029297,0.3056897521018982,set_2669416976643022366,candidate,C,north,102158271.0,19.73236592778977,3.504198918539445,0,0.0,0.0,0.0,0.0,0.0,235.6789957971245,1.145036315963598,data/raw/cutouts/2669416976643022366_VIS.fits,0.7
2669456536640421647,266.94565362475265,64.04216477352715,4273,72.89603424072266,0.3322320878505707,1,0.1585191041231155,514,10.19186782836914,0.0392355620861053,27.25467300415039,0.249503031373024,set_2669397021640472384,reference,unlabelled,north,,19.24324024485044,3.6307328928171967,1,20.531796737157386,-0.0526781787826742,0.0448211824977624,0.0814181032005721,20.53179673715568,219.4129853992592,1.0679679821814827,data/raw/cutouts/2669456536640421647_VIS.fits,0.0
2669516462660625629,266.95164628759875,66.06256295640696,3029,51.481224060058594,0.2468889206647873,1,0.6296343207359314,2,6.23941707611084,0.0358815528452396,13.31592082977295,0.1981237530708313,set_2669025467660431663,reference,unlabelled,north,,19.62087783875241,3.481299273332856,1,100.1162399612552,-0.0283197547970353,-0.1277612765972313,0.4255781318235235,100.11623996124966,208.5197825865871,0.8230679680174914,data/raw/cutouts/2669516462660625629_VIS.fits,0.0
2669578467642829127,266.9578467854474,64.28291271845855,2432,38.77436447143555,0.1995459198951721,1,0.1452995985746383,0,7.460188865661621,0.0352024361491203,16.580219268798828,18.60881996154785,set_2669416976643022366,reference,unlabelled,north,,19.928638279324936,3.385963570600697,1,73.9961031636416,0.1962723515351641,-0.1182353479387479,0.782215741350511,73.99610316364732,194.31299067304892,0.867101118150889,data/raw/cutouts/2669578467642829127_VIS.fits,0.6
2669630971662003142,266.9630971063432,66.20031429943134,2824,38.580711364746094,0.2473251223564148,1,0.2168327867984771,2,6.474940776824951,0.0401591062545776,22.523277282714844,0.3017217814922333,set_2670264740661969458,reference,unlabelled,north,,19.93407442235918,3.450864692379766,1,92.87177711297456,-0.0012590141507438,-0.039936259631089,0.0472849237271365,92.87177711295728,155.99188225265803,1.3534894573717673,data/raw/cutouts/2669630971662003142_VIS.fits,0.7
2669640917645555578,266.9640917865017,64.55555782812044,996,14.501668930053713,0.1504427939653396,1,0.3838519155979156,0,2.9284863471984863,0.0268260240554809,6.719316482543945,0.1670801043510437,set_2669783965645385151,reference,unlabelled,north,,20.996455034860137,2.998259338423699,1,65.22342146709066,0.1406370782745902,0.0307113622048369,0.2469912034792536,65.22342146709339,96.3932438890675,0.9017047334002094,data/raw/cutouts/2669640917645555578_VIS.fits,0.0
2669674055661286334,266.9674055993545,66.12863341360313,827,10.299498558044434,0.1518891900777816,1,0.0722308978438377,0,2.2134575843811035,0.0314572602510452,7.909000873565674,0.1584862470626831,set_2669674055661286334,candidate,A,north,102159189.0,21.36795979716316,2.9175055095525466,0,0.0,0.0,0.0,0.0,0.0,67.8092927664577,1.382626048324835,data/raw/cutouts/2669674055661286334_VIS.fits,0.8
2669783965645385151,266.9783965995823,64.53851515043344,928,16.507177352905273,0.1252478063106537,1,0.09312354773283,2,4.1089768409729,0.0298355296254158,11.410462379455566,0.1902157664299011,set_2669783965645385151,candidate,C,north,102158271.0,20.855817956585547,2.967547976218862,0,0.0,0.0,0.0,0.0,0.0,131.796139502534,1.1089238748441992,data/raw/cutouts/2669783965645385151_VIS.fits,0.9
2669967124675332896,266.99671242634975,67.53328967537107,4447,96.11540985107422,0.3047496676445007,1,0.0969001576304435,0,16.214832305908203,0.0557958669960498,42.53451919555664,0.3000175058841705,set_2669967124675332896,candidate,C,north,102160057.0,18.94301744454419,3.648067129448935,0,0.0,0.0,0.0,0.0,0.0,315.39135249589714,1.0470726660297938,data/raw/cutouts/2669967124675332896_VIS.fits,0.5
2669981472661541772,266.99814725771233,66.15417721234904,725,10.34583854675293,0.1407185494899749,1,0.5654792785644531,0,2.461118221282959,0.031941071152687,3.675778865814209,0.1388279199600219,set_2669674055661286334,reference,unlabelled,north,,21.36308575827409,2.8603380065709936,1,102.27423012654654,-0.0048740388890671,-0.057167502981553,0.090934822937882,102.27423012656593,73.52149794217422,0.4355422515614968,data/raw/cutouts/2669981472661541772_VIS.fits,0.0
2670114138675210252,267.01141388946746,67.52102522278636,3608,84.73811340332031,0.3066426515579223,1,0.4279094040393829,0,10.135357856750488,0.0455014035105705,19.30300521850586,0.196642130613327,set_2669967124675332896,reference,unlabelled,north,,19.07980302323692,3.557266528869904,1,48.56616659677099,0.1367855786927307,-0.0908006005790307,0.4160330697056678,48.56616659678119,276.3415753575101,0.6994646020560038,data/raw/cutouts/2670114138675210252_VIS.fits,0.0
2670223888635610588,267.0223888121212,63.56105886408634,5362,92.0855712890625,0.2845760285854339,1,0.0535477548837661,0,14.450942993164062,0.045808058232069,36.27180862426758,0.3147302567958832,set_2670223888635610588,candidate,C,north,102157630.0,18.989521033097542,3.7293268096468606,0,0.0,0.0,0.0,0.0,0.0,323.5886442958672,0.9991825589325686,data/raw/cutouts/2670223888635610588_VIS.fits,0.9
2670264740661969458,267.02647405860614,66.19694583301239,3096,38.5359992980957,0.2030242085456848,1,0.2081800997257232,2,6.861963272094727,0.0351096019148826,23.176389694213867,0.2411729246377945,set_2670264740661969458,candidate,C,north,102159189.0,19.935333436509925,3.490800952010855,0,0.0,0.0,0.0,0.0,0.0,189.80987328624053,1.321493488478927,data/raw/cutouts/2670264740661969458_VIS.fits,1.0
2670408372641843772,267.0408372602538,64.1843772299717,911,17.377124786376953,0.1032026931643486,1,0.1654459238052368,0,5.490036487579346,0.0339939072728157,14.206975936889648,0.241404503583908,set_2670867930641857555,reference,unlabelled,north,,20.800055200430258,2.9595183769729982,1,72.21453819687318,0.0386357239735311,-0.0620843390552439,0.1174183675219402,72.21453819688607,168.37859801491967,1.0323160350756315,data/raw/cutouts/2670408372641843772_VIS.fits,0.0
2670694521635734101,267.06945212055604,63.57341014847044,4734,85.633056640625,0.302075445652008,1,0.1785514652729034,0,14.206536293029783,0.0574625022709369,31.33016967773437,0.2425670772790908,set_2670223888635610588,reference,unlabelled,north,,19.06839638429728,3.675228253593064,1,87.55190641690683,0.0788753511997342,-0.0540985560537965,0.1488639237606499,87.55190641688212,283.4823481127115,0.8586863544719326,data/raw/cutouts/2670694521635734101_VIS.fits,0.9
2670867930641857555,267.08679308652177,64.18575550938476,1051,18.006620407104492,0.1275918334722519,1,0.2210409790277481,0,4.57563591003418,0.0315236113965511,14.01246452331543,0.2112684994935989,set_2670867930641857555,candidate,C,north,102157953.0,20.761419476456727,3.021602716028242,0,0.0,0.0,0.0,0.0,0.0,141.12674704232143,1.2151576658501346,data/raw/cutouts/2670867930641857555_VIS.fits,1.0
2671164656679874913,267.1164656309362,67.98749135778198,1398,15.874481201171877,0.1586948782205581,1,0.3229295909404754,0,3.003005027770996,0.0291427355259656,5.395627021789551,0.1606849133968353,set_2671626647680071775,reference,unlabelled,north,,20.89825114779075,3.1455071714096627,1,94.36738907830286,0.0770436678388151,-0.0125536225269424,0.0775271326492891,94.3673890783177,100.0314652821317,0.6362146541840565,data/raw/cutouts/2671164656679874913_VIS.fits,0.4
2671235183646742735,267.12351835618296,64.67427352080641,1637,19.239187240600582,0.1905145347118377,1,0.0839139372110366,0,3.348395347595215,0.0285317618399858,10.576638221740724,0.173526257276535,set_2671235183646742735,candidate,C,north,102158271.0,20.68953319669899,3.2140486794119414,0,0.0,0.0,0.0,0.0,0.0,100.98540392049756,1.2487772988907564,data/raw/cutouts/2671235183646742735_VIS.fits,0.9
2671344485655906428,267.1344485874004,65.5906428682176,2035,27.78842544555664,0.1586181670427322,1,0.1103813126683235,2,6.236074447631836,0.0340179055929183,11.121208190917969,35.80099868774414,set_2671823434655725219,reference,unlabelled,north,,20.29034015155956,3.308564413561238,1,96.6244261285076,-0.0989289276058222,0.0444552572554304,0.1661547993445132,96.62442612847794,175.19068568022448,0.6281016991030176,data/raw/cutouts/2671344485655906428_VIS.fits,0.3
2671372494646476373,267.13724949179084,64.64763737808593,1240,16.56597137451172,0.1866665035486221,1,0.3971172273159027,2,3.378039836883545,0.033048789948225,5.443713665008545,0.1289515197277069,set_2671235183646742735,reference,unlabelled,north,,20.85195773355983,3.093421685162235,1,98.19610465587964,0.1624245368608399,-0.1206269942497062,0.6651689969299424,98.19610465588129,88.7463527713031,0.5180762668321481,data/raw/cutouts/2671372494646476373_VIS.fits,0.5
2671626647680071775,267.1626647932867,68.00717753875819,1439,17.041860580444336,0.1544546335935592,1,0.0669481232762336,0,3.734234809875488,0.0305025931447744,11.870144844055176,0.2189512103796005,set_2671626647680071775,candidate,C,north,102160334.0,20.821207479951934,3.158060793936605,0,0.0,0.0,0.0,0.0,0.0,110.33570300836207,1.2556359884185166,data/raw/cutouts/2671626647680071775_VIS.fits,1.0
2671788419643474360,267.1788419594466,64.3474360898077,1131,22.630830764770508,0.1473626941442489,1,0.6350445747375488,0,4.618725776672363,0.0301519036293029,9.7546968460083,18.729610443115234,set_2672377449643470686,reference,unlabelled,north,,20.5132487576305,3.053462604925455,1,91.80967558070756,-0.1916176697657654,-0.1021770288343213,0.6762005021398227,91.80967558072184,153.572319617188,0.8117289974967056,data/raw/cutouts/2671788419643474360_VIS.fits,0.0
2671823434655725219,267.18234341549777,65.57252192871321,1837,25.368358612060547,0.1613694280385971,1,0.2271950989961624,0,5.5752854347229,0.0319776199758052,14.319613456726074,0.2267594188451767,set_2671823434655725219,candidate,C,north,102158889.0,20.38926907916538,3.264109156305808,0,0.0,0.0,0.0,0.0,0.0,157.20672075501702,1.024160470446768,data/raw/cutouts/2671823434655725219_VIS.fits,0.9
2671919575679233124,267.19195756339604,67.92331240138137,1985,30.00775718688965,0.2211270332336425,1,0.2014969885349273,0,6.179757595062256,0.0399778932332992,19.9130802154541,26.672929763793945,set_2671919575679233124,candidate,C,north,102160335.0,20.206916157535613,3.297760511099134,0,0.0,0.0,0.0,0.0,0.0,135.70370274530612,1.2704175081564362,data/raw/cutouts/2671919575679233124_VIS.fits,0.3
2672219165644938776,267.22191650185687,64.49387766220696,2637,41.94034957885742,0.1859003156423568,1,0.1331056952476501,2,8.909514427185059,0.0381747372448444,28.6557846069336,0.367515504360199,set_2672219165644938776,candidate,C,north,102158271.0,19.84341988487125,3.4211101297934343,0,0.0,0.0,0.0,0.0,0.0,225.6066614730451,1.2683956717263096,data/raw/cutouts/2672219165644938776_VIS.fits,0.8
2672257351658785268,267.22573512627173,65.87852682965087,730,9.735466003417969,0.1047413945198059,1,0.2127854079008102,2,2.680124998092652,0.0270748883485794,9.94365406036377,0.1689251661300659,set_2672257351658785268,candidate,C,north,102159190.0,21.429108138642047,2.863322860120456,0,0.0,0.0,0.0,0.0,0.0,92.94764546577672,1.4234773931885796,data/raw/cutouts/2672257351658785268_VIS.fits,0.7
2672262537658923533,267.2262537353441,65.89235330228114,773,8.600692749023438,0.1534450054168701,1,0.2052772790193557,2,1.7817970514297483,0.0268295593559741,4.020687580108643,0.1394729316234588,set_2672257351658785268,reference,unlabelled,north,,21.563666416960405,2.888179493918325,1,49.78114577062109,0.1345582783183587,0.024856633797869,0.2187479339195549,49.781145770619815,56.05065297275461,0.8836052311738551,data/raw/cutouts/2672262537658923533_VIS.fits,0.2
2672377449643470686,267.2377449618229,64.34706862253732,1431,18.96939277648925,0.2134178280830383,1,0.1652481108903885,2,2.708238363265991,0.0316356606781482,10.740389823913574,0.212362602353096,set_2672377449643470686,candidate,C,north,102158271.0,20.704866427396265,3.1556396337597765,0,0.0,0.0,0.0,0.0,0.0,88.88382449993114,1.495832896692765,data/raw/cutouts/2672377449643470686_VIS.fits,0.9
2672447792679293558,267.2447792296848,67.92935586285287,2580,38.79087829589844,0.296966016292572,1,0.1948177218437194,0,5.915157794952393,0.0385008454322814,12.15890121459961,0.2154174149036407,set_2671919575679233124,reference,unlabelled,north,,19.92817596768303,3.41161970596323,1,74.69958019587433,-0.2787401898525843,0.1138591948640961,1.1921718074848353,74.6995801958507,130.62396425078322,0.7823199887894685,data/raw/cutouts/2672447792679293558_VIS.fits,0.1
2672455703679061608,267.24557034640503,67.90616080609756,4475,68.41365814208984,0.2363115400075912,1,0.1398506760597229,0,12.822853088378906,0.0444705486297607,35.70930099487305,0.3357990384101867,set_2672455703679061608,candidate,C,north,102160335.0,19.312142967059224,3.650793039651931,0,0.0,0.0,0.0,0.0,0.0,289.50620921810315,1.1119917060947797,data/raw/cutouts/2672455703679061608_VIS.fits,0.9
2672496641679177249,267.24966413782147,67.91772494357497,5002,79.43476867675781,0.486898809671402,1,0.5893277525901794,2,7.597525596618652,1646.13525390625,11.775001525878906,0.2040108889341354,set_2672455703679061608,reference,unlabelled,north,,19.14997341208817,3.699143687394484,1,41.99813235134279,-0.162169554971058,0.048350647742553,0.3521675569365677,41.99813235134314,163.14430657648705,0.4757220003881952,data/raw/cutouts/2672496641679177249_VIS.fits,0.0
2672535205645002822,267.25352056303984,64.50028225939695,2718,38.706329345703125,0.2834034562110901,1,0.3776351809501648,2,5.53757381439209,0.0383261553943157,19.28452682495117,0.2155386060476303,set_2672219165644938776,reference,unlabelled,north,,19.930545030918115,3.434249452396476,1,54.14128423604608,0.0871251460468691,0.0131393226030414,0.0911712669899007,54.1412842360682,136.5767724331249,1.354723647400871,data/raw/cutouts/2672535205645002822_VIS.fits,0.7
2672535220649723997,267.2535220664267,64.97239974392699,1860,54.75107192993164,0.2022948116064071,1,0.4693938195705414,0,11.153039932250977,0.0463330969214439,21.29415512084961,0.2571057975292206,set_2672803654649962203,reference,unlabelled,north,,19.554018434201478,3.2695129442179165,1,94.99286092784304,0.1597021958928763,-0.1144818452238163,0.6187752129396469,51.26551037498595,270.6499069113919,0.7021678907157437,data/raw/cutouts/2672535220649723997_VIS.fits,0.0
2672571086680665958,267.2571086867174,68.06659581646223,1167,19.657066345214844,0.192483976483345,1,0.6419129967689514,2,2.7701966762542725,0.0301131997257471,9.608806610107422,0.208867073059082,set_2672720281680709434,reference,unlabelled,north,,20.666203241329963,3.0670708560453703,1,25.44375435655431,-0.0466874597869555,-0.0836855838149386,0.1998560503450634,25.4437543565609,102.1231309969103,1.350397122160577,data/raw/cutouts/2672571086680665958_VIS.fits,0.2
2672611607633118308,267.26116079949537,63.31183082888606,1294,29.119604110717773,0.1698745489120483,1,0.5231314301490784,0,6.719877243041992,0.0415538325905799,11.38878059387207,0.2284156829118728,set_2672920142633005803,reference,unlabelled,north,,20.239536334189005,3.1119342763326814,1,64.26519707387115,-0.0972561918401311,-0.0467297044813079,0.1632298641447336,64.2651970739089,171.41828659568245,0.5727897168792186,data/raw/cutouts/2672611607633118308_VIS.fits,0.2
2672720281680709434,267.2720281605204,68.0709434252139,1415,18.829713821411133,0.1642940491437912,1,0.3193872570991516,0,3.443512439727783,0.0282107945531606,11.992079734802246,0.2027577906847,set_2672720281680709434,candidate,B,north,102160335.0,20.71289070111692,3.150756439860309,0,0.0,0.0,0.0,0.0,0.0,114.6098347416786,1.3547321280912643,data/raw/cutouts/2672720281680709434_VIS.fits,1.0
2672803654649962203,267.280365471512,64.99622031604929,2421,63.426902770996094,0.4240610897541046,1,0.2859891057014465,2,8.975214958190918,0.0650945603847503,17.36823844909668,28.363975524902344,set_2672803654649962203,candidate,B,north,102158583.0,19.3943162383086,3.383994789441733,0,0.0,0.0,0.0,0.0,0.0,149.5702018022326,0.716777285288777,data/raw/cutouts/2672803654649962203_VIS.fits,1.0
2672920142633005803,267.29201428201367,63.30058038447984,1441,26.62459373474121,0.229445070028305,1,0.1250243932008743,2,5.869139194488525,0.0475573055446147,14.505085945129396,32.17813873291016,set_2672920142633005803,candidate,C,north,102157631.0,20.336792526029136,3.1586639808139894,0,0.0,0.0,0.0,0.0,0.0,116.03907519763544,0.9823647422635252,data/raw/cutouts/2672920142633005803_VIS.fits,1.0
2673286456647484940,267.3286456277658,64.74849400896058,4276,75.66658020019531,0.2955746650695801,1,0.2416539788246154,0,11.148317337036133,0.0485418513417243,33.432830810546875,0.3217722475528717,set_2673286456647484940,candidate,C,north,102158271.0,19.20273973451897,3.631037696536741,0,0.0,0.0,0.0,0.0,0.0,255.9981931549612,1.1924095703295865,data/raw/cutouts/2673286456647484940_VIS.fits,0.8
2673624894647696062,267.362489481626,64.76960623644545,2982,65.48323059082031,0.2003305107355117,1,0.6003901362419128,0,10.691367149353027,0.0394736304879188,16.327829360961914,0.2277602106332779,set_2673286456647484940,reference,unlabelled,north,,19.359674757437155,3.474507639116976,1,92.06472656110016,0.15693502291818,-0.1565300574197645,0.8934593287702894,92.06472656106094,326.8759728630412,0.4597380230265081,data/raw/cutouts/2673624894647696062_VIS.fits,0.0
2673805166654667347,267.3805166781433,65.4667347471581,1156,27.66211128234864,0.1470001339912414,1,0.1019013598561286,0,5.741917133331299,0.0332866348326206,12.910614013671877,0.2512435913085937,set_2674118174654422285,reference,unlabelled,north,,20.29528668969896,3.0629578340845103,1,99.87170698702424,-0.0733284263372269,-0.1343227240411089,0.5193613491446044,99.87170698700156,188.1774562463787,0.8797249419376006,data/raw/cutouts/2673805166654667347_VIS.fits,0.8
2673987824638794378,267.39878243834187,63.879437842021744,7074,93.92903137207033,0.3091803193092346,1,0.0430641621351242,2,14.57172679901123,0.0427979826927185,39.26496124267578,0.3607379496097564,set_2673987824638794378,candidate,C,north,102157954.0,18.968000390579665,3.8496650554787326,0,0.0,0.0,0.0,0.0,0.0,303.8001629014582,1.0762353823030435,data/raw/cutouts/2673987824638794378_VIS.fits,1.0
2674052305639685421,267.40523053618267,63.96854213125424,2290,22.36295318603516,0.2020020931959152,1,0.1813322603702545,0,4.496306419372559,0.0314760133624076,,,set_2674176700639975086,reference,unlabelled,north,,20.526177113355992,3.359835482339888,1,106.11342940412572,0.0723004258128128,0.0205828483071881,0.0783267117232966,106.11342940412268,110.706541859178,,data/raw/cutouts/2674052305639685421_VIS.fits,0.4
2674105100638852450,267.41051005964914,63.885245017663074,6591,112.97112274169922,0.3400142192840576,1,0.2608428597450256,2,17.434049606323242,0.0592304654419422,43.88150787353516,0.384760320186615,set_2673987824638794378,reference,unlabelled,north,,18.767581387677904,3.818951311640173,1,27.97285975494751,-0.2004190029017607,-0.03071374383856,0.4705628330197231,27.972859754984185,332.25411272379733,1.002208162939961,data/raw/cutouts/2674105100638852450_VIS.fits,0.7
2674118174654422285,267.4118174099874,65.44222856535436,1575,25.85556030273437,0.1584856212139129,1,0.0939175561070442,0,5.577180862426758,0.0333540812134742,16.556119918823242,23.785341262817383,set_2674118174654422285,candidate,A,north,102158889.0,20.36861511603619,3.197280558125619,0,0.0,0.0,0.0,0.0,0.0,163.14136326497612,1.1813595873795373,data/raw/cutouts/2674118174654422285_VIS.fits,0.9
2674176700639975086,267.4176700357009,63.99750864925062,2184,23.902830123901367,0.184856966137886,1,0.0514736920595169,2,4.695193290710449,0.0311066843569278,16.986370086669922,0.2705582082271576,set_2674176700639975086,candidate,C,north,102157954.0,20.45387668754318,3.3392526340327,0,0.0,0.0,0.0,0.0,0.0,129.30445967652685,1.3961177650792431,data/raw/cutouts/2674176700639975086_VIS.fits,1.0
2674262403661110051,267.42624039386794,66.11100511151837,991,11.578536033630373,0.1342837065458297,1,0.2265287935733795,0,2.2667298316955566,0.0259335469454526,4.920107364654541,0.1383492350578308,set_2674262403661110051,candidate,C,north,102159190.0,21.24086587110446,2.9960736544852757,0,0.0,0.0,0.0,0.0,0.0,86.22442983936203,0.8414370490131033,data/raw/cutouts/2674262403661110051_VIS.fits,1.0
2674456721643678860,267.44567210580004,64.36788602432307,7753,136.33787536621094,0.3840843439102173,1,0.0335305072367191,2,16.852272033691406,0.0563788376748561,43.55679321289063,0.2941736876964569,set_2674456721643678860,candidate,C,north,102158271.0,18.56345869538183,3.889469783969508,0,0.0,0.0,0.0,0.0,0.0,354.9685831455837,1.03099359285208,data/raw/cutouts/2674456721643678860_VIS.fits,0.6
2674559401661296646,267.4559401822962,66.12966461699872,899,10.876314163208008,0.1607344597578048,1,0.2834759056568146,0,2.107304811477661,0.0287702698260545,6.648046493530273,0.4177156686782837,set_2674262403661110051,reference,unlabelled,north,,21.30879564068093,2.9537596917332287,1,79.91101657666253,0.0679297695764695,-0.0423139627520465,0.1015082617099257,79.91101657663121,67.66634970246253,1.2474167232459814,data/raw/cutouts/2674559401661296646_VIS.fits,0.1
2674576819643633003,267.45768193667527,64.36330036447079,8600,104.6430892944336,0.47597736120224,1,0.4102790951728821,2,9.895352363586426,0.0453849732875824,32.89185333251953,0.2581861615180969,set_2674456721643678860,reference,unlabelled,north,,18.85072361875267,3.934498451243568,1,24.94787134134556,0.2872649233708415,0.0450286672740603,0.9681246397332944,24.94787134135808,219.84887900996483,1.304142703568344,data/raw/cutouts/2674576819643633003_VIS.fits,0.7
2674591182640031223,267.45911820296254,64.00312237879687,702,7.413064002990723,0.1380840539932251,1,0.2481489330530166,0,1.5712871551513672,0.0255594570189714,5.020631790161133,0.1504600197076797,set_2674591182640031223,candidate,C,north,102157954.0,21.7250056256144,2.846337112129805,0,0.0,0.0,0.0,0.0,0.0,53.68515616839026,1.2612570284761568,data/raw/cutouts/2674591182640031223_VIS.fits,1.0
2674622193639733691,267.4622193183962,63.97336914901825,793,7.877724647521973,0.1402188241481781,1,0.5275721549987793,0,1.2468072175979614,0.0226372424513101,1.8942570686340328,0.1135350316762924,set_2674591182640031223,reference,unlabelled,north,,21.65899800821796,2.899273187317604,1,107.22346706470849,-0.0660076173964441,0.0529360751877985,0.1283235888161759,107.2234670647182,56.18164818724398,0.4540990221485053,data/raw/cutouts/2674622193639733691_VIS.fits,0.0
2674827041648649396,267.4827041878414,64.86493961568262,1748,35.37896728515625,0.2161315679550171,1,0.5783358216285706,0,5.838885307312012,0.040092047303915,14.130239486694336,0.2174712270498275,set_2674909195648793961,reference,unlabelled,north,,20.02813712082859,3.2425414282983844,1,53.537517471913525,-0.1224414331281131,0.0316880629834912,0.1941374114940727,53.53751747191893,163.69180874364258,0.959548945081696,data/raw/cutouts/2674827041648649396_VIS.fits,0.0
2674909195648793961,267.4909195027654,64.87939618981366,1625,31.60593032836914,0.1636562645435333,1,0.1254099160432815,0,7.147694110870361,0.035137303173542,16.924325942993164,0.2447509914636612,set_2674909195648793961,candidate,C,north,102158583.0,20.150578553956706,3.210853365314893,0,0.0,0.0,0.0,0.0,0.0,193.1238649282614,0.9358635559197026,data/raw/cutouts/2674909195648793961_VIS.fits,0.9
2675057545674562038,267.50575451956075,67.45620388989138,730,7.67105770111084,0.1147560477256774,1,0.2407013475894928,0,1.7268158197402954,0.0234081353992223,5.367883205413818,0.1539964973926544,set_2675394832674529222,reference,unlabelled,north,,21.68786187627938,2.863322860120456,1,48.0311738415373,-0.0340999063328411,-0.0320996859189519,0.0406576612581202,48.031173841556914,66.84665299251493,1.2313925979991045,data/raw/cutouts/2675057545674562038_VIS.fits,0.2
2675315831643158955,267.5315831499296,64.31589558802735,2898,44.69492721557617,0.2779074311256408,1,0.2624098062515259,2,6.19085693359375,0.0397907420992851,25.016735076904297,0.2285105884075164,set_2675315831643158955,candidate,C,north,102158272.0,19.774354414055008,3.462098381135156,0,0.0,0.0,0.0,0.0,0.0,160.8266717969473,1.5161996539723577,data/raw/cutouts/2675315831643158955_VIS.fits,0.6
2675394832674529222,267.53948323469814,67.45292229889787,786,7.433875560760498,0.174536257982254,1,0.1838369816541671,0,1.2994091510772705,0.0274245217442512,4.961275577545166,0.15040223300457,set_2675394832674529222,candidate,C,north,102160057.0,21.721961782612222,2.895422546039408,0,0.0,0.0,0.0,0.0,0.0,42.59215618978343,1.4546185748596403,data/raw/cutouts/2675394832674529222_VIS.fits,0.7
2675539266672993537,267.55392669877835,67.29935379412069,6418,78.8965072631836,0.3276615738868713,1,0.1263534724712371,2,10.781044960021973,0.0400022976100444,21.537574768066406,0.2235535979270935,set_2675539266672993537,candidate,C,north,102160057.0,19.15735555629525,3.807399712759485,0,0.0,0.0,0.0,0.0,0.0,240.78657233827323,0.7513398523610806,data/raw/cutouts/2675539266672993537_VIS.fits,0.4
2675543787678796310,267.55437874817727,67.87963108759295,714,9.041800498962402,0.147423967719078,1,0.0572419911623001,0,1.8986310958862305,0.0268419384956359,3.860658407211304,0.1333917081356048,set_2675543787678796310,candidate,C,north,102160335.0,21.50936269900404,2.8536982117761744,0,0.0,0.0,0.0,0.0,0.0,61.33195733947344,0.7705519681457318,data/raw/cutouts/2675543787678796310_VIS.fits,0.7
2675589898636043984,267.55898987567093,63.60439848131266,2038,34.09251403808594,0.1834764331579208,1,0.172072023153305,2,7.134130477905273,0.0407168604433536,20.46435546875,0.2711756527423858,set_2675676582636130848,reference,unlabelled,north,,20.068352430001237,3.309204179670408,1,34.20923440723378,-0.036574922823398,-0.124885458747483,0.4057763754227501,34.20923440723649,185.81413128269187,1.1441425574019957,data/raw/cutouts/2675589898636043984_VIS.fits,0.1
2675676582636130848,267.5676582079269,63.61308483074743,2717,32.96317672729492,0.231985792517662,1,0.330200046300888,2,5.737194061279297,0.0383672714233398,16.101545333862305,0.2503421008586883,set_2675676582636130848,candidate,C,north,102157631.0,20.10492735282463,3.4340896384178907,0,0.0,0.0,0.0,0.0,0.0,142.09135986112298,1.1204200473217445,data/raw/cutouts/2675676582636130848_VIS.fits,1.0
2675708771643091400,267.5708771641131,64.30914008201087,2389,43.66732406616211,0.2477424293756485,1,0.3207902312278747,2,7.075191974639893,0.0396708026528358,12.791666030883787,0.1754791140556335,set_2675315831643158955,reference,unlabelled,north,,19.799608552078208,3.378216149749878,1,65.96373910691725,0.0252541380232003,-0.083882231385278,0.186722533842662,65.96373910691904,176.2609827319887,0.6429722097484183,data/raw/cutouts/2675708771643091400_VIS.fits,0.2
2675959778672808293,267.5959778770571,67.28082930633919,4559,81.98179626464844,0.2603205740451813,1,0.1353170871734619,2,13.634370803833008,0.0459419749677181,30.15164566040039,0.2760076522827148,set_2675539266672993537,reference,unlabelled,north,,19.11570642573193,3.6588695922019614,1,88.67377963263714,-0.041649130563325,-0.1485301205575231,0.5775450963085677,88.6737796326188,314.92630409773017,0.8616897991814976,data/raw/cutouts/2675959778672808293_VIS.fits,0.7
2675968211678594950,267.5968211426218,67.85949505163535,759,8.434032440185547,0.2093058228492736,1,0.2357368916273117,0,1.5267117023468018,505.6837158203125,2.7926230430603027,7.789911270141602,set_2675543787678796310,reference,unlabelled,north,,21.584911832180502,2.88024177589548,1,92.56270619785576,0.0755491331764659,0.0265435641193056,0.0883781467266135,92.56270619782114,40.29525946948503,0.6556382068402499,data/raw/cutouts/2675968211678594950_VIS.fits,0.0
2676190264647720489,267.6190264664388,64.77204897054503,1826,51.218170166015625,0.196707621216774,1,0.0880738496780395,0,11.540355682373049,0.0483919009566307,24.411884307861328,0.282708466053009,set_2676190264647720489,candidate,C,north,102158583.0,19.62643985327682,3.2615007731982804,0,0.0,0.0,0.0,0.0,0.0,260.3771518825528,0.8134552719671339,data/raw/cutouts/2676190264647720489_VIS.fits,0.8
2676284272645204151,267.62842722731733,64.52041513207705,1141,14.455174446105955,0.179198682308197,1,0.3851203024387359,0,2.831195831298828,0.031865756958723,11.263586044311523,0.204877033829689,set_2676284272645204151,candidate,C,north,102158272.0,20.99994165716005,3.0572856444182146,0,0.0,0.0,0.0,0.0,0.0,80.66562912134059,1.4992669271825645,data/raw/cutouts/2676284272645204151_VIS.fits,0.8
2676372662645231497,267.6372662543229,64.52314972670398,881,18.68703842163086,0.1120549812912941,1,0.0578726790845394,0,5.328006267547607,0.0329000130295753,14.496882438659668,0.2446784526109695,set_2676372662645231497,candidate,C,north,102158272.0,20.72114880367681,2.944975908412048,0,0.0,0.0,0.0,0.0,0.0,166.76669083592728,1.086774725010252,data/raw/cutouts/2676372662645231497_VIS.fits,0.8
2676684977647665218,267.6684977520669,64.76652181498379,2743,57.09444808959961,0.1952592581510543,1,0.0351254679262638,0,9.957887649536133,0.0387994535267353,17.454565048217773,0.2166456282138824,set_2676190264647720489,reference,unlabelled,north,,19.50851530212088,3.4382258076045296,1,78.48053694913958,-0.1179245511559408,0.1767250344062492,0.9405872920739496,78.48053694917574,292.4032828468028,0.6093545226263604,data/raw/cutouts/2676684977647665218_VIS.fits,0.5
2676827216645198264,267.6827216073094,64.51982644073499,724,18.00508689880371,0.3684368729591369,1,0.6104860305786133,0,3.2566473484039307,0.0708284378051757,4.887515068054199,0.1481808125972747,set_2676372662645231497,reference,unlabelled,north,,20.761511945579024,2.859738566197147,1,71.40255570135243,0.0403631419022083,-0.0852373422149006,0.204108140428453,71.40255570130887,48.86885168195596,0.440793441319142,data/raw/cutouts/2676827216645198264_VIS.fits,0.1
2676830718645083052,267.6830718802982,64.5083052357642,1440,11.075430870056152,0.1969823092222213,1,0.5135640501976013,0,1.447865009307861,0.0231850836426019,2.125095129013061,0.1178532838821411,set_2676284272645204151,reference,unlabelled,north,,21.289098423293183,3.1583624920952498,1,95.21300705160291,0.2891567661331322,0.1010768476770351,1.192203618928747,88.82470802264595,56.22551037089146,0.4166257580823868,data/raw/cutouts/2676830718645083052_VIS.fits,0.0
2676907617661010676,267.6907617288034,66.10106769394946,893,9.826632499694824,0.1473095268011093,1,0.1162568032741546,0,2.073909282684326,0.027874706313014,7.205665588378906,0.1549786329269409,set_2676907617661010676,candidate,C,north,102159190.0,21.4189882139045,2.9508514588885464,0,0.0,0.0,0.0,0.0,0.0,66.70737944167251,1.352210868416996,data/raw/cutouts/2676907617661010676_VIS.fits,0.9
2677079122669151496,267.70791227786816,66.91514966802278,3149,74.30784606933594,0.2546921670436859,1,0.1787503659725189,2,14.19365119934082,0.0549017749726772,37.301788330078125,0.3353114724159241,set_2677079122669151496,candidate,A,north,102159773.0,19.222413318064447,3.498172660636544,0,0.0,0.0,0.0,0.0,0.0,291.7555217023629,1.0490888121308577,data/raw/cutouts/2677079122669151496_VIS.fits,1.0
2677145171660860783,267.7145171682992,66.08607831917293,839,8.148567199707031,0.1573410779237747,1,0.2172194123268127,0,1.6207518577575684,0.0267501659691333,5.172656536102295,0.1289455294609069,set_2676907617661010676,reference,unlabelled,north,,21.62229687139082,2.9237619608287004,1,64.13212946580714,0.2033086574863212,-0.0270894980598459,0.4811434217513341,64.13212946581281,51.78919140019289,1.259992785442655,data/raw/cutouts/2677145171660860783_VIS.fits,0.3
2677252580640249415,267.7252580374531,64.02494150392586,3491,52.46792602539063,0.2353121638298034,1,0.5076056718826294,0,9.586758613586426,0.0389210507273674,23.41638565063477,0.2733946144580841,set_2677725526640039676,reference,unlabelled,north,,19.600265256100784,3.542949848814178,1,106.14200647769135,-0.1037553176596723,0.0763787764278243,0.275114778912801,106.14200647771344,222.9715845175757,0.969620174127827,data/raw/cutouts/2677252580640249415_VIS.fits,0.0
2677347887669252914,267.7347887468424,66.92529142030268,4006,83.8346939086914,0.2763234674930572,1,0.5741718411445618,0,9.210259437561035,0.0380436368286609,19.593828201293945,0.2362984716892242,set_2677079122669151496,reference,unlabelled,north,,19.09144054247708,3.6027109449575576,1,52.646298911796976,-0.1309727755873666,0.1045382843210136,0.4661810833281272,52.64629891177304,303.39331895796295,0.8196185802969553,data/raw/cutouts/2677347887669252914_VIS.fits,0.0
2677513196654042333,267.75131966132767,65.40423333049316,3002,40.914207458496094,0.2348931282758712,1,0.2475500851869583,2,6.873414993286133,0.0350486785173416,21.525957107543945,0.3366531431674957,set_2677513196654042333,candidate,C,north,102158889.0,19.87031464261012,3.4774106879072515,0,0.0,0.0,0.0,0.0,0.0,174.18222388542688,1.239474761631693,data/raw/cutouts/2677513196654042333_VIS.fits,0.9
2677561377656868923,267.75613770174385,65.68689233209403,5519,101.31104278564452,0.3858979642391205,1,0.0413153730332851,0,14.423675537109377,0.0548814013600349,36.3494758605957,0.3408348858356476,set_2677870860657015612,reference,unlabelled,north,,18.885858036167622,3.741860394065264,1,69.94089712582492,-0.0192176016662664,-0.0577558104162352,0.0916907236555183,41.31936245864598,262.53323980446663,1.00355552163215,data/raw/cutouts/2677561377656868923_VIS.fits,0.8
2677617925656981314,267.7617925463183,65.69813141666594,6567,84.64067840576172,0.3426673710346222,1,0.1497561037540435,0,11.84372329711914,0.0415877848863601,34.33425521850586,0.2992241382598877,set_2677617925656981314,candidate,C,north,102158889.0,19.0810521609241,3.8173670162875935,0,0.0,0.0,0.0,0.0,0.0,247.0053631024293,1.155598446481475,data/raw/cutouts/2677617925656981314_VIS.fits,1.0
2677624236654538082,267.762423658248,65.45380829154423,2443,28.83642196655273,0.22275972366333,1,0.1488048285245895,2,4.006954193115234,0.0296275913715362,15.289130210876465,0.2196834683418274,set_2677624236654538082,candidate,A,north,102158889.0,20.250146570056945,3.3879234669734366,0,0.0,0.0,0.0,0.0,0.0,129.45078891431436,1.4539210042459998,data/raw/cutouts/2677624236654538082_VIS.fits,1.0
2677652240647440524,267.765224020961,64.7440524713245,1515,12.204941749572754,0.189178004860878,1,0.2058247178792953,0,1.7242224216461182,0.0240223705768585,2.82701063156128,0.1313958466053009,set_2677714056647259412,reference,unlabelled,north,,21.18366072248906,3.180412632838324,1,65.88869024100178,-0.056908379534029,0.1756614772473228,0.8111298871377908,65.8886902410052,64.51564894422214,0.5368353835599047,data/raw/cutouts/2677652240647440524_VIS.fits,0.0
2677656329657413815,267.7656329767335,65.74138154216472,857,8.482831954956055,0.1819931268692016,1,0.4501746594905853,2,1.4522074460983276,0.0259500760585069,4.00623893737793,0.151800587773323,set_2677656329657413815,candidate,C,north,102158889.0,21.578647840735307,2.932980821923198,0,0.0,0.0,0.0,0.0,0.0,46.6107270141727,1.101770470956964,data/raw/cutouts/2677656329657413815_VIS.fits,0.0
2677680024657107187,267.76800247332875,65.7107187345719,5139,66.89328002929688,0.2648805677890777,1,0.2160263508558273,386,10.919648170471191,0.0418702624738216,27.569469451904297,0.2520334422588348,set_2677617925656981314,reference,unlabelled,north,,19.33654377108047,3.710878617685173,1,46.23846303120192,0.2554916101563727,-0.1064883986024214,1.0106159386566922,43.42464681135451,252.5412890331897,1.005549407292207,data/raw/cutouts/2677680024657107187_VIS.fits,0.8
2677712764678659483,267.77127641477693,67.86594835158073,2211,34.81367874145508,0.2177024334669113,1,0.0978917777538299,0,6.9844818115234375,0.0417118407785892,17.984088897705078,0.2646870613098144,set_2677712764678659483,candidate,C,north,102160335.0,20.04562520660545,3.344588742578714,0,0.0,0.0,0.0,0.0,0.0,159.9140541841781,1.0268856248462657,data/raw/cutouts/2677712764678659483_VIS.fits,1.0
2677714056647259412,267.77140563180683,64.7259412182356,1011,11.581701278686523,0.1793471872806549,1,0.0983444899320602,0,1.7351996898651123,0.0282881613820791,7.204771041870117,0.1747757345438003,set_2677714056647259412,candidate,C,north,102158272.0,21.240569102023088,3.004751155591001,0,0.0,0.0,0.0,0.0,0.0,64.57698865699341,1.545676806697274,data/raw/cutouts/2677714056647259412_VIS.fits,0.9
2677725526640039676,267.7725526627888,64.00396761991807,2928,47.68609619140625,0.2021674364805221,1,0.0619872659444808,2,9.50728702545166,0.0395288877189159,30.855443954467773,0.308812141418457,set_2677725526640039676,candidate,B,north,102157954.0,19.704020573760456,3.4665710723863543,0,0.0,0.0,0.0,0.0,0.0,235.8742684853729,1.2781879850861628,data/raw/cutouts/2677725526640039676_VIS.fits,1.0
2677771021654262433,267.7771021989391,65.4262433402063,2028,43.95296478271485,0.2019683271646499,1,0.1807968616485595,0,9.675230026245115,0.0454443022608757,27.178735733032227,0.2829700410366058,set_2677513196654042333,reference,unlabelled,north,,19.79252956226358,3.3070679506612985,1,88.14481945078477,-0.0777850803465405,-0.1703427372459529,0.7993052909875016,88.14481945077934,217.6230570394497,1.1214198795768224,data/raw/cutouts/2677771021654262433_VIS.fits,0.1
2677809845678862893,267.78098450664663,67.8862893047387,1710,34.347171783447266,0.182336688041687,1,0.3805740475654602,0,7.023053646087647,0.0376915149390697,16.300142288208008,0.1917321979999542,set_2677712764678659483,reference,unlabelled,north,,20.06027254457589,3.2329961103921536,1,74.40094320966783,0.014647337970441,-0.1115926321865603,0.3184525161830616,74.40094320966212,188.3722478034404,0.914163524182234,data/raw/cutouts/2677809845678862893_VIS.fits,0.2
2677856076654748527,267.78560764778786,65.47485278542534,2489,32.461360931396484,0.2450427561998367,1,0.1376583576202392,0,4.960498332977295,0.0369761437177658,15.331302642822266,0.2245676219463348,set_2677624236654538082,reference,unlabelled,north,,20.12158319120316,3.3960248966085933,1,83.31158128316592,-0.1285633788537872,0.0081014296351566,0.1912419340349372,83.31158128317003,132.47223233533853,1.2251343719041934,data/raw/cutouts/2677856076654748527_VIS.fits,0.1
2677870860657015612,267.78708602252647,65.7015612907136,6304,99.53360748291016,0.2964476644992828,1,0.0900140777230262,2,15.786476135253906,0.0482856556773185,45.99378204345703,0.3124660551548004,set_2677870860657015612,candidate,C,north,102158889.0,18.90507563783389,3.7996162044814983,0,0.0,0.0,0.0,0.0,0.0,335.7543991821564,1.1610348135862971,data/raw/cutouts/2677870860657015612_VIS.fits,1.0
2677989353671496072,267.7989353637198,67.14960727769223,1779,19.90713882446289,0.1784532070159912,1,0.1072090864181518,0,3.998072862625122,0.030298301950097,,,set_2678593136671543802,reference,unlabelled,north,,20.65247788735485,3.250175948083925,1,86.13035473902771,-0.0972204893502954,0.0813839277697434,0.2769639690318098,39.21052109442543,111.55383059425212,,data/raw/cutouts/2677989353671496072_VIS.fits,0.5
2678203337657607752,267.820333753117,65.76077529177736,1048,7.730241775512695,0.1758720129728317,1,0.2333427667617797,2,0.7959913611412048,0.0242598112672567,1.1391685009002686,0.1199249178171157,set_2677656329657413815,reference,unlabelled,north,,21.67951730655963,3.020361282647708,1,106.84331521068214,0.1008694658243243,0.0873804607245096,0.313722226137439,56.12021168413811,43.95379142391942,0.3891990335399889,data/raw/cutouts/2678203337657607752_VIS.fits,0.1
2678252607679772305,267.82526073334805,67.97723052993786,755,8.88632869720459,0.1215438023209571,1,0.4661231935024261,2,2.001352071762085,0.0247718505561351,7.58335018157959,0.1682059168815612,set_2678252607679772305,candidate,C,north,102160335.0,21.52819406660181,2.8779469516291885,0,0.0,0.0,0.0,0.0,0.0,73.11214992055889,1.4463440401124383,data/raw/cutouts/2678252607679772305_VIS.fits,0.7
2678363094657656201,267.836309494945,65.76562011685955,1077,10.368345260620115,0.1790513098239898,1,0.3639189004898071,0,1.686986207962036,0.0254422239959239,3.290488243103028,0.1289207339286804,set_2678548089657542455,reference,unlabelled,north,,21.360726373618704,3.032215703297981,1,49.23804274059737,0.1392607327802437,0.0020209179412304,0.2176645296994545,49.23804274060832,57.90711763467331,0.7253720284974498,data/raw/cutouts/2678363094657656201_VIS.fits,0.0
2678548089657542455,267.85480894918766,65.75424556517181,1072,11.787283897399902,0.1704452931880951,1,0.3355550765991211,0,2.139580488204956,0.02898520976305,9.957958221435549,0.2106545269489288,set_2678548089657542455,candidate,C,north,102159190.0,21.22146564083846,3.030194785356751,0,0.0,0.0,0.0,0.0,0.0,69.1558193067381,1.6696041778705826,data/raw/cutouts/2678548089657542455_VIS.fits,1.0
2678548694669125287,267.8548694919159,66.91252879963514,6661,81.00386047363281,0.3647888600826263,1,0.1512544900178909,2,10.393908500671388,0.0445153191685676,26.66989517211914,0.2861064672470093,set_2678548694669125287,candidate,C,north,102159774.0,19.1287357076662,3.823539433656859,0,0.0,0.0,0.0,0.0,0.0,222.05683708456743,1.0231060483309489,data/raw/cutouts/2678548694669125287_VIS.fits,0.1
2678593136671543802,267.8593136740733,67.15438028012971,1475,18.20206451416016,0.1906182467937469,1,0.2999642789363861,0,3.717115640640259,0.0329075679183006,11.776677131652832,0.2183276712894439,set_2678593136671543802,candidate,C,north,102159774.0,20.749698376705144,3.1687920203141817,0,0.0,0.0,0.0,0.0,0.0,95.4896229522832,1.252041740734262,data/raw/cutouts/2678593136671543802_VIS.fits,0.8
2678605446668855637,267.8605446854268,66.88556371257357,6253,98.9771957397461,0.3781954050064087,1,0.5122346878051758,0,9.030871391296388,0.0406456477940082,14.624961853027344,0.2010520845651626,set_2678548694669125287,reference,unlabelled,north,,18.91116213737516,3.796088428680669,1,97.40471804509568,-0.2175735702910408,-0.0274510049761906,0.5529537473397707,95.82436757216904,261.7091440814012,0.5234127110854091,data/raw/cutouts/2678605446668855637_VIS.fits,0.0
2678629431639725549,267.86294315834544,63.972554932473166,1851,36.0609130859375,0.1676292419433593,1,0.3829377591609955,2,9.583290100097656,0.0444684326648712,25.56294250488281,0.2958125174045563,set_2678629431639725549,candidate,A,north,102157954.0,20.00740820213417,3.267406418752904,0,0.0,0.0,0.0,0.0,0.0,215.12304576383053,1.065240520395911,data/raw/cutouts/2678629431639725549_VIS.fits,0.3
2678657840680009742,267.8657840948175,68.00097428287677,743,8.861532211303711,0.1066536158323288,1,0.2034714519977569,0,2.2526421546936035,0.0260481368750333,7.205699920654297,0.1799506992101669,set_2678252607679772305,reference,unlabelled,north,,21.53122794884261,2.8709888137605755,1,101.46795299698046,0.0030338822407998,-0.0069581378686129,0.0101396059252219,99.47173218970664,83.08703030973665,1.262459912731758,data/raw/cutouts/2678657840680009742_VIS.fits,0.0
2678666591639908951,267.8666591936384,63.99089512758704,2608,33.180213928222656,0.2612785100936889,1,0.0874625220894813,2,5.062778949737549,0.0350693576037883,16.28066635131836,0.2277872413396835,set_2678629431639725549,reference,unlabelled,north,,20.09780204551188,3.4163075870598827,1,66.28497277722182,0.0903938433777078,0.1489011683069785,0.6488452458393263,66.28497277721695,126.99174500162655,1.2682080261268651,data/raw/cutouts/2678666591639908951_VIS.fits,0.1
2678935986673552937,267.8935986289221,67.35529378273426,2055,28.231342315673828,0.1933076083660125,1,0.3368048071861267,2,5.661556720733643,0.0333798862993717,15.689396858215332,0.1999865472316742,set_2678935986673552937,candidate,C,north,102160057.0,20.27317117990449,3.312811826212088,0,0.0,0.0,0.0,0.0,0.0,146.0436169807659,1.1066759644960735,data/raw/cutouts/2678935986673552937_VIS.fits,0.8
2679032103673485178,267.90321039340705,67.34851780266692,1680,26.18207740783692,0.1473009586334228,1,0.1425062268972396,0,6.690443515777588,0.0352459140121936,19.12419891357422,0.2490752786397934,set_2678935986673552937,reference,unlabelled,north,,20.3549897436833,3.225309281725863,1,27.795360177274496,0.0818185637788069,-0.0875025444862251,0.2664606066349274,27.79536017728524,177.74546513980505,1.1403208592413443,data/raw/cutouts/2679032103673485178_VIS.fits,0.0
2679050117668654754,267.905011706928,66.86547549551511,763,11.378150939941406,0.1254400908946991,1,0.144659623503685,0,3.094902515411377,0.0305682122707366,9.283740997314451,0.1965225487947464,set_2679050117668654754,candidate,C,north,102159774.0,21.259820773197543,2.8825245379548803,0,0.0,0.0,0.0,0.0,0.0,90.70585694563005,1.1926901045063123,data/raw/cutouts/2679050117668654754_VIS.fits,0.9
2679617797668832999,267.9617797001232,66.88329993375362,807,10.776288032531738,0.1285297870635986,1,0.2816647291183471,0,2.539077043533325,0.0294389948248863,9.87387466430664,0.200448676943779,set_2679050117668654754,reference,unlabelled,north,,21.318827022874103,2.90687353472207,1,102.76099980088688,0.0590062496765604,0.0243489967671899,0.062561159583425,102.76099980089052,83.84272843461149,1.4745293280065868,data/raw/cutouts/2679617797668832999_VIS.fits,0.3
2679750911678698656,267.9750911586024,67.86986566658287,813,10.007366180419922,0.116043597459793,1,0.4389082491397857,0,2.232590675354004,0.0229842476546764,4.239838123321533,0.1532220691442489,set_2680433488678786795,reference,unlabelled,north,,21.39920052154172,2.910090545594068,1,97.83908764570612,0.1558970755316444,-0.006363402955857,0.2792625000838906,97.83908764569183,86.23798640754215,0.6963504226194029,data/raw/cutouts/2679750911678698656_VIS.fits,0.0
2679947150664076983,267.9947150814267,66.40769832077444,1947,32.403934478759766,0.1679763048887252,1,0.1252539306879043,0,7.854431629180908,0.0372464880347251,22.36134910583496,0.2992391884326935,set_2679947150664076983,candidate,C,north,102159485.0,20.123505636622824,3.289365951520032,0,0.0,0.0,0.0,0.0,0.0,192.90777053481168,1.1359580956205326,data/raw/cutouts/2679947150664076983_VIS.fits,1.0
2679962821657727193,267.99628213891936,65.77271932531052,6510,85.66004943847656,0.3833315968513489,1,0.1603120863437652,3,10.515206336975098,0.0476042628288269,27.81831359863281,0.3849189281463623,set_2680136665657888295,reference,unlabelled,north,,19.06805419821859,3.813580988568192,1,63.42528444406771,0.0411356302462806,0.0307501833656003,0.0458897748855367,63.42528444407839,223.4620108075632,1.0562824987869543,data/raw/cutouts/2679962821657727193_VIS.fits,0.8
2680136665657888295,268.0136665899106,65.78882953480664,6065,88.96774291992188,0.3218022882938385,1,0.3883033990859985,2,9.799032211303713,0.0385111644864082,26.306121826171875,0.2422378957271576,set_2680136665657888295,candidate,C,north,102159190.0,19.02691856797231,3.782830805202592,0,0.0,0.0,0.0,0.0,0.0,276.46709223734666,1.0721841044077003,data/raw/cutouts/2680136665657888295_VIS.fits,0.7
2680176728672736900,268.01767287501224,67.27369001477686,759,6.805960178375244,0.1388640850782394,1,0.2426117807626724,0,1.3476110696792605,0.0231028404086828,4.368886947631836,0.1513460725545883,set_2680176728672736900,candidate,C,north,102160057.0,21.81777649071677,2.88024177589548,0,0.0,0.0,0.0,0.0,0.0,49.0116661521271,1.2770155924991866,data/raw/cutouts/2680176728672736900_VIS.fits,0.9
2680242082656735280,268.024208255704,65.6735280308199,2982,39.56184768676758,0.218204379081726,1,0.1971170008182525,2,6.66685152053833,0.0343953631818294,22.12839126586914,0.2304307073354721,set_2680242082656735280,candidate,B,north,102158890.0,19.906808583547317,3.474507639116976,0,0.0,0.0,0.0,0.0,0.0,181.3063874027484,1.3025726473363437,data/raw/cutouts/2680242082656735280_VIS.fits,1.0
2680418753645430667,268.041875368412,64.54306677632523,869,9.683452606201172,0.1805383861064911,1,0.3654710352420807,0,1.6738348007202148,0.0290213767439126,3.699787378311157,0.1426080465316772,set_2680917462645517489,reference,unlabelled,north,,21.434924421688272,2.9390197764486663,1,83.2481528744101,-0.0656405298225557,-0.0093931893299346,0.0560215895915462,83.2481528743797,53.63653024177008,0.8611604335988844,data/raw/cutouts/2680418753645430667_VIS.fits,0.4
2680433488678786795,268.0433488894094,67.87867959384602,825,11.552570343017578,0.1026237457990646,1,0.0492181330919265,0,3.33081603050232,0.0256344694644212,6.465439796447754,0.2048903107643127,set_2680433488678786795,candidate,C,north,102160335.0,21.24330344601008,2.916453948549925,0,0.0,0.0,0.0,0.0,0.0,112.57209774468085,0.7201185648301445,data/raw/cutouts/2680433488678786795_VIS.fits,0.8
2680496502672530037,268.0496502049712,67.25300378053082,739,7.059598445892334,0.1349589675664901,1,0.2351780384778976,0,1.5864657163619995,0.0235083922743797,3.481500625610352,0.1187198236584663,set_2680176728672736900,reference,unlabelled,north,,21.77805000292744,2.868644438394825,1,86.74939034344918,-0.0397264877893341,-0.0115973375006546,0.0273498091414796,62.6240721583646,52.30922089274497,0.8533394653737598,data/raw/cutouts/2680496502672530037_VIS.fits,0.1
2680510583664187041,268.0510583148008,66.41870412784543,1342,27.59516906738281,0.1261955201625824,1,0.4562244117259979,2,6.947157859802246,0.0326893553137779,16.603601455688477,0.254106193780899,set_2679947150664076983,reference,unlabelled,north,,20.29791735199403,3.1277525158329733,1,90.31678725788326,0.1744117153712068,-0.1616134356870584,0.9979598318102642,90.31678725786637,218.66995779113967,0.9459878320482498,data/raw/cutouts/2680510583664187041_VIS.fits,0.0
2680543070640040291,268.054307097033,64.00402914978793,1171,17.499711990356445,0.1522928476333618,1,0.1309909224510193,0,4.303304672241211,0.0377166718244552,10.780864715576172,0.1748591661453247,set_2680543070640040291,candidate,C,north,102157954.0,20.79242274714544,3.068556895072363,0,0.0,0.0,0.0,0.0,0.0,114.90829846774038,0.9971287531350992,data/raw/cutouts/2680543070640040291_VIS.fits,0.9
2680662202639968298,268.0662202239015,63.99682980994612,1135,17.71819496154785,0.151766836643219,1,0.1589605510234832,2,4.414680004119873,0.0363776683807373,12.190073013305664,0.1775431782007217,set_2680543070640040291,reference,unlabelled,north,,20.77895130970154,3.0549958615291417,1,32.018314808274184,-0.0134714374438971,-0.0135610335432212,0.0074929012341605,32.01831480824261,116.7461571542185,1.1027676935710096,data/raw/cutouts/2680662202639968298_VIS.fits,0.5
2680684828656611888,268.0684828346058,65.66118889696386,2969,33.477073669433594,0.2534315884113312,1,0.3061279356479645,2,4.167675018310547,0.0352899208664894,15.605246543884276,0.2275249361991882,set_2680242082656735280,reference,unlabelled,north,,20.088131279979628,3.472610197596045,1,79.28561998401804,0.1813226964323142,-0.0018974415209309,0.3707896434815033,79.28561998401591,132.0951104765155,1.4334419690829314,data/raw/cutouts/2680684828656611888_VIS.fits,0.3
2680792814667089014,268.0792814181537,66.70890146675926,1448,25.14248275756836,0.1579125821590423,1,0.1143359318375587,0,5.7762837409973145,0.0336693450808525,16.8568172454834,0.2479110062122345,set_2680792814667089014,candidate,C,north,102159485.0,20.39897959758449,3.1607685618611283,0,0.0,0.0,0.0,0.0,0.0,159.21772928927226,1.1628176500606826,data/raw/cutouts/2680792814667089014_VIS.fits,1.0
2680917462645517489,268.09174629207,64.55174893274807,888,9.115364074707031,0.1380883753299713,1,0.025742320343852,0,2.027642011642456,0.0249532647430896,6.162364959716797,0.1760329753160476,set_2680917462645517489,candidate,C,north,102158272.0,21.500564951510828,2.948412965778601,0,0.0,0.0,0.0,0.0,0.0,66.0110892964398,1.2068903359881724,data/raw/cutouts/2680917462645517489_VIS.fits,1.0
2680932712664697516,268.093271296963,66.46975163883475,923,16.79662322998047,0.1280888319015503,1,0.2203996628522873,0,4.564446926116943,0.0317917577922344,5.250783443450928,0.1588948667049408,set_2680932712664697516,candidate,B,north,102159485.0,20.83694504865991,2.965201701025912,0,0.0,0.0,0.0,0.0,0.0,131.1326130516237,0.1520898639098573,data/raw/cutouts/2680932712664697516_VIS.fits,0.6
2681118489670940717,268.1118489814024,67.09407176820191,818,13.074728965759276,0.1354351490736007,1,0.2521639168262481,0,3.544397354125977,0.0353722535073757,14.90849494934082,0.247627854347229,set_2681156091670838160,reference,unlabelled,north,,21.108918262823835,2.912753303671323,1,37.29464139650052,-0.1605567946208879,0.0195465506114751,0.2971717585708238,37.29464139648636,96.538668545002,1.5597284971044507,data/raw/cutouts/2681118489670940717_VIS.fits,0.0
2681133118667057955,268.11331189983434,66.7057955549962,2214,22.191654205322266,0.431075781583786,1,0.5652499198913574,2,1.3400620222091677,0.0273874774575233,3.8724348545074463,0.146465852856636,set_2680792814667089014,reference,unlabelled,north,,20.53452580869816,3.345177616542704,1,49.717373425875145,0.1355462111136738,0.1844090546815757,1.056428619376551,49.71737342585179,51.47970531721691,1.1521480527260752,data/raw/cutouts/2681133118667057955_VIS.fits,0.2
2681156091670838160,268.1156091991868,67.08381609186887,782,11.277425765991213,0.1071797013282775,1,0.0668519288301467,0,3.449007987976074,0.0309284385293722,6.817395210266113,0.1986955404281616,set_2681156091670838160,candidate,C,north,102159774.0,21.269475057444723,2.893206753059848,0,0.0,0.0,0.0,0.0,0.0,105.21979093270583,0.7398106773729561,data/raw/cutouts/2681156091670838160_VIS.fits,1.0
2681253475664697179,268.12534753507015,66.46971795924243,932,16.116376876831055,0.1625388413667678,1,0.420902818441391,0,3.2926549911499023,0.0317370034754276,8.33103084564209,0.1931583732366562,set_2680932712664697516,reference,unlabelled,north,,20.88183146328387,2.9694159123539814,1,46.1014224992356,0.04488641462396,0.0042142113280694,0.0246526848832424,46.10142249920028,99.15400369112118,1.0078812882912542,data/raw/cutouts/2681253475664697179_VIS.fits,0.1
2682061397679348286,268.20613979827726,67.93482862722318,1028,12.118560791015623,0.1271200627088546,1,0.1397116482257843,2,2.233051061630249,0.0250551775097847,8.742716789245605,0.1926163583993911,set_2682061397679348286,candidate,A,north,102160335.0,21.191372385579832,3.011993114659257,0,0.0,0.0,0.0,0.0,0.0,95.33161432409756,1.481869390563615,data/raw/cutouts/2682061397679348286_VIS.fits,0.9
2682422249679543275,268.2422249016005,67.9543275782084,904,12.452089309692385,0.1248960494995117,1,0.7922446727752686,2,1.9259556531906128,0.0235759373754262,3.180762529373169,0.1385993659496307,set_2682061397679348286,reference,unlabelled,north,,21.1618944327574,2.9561684304753637,1,85.48113174702134,-0.029477952822436,-0.0558246841838938,0.0938294760386323,85.48113174702898,99.69962508494768,0.5447124092355343,data/raw/cutouts/2682422249679543275_VIS.fits,0.0
2682485549650718130,268.2485549062913,65.07181301428953,1541,28.006690979003903,0.1770114302635193,1,0.4068330824375152,0,5.290900230407715,0.0303019788116216,11.786004066467283,0.1976895183324813,set_2682518899650423259,reference,unlabelled,north,,20.281845501276727,3.1878026387184195,1,106.2740005314695,0.1976587604587436,0.0929822583636195,0.6599252736501046,106.2740005314708,158.21967506454226,0.8695925360211496,data/raw/cutouts/2682485549650718130_VIS.fits,0.1
2682518899650423259,268.25188996305326,65.04232598114912,1244,33.59891891479492,0.1777867823839187,1,0.0954062417149543,0,7.952332019805908,0.0438584350049495,1.1309608221054075,12.196062088012695,set_2682518899650423259,candidate,C,north,102158584.0,20.084186740817984,3.0948203803548,0,0.0,0.0,0.0,0.0,0.0,188.98434666667345,-2.1176173585560205,data/raw/cutouts/2682518899650423259_VIS.fits,0.6
2682636662637980461,268.2636662758773,63.79804617375017,1306,17.18100929260254,0.1562346071004867,1,0.3848942220211029,2,3.536947727203369,0.0281978007405996,11.468910217285156,0.2257483899593353,set_2682983371638126599,reference,unlabelled,north,,20.812378318180905,3.115943176939055,1,76.1796466961439,-0.0727940158870765,-0.1621241539496076,0.7209588903350487,76.17964669618947,109.96929304883191,1.2772337788656891,data/raw/cutouts/2682636662637980461_VIS.fits,0.6
2682811671684624982,268.2811671037892,68.46249820267944,1006,26.29665184020996,0.1399755626916885,1,0.165620669722557,2,7.224863052368164,0.0427836254239082,19.31768798828125,0.2605701982975006,set_2683215062684525130,reference,unlabelled,north,,20.350248858802843,3.002597980719909,1,64.30859320695933,0.0780425865887153,-0.1219062441143736,0.4427477520328524,64.30859320699258,187.86601985756053,1.067813819501069,data/raw/cutouts/2682811671684624982_VIS.fits,1.0
2682983371638126599,268.29833712206386,63.81265991855817,1897,16.066862106323242,0.2059627175331115,1,0.0942380800843238,0,2.851489543914795,0.0280269645154476,9.074273109436035,0.2183698862791061,set_2682983371638126599,candidate,C,north,102157954.0,20.88517233406798,3.2780673308886628,0,0.0,0.0,0.0,0.0,0.0,78.00859446195771,1.2568501568035984,data/raw/cutouts/2682983371638126599_VIS.fits,1.0
2683138856642768548,268.31388565352404,64.27685484966598,2596,27.50825309753418,0.3615220487117767,1,0.0968968570232391,2,3.6077628135681152,0.0415972433984279,6.348941326141357,0.1597317457199096,set_2683555203642954376,reference,unlabelled,north,,20.30134247115323,3.414304688128332,1,93.29766770646648,0.1269815053530152,-0.024870051715137,0.2020845727249602,93.29766770649618,76.09011178033327,0.6136583393008882,data/raw/cutouts/2683138856642768548_VIS.fits,0.1
2683215062684525130,268.32150627024595,68.45251302771872,1332,28.25644302368164,0.1759424954652786,1,0.2437019646167755,2,7.1118669509887695,0.0425571985542774,21.563400268554688,0.27776038646698,set_2683215062684525130,candidate,C,north,102160607.0,20.272206272214127,3.1245042248342823,0,0.0,0.0,0.0,0.0,0.0,160.6004447587133,1.2043340531933933,data/raw/cutouts/2683215062684525130_VIS.fits,1.0
2683269878647372264,268.32698789276674,64.73722640663556,1328,17.7039794921875,0.1472135484218597,1,0.0460482202470302,0,4.232758522033691,0.0304408408701419,13.42818832397461,0.1903329491615295,set_2683269878647372264,candidate,C,north,102158272.0,20.77982275538881,3.1231980750319988,0,0.0,0.0,0.0,0.0,0.0,120.2605309224286,1.2534848265481249,data/raw/cutouts/2683269878647372264_VIS.fits,0.9
2683349933636669483,268.3349933948802,63.66694835084925,793,11.862479209899902,0.1153547316789627,1,0.3475494086742401,0,3.3397693634033203,0.0287467837333679,10.23655891418457,0.2060827314853668,set_2683349933636669483,candidate,C,north,102157632.0,21.21456133926382,2.899273187317604,0,0.0,0.0,0.0,0.0,0.0,102.83478655139788,1.2160937844124455,data/raw/cutouts/2683349933636669483_VIS.fits,0.9
2683482490647368922,268.3482490036768,64.73689228742165,1439,18.344314575195312,0.156373918056488,1,0.2279825210571289,0,4.128839015960693,0.0306722465902566,14.022623062133787,0.2283580154180526,set_2683269878647372264,reference,unlabelled,north,,20.74124627692348,3.158060793936605,1,32.68734381440847,-0.0385764784653339,0.0348627189046064,0.0478362045769605,32.687343814468335,117.31057712942048,1.3275032751371585,data/raw/cutouts/2683482490647368922_VIS.fits,0.4
2683532666682159960,268.3532666717863,68.21599608311976,1435,23.37036323547364,0.1502532660961151,1,0.3424986004829407,2,5.587468147277832,0.0337360352277755,11.78585433959961,0.2013813555240631,set_2684231593682162758,reference,unlabelled,north,,20.47833634375885,3.156851901070011,1,93.38087208867834,-0.1239791410963491,-0.0189497317782683,0.1872402633735496,93.3808720886802,155.53980184712864,0.8103650225925406,data/raw/cutouts/2683532666682159960_VIS.fits,0.5
2683555203642954376,268.3555203318142,64.29543764195286,2749,30.9211483001709,0.2185410261154174,1,0.1923736631870269,0,5.277688503265381,0.031392652541399,19.2720890045166,0.2482809424400329,set_2683555203642954376,candidate,A,north,102158272.0,20.17436096580021,3.4391747398434687,0,0.0,0.0,0.0,0.0,0.0,141.4889865294245,1.406212596860442,data/raw/cutouts/2683555203642954376_VIS.fits,0.9
2683685911636740009,268.3685911927865,63.67400090653464,872,12.698246955871582,0.1406157612800598,1,0.4359872341156006,0,2.966847896575928,0.0314724408090114,9.21506404876709,0.1868028491735458,set_2683349933636669483,reference,unlabelled,north,,21.14064057751993,2.940516484932567,1,59.350916889725895,-0.073920761743885,0.0412432976149634,0.1062594541114303,59.35091688968637,90.30457781031318,1.2305076912234103,data/raw/cutouts/2683685911636740009_VIS.fits,0.1
2684023754674529862,268.40237540723274,67.45298620006291,1085,9.230484008789062,0.1585243940353393,1,0.2715975940227508,2,1.822324514389038,0.0283590368926525,5.978995800018311,0.1548993587493896,set_2684023754674529862,candidate,B,north,102160058.0,21.48693881438129,3.0354297381845483,0,0.0,0.0,0.0,0.0,0.0,58.22753062680904,1.29000632723031,data/raw/cutouts/2684023754674529862_VIS.fits,1.0
2684058176685650370,268.4058176178527,68.56503705310696,891,10.099005699157717,0.1398951560258865,1,0.0936836451292038,0,1.86909294128418,0.0247790645807981,7.033592700958252,0.1397900432348251,set_2684058176685650370,candidate,B,north,102160607.0,21.38930345678743,2.949877704036875,0,0.0,0.0,0.0,0.0,0.0,72.18981690323126,1.43886579591432,data/raw/cutouts/2684058176685650370_VIS.fits,1.0
2684110894663784721,268.41108944985416,66.37847219340172,5362,86.09352111816406,0.2877674102783203,1,0.1513444781303405,2,14.860269546508787,0.0465337969362735,40.03403091430664,0.2854014933109283,set_2684110894663784721,candidate,C,north,102159485.0,19.062573824283987,3.7293268096468606,0,0.0,0.0,0.0,0.0,0.0,299.1774538850556,1.076006582877866,data/raw/cutouts/2684110894663784721_VIS.fits,0.9
2684198586674807266,268.4198586017082,67.48072664101748,1287,10.16633415222168,0.2170597910881042,1,0.0918863415718078,0,1.9605811834335327,0.0322746075689792,3.4610068798065186,0.1297260224819183,set_2684023754674529862,reference,unlabelled,north,,21.382089049469126,3.1095785469043866,1,102.73698162911658,-0.1048497649121635,0.0741488087198383,0.2686499628172487,102.73698162910704,46.83656102891568,0.6170440809559173,data/raw/cutouts/2684198586674807266_VIS.fits,0.2
2684231593682162758,268.4231593717818,68.21627585035421,1499,20.848451614379883,0.151958554983139,1,0.0583407580852508,0,4.724330425262451,0.0299486741423606,15.092090606689451,0.3090786635875702,set_2684231593682162758,candidate,C,north,102160335.0,20.6023154848552,3.1758016328482794,0,0.0,0.0,0.0,0.0,0.0,137.19827499473908,1.2610228469696576,data/raw/cutouts/2684231593682162758_VIS.fits,0.8
2684246741649013381,268.42467411554617,64.90133815975773,2496,35.304141998291016,0.2114665657281875,1,0.3811963200569153,2,6.700502395629883,0.0339626744389534,20.96136283874512,0.2803694903850555,set_2684246741649013381,candidate,C,north,102158584.0,20.03043584690761,3.397244581010386,0,0.0,0.0,0.0,0.0,0.0,166.94904878565936,1.2382803720626905,data/raw/cutouts/2684246741649013381_VIS.fits,1.0
2684353023685592092,268.43530235682204,68.55920929354065,990,12.97294807434082,0.2060705870389938,1,0.5153855681419373,2,0.5220657587051392,0.0204831454902887,1.864646553993225,0.102708950638771,set_2684058176685650370,reference,unlabelled,north,,21.11740330055097,2.99563519459755,1,44.10469937277414,-0.2719001562364624,0.0457574905606752,0.875452470170915,44.10469937277509,62.95390458554868,1.382178283254819,data/raw/cutouts/2684353023685592092_VIS.fits,0.3
2684636301650542568,268.46363012596834,65.05425689620138,3866,49.38679504394531,0.2591142356395721,1,0.2778584361076355,2,6.5569376945495605,0.0351858548820018,21.94355773925781,0.2697919607162475,set_2684636301650542568,candidate,C,north,102158584.0,19.66597289116081,3.5872618496925344,0,0.0,0.0,0.0,0.0,0.0,190.59854014598545,1.311514961962254,data/raw/cutouts/2684636301650542568_VIS.fits,0.9
2684661436650302314,268.4661436165833,65.0302314560858,2914,52.620880126953125,0.2601503729820251,1,0.1749643236398697,2,7.009553909301758,0.0366690643131732,17.489849090576172,0.2242447286844253,set_2684636301650542568,reference,unlabelled,north,,19.597104730654173,3.4644895474339714,1,86.57581426223781,-0.0688681605066356,-0.1227723022585629,0.4359500673446129,86.57581426223648,202.2710155045172,0.9927392051233396,data/raw/cutouts/2684661436650302314_VIS.fits,0.1
2684754214663635966,268.4754214499165,66.36359665690631,7790,106.1073226928711,0.4432019591331482,1,0.1010554060339927,0,13.094590187072754,0.0519057288765907,31.9389591217041,0.303575724363327,set_2684110894663784721,reference,unlabelled,north,,18.83563660868756,3.891537457672564,1,107.16580460245495,-0.2269372155964291,0.1622106480257037,1.2398812501077483,107.1658046024127,239.4107708828832,0.9680721185102696,data/raw/cutouts/2684754214663635966_VIS.fits,0.3
2684898578649096840,268.48985785392824,64.90968401180123,2039,38.405155181884766,0.2099741995334625,1,0.1129149794578552,0,5.346025943756104,0.0305701941251754,11.291491508483888,0.1837508082389831,set_2684246741649013381,reference,unlabelled,north,,19.93902618929108,3.30941722577814,1,103.95910543159764,-0.0914096576165306,-0.0878273552322461,0.2949481882135811,103.95910543161855,182.90416283151177,0.8118006256197775,data/raw/cutouts/2684898578649096840_VIS.fits,0.5
2685015598637946151,268.5015598784854,63.7946151922157,1395,21.22525787353516,0.2031543254852295,1,0.3103911280632019,0,3.354511976242065,0.0304496176540851,5.924535274505615,0.1441331505775451,set_2685490710638126805,reference,unlabelled,north,,20.582867561617796,3.144574207609616,1,99.6527286136803,0.0100029498804268,-0.1385007671258553,0.4891872748457714,85.31344439834032,104.47849349423949,0.6175623571706567,data/raw/cutouts/2685015598637946151_VIS.fits,0.0
2685023553645164388,268.50235536587115,64.51643889079287,1123,12.483259201049805,0.1394170820713043,1,0.3017662465572357,3,2.695087432861328,0.0259165447205305,11.01968765258789,0.2230879664421081,set_2685023553645164388,candidate,C,north,102158272.0,21.15918002937478,3.050379756261458,0,0.0,0.0,0.0,0.0,0.0,89.5389504326686,1.5289910647251614,data/raw/cutouts/2685023553645164388_VIS.fits,0.8
2685218212685999501,268.5218212219157,68.5999501279593,861,12.40279483795166,0.1439958363771438,1,0.6716483235359192,2,2.396754264831543,0.0299495290964841,5.5490498542785645,0.1588256508111953,set_2685509147685729039,reference,unlabelled,north,,21.166201100414284,2.935003151453655,1,104.60595377883318,0.0458144420199175,-0.0134098143249459,0.0371987392804539,104.60595377883558,86.13301016195447,0.9114877945589048,data/raw/cutouts/2685218212685999501_VIS.fits,0.0
2685314674685394745,268.53146741781217,68.539474529581,1202,13.617972373962402,0.163537859916687,1,0.28216752409935,2,1.8579453229904173,0.0235072094947099,6.8855719566345215,0.1355820596218109,set_2685314674685394745,candidate,C,north,102160607.0,21.06471887796576,3.079904467666721,0,0.0,0.0,0.0,0.0,0.0,83.27106873539842,1.4222677301926874,data/raw/cutouts/2685314674685394745_VIS.fits,0.2
2685490710638126805,268.54907109955803,63.81268052480853,1919,21.42171096801757,0.2064278572797775,1,0.1759872585535049,2,2.785006761550904,0.028914688155055,9.724303245544434,0.1874116063117981,set_2685490710638126805,candidate,A,north,102157955.0,20.57286461173737,3.2830749747354715,0,0.0,0.0,0.0,0.0,0.0,103.77335331725176,1.3575805991032588,data/raw/cutouts/2685490710638126805_VIS.fits,1.0
2685506948643754223,268.5506948969727,64.37542235817092,4832,83.3554458618164,0.3037111461162567,1,0.419406533241272,0,14.131577491760254,0.0542500279843807,35.233856201171875,0.3083562850952148,set_2685730342643470690,reference,unlabelled,north,,19.097665052863046,3.684126925613076,1,107.84055055502968,-0.2136288716838521,0.0857742157437915,0.7009819498049439,107.84055055503484,274.4563277566014,0.991923832962746,data/raw/cutouts/2685506948643754223_VIS.fits,0.2
2685509147685729039,268.5509147155565,68.5729039546238,888,12.937350273132324,0.1549133956432342,1,0.2280619889497757,0,3.098950862884521,0.0323933027684688,5.04341983795166,0.1530203223228454,set_2685509147685729039,candidate,B,north,102160607.0,21.120386658394366,2.948412965778601,0,0.0,0.0,0.0,0.0,0.0,83.51343806914583,0.5287760806916766,data/raw/cutouts/2685509147685729039_VIS.fits,0.5
2685550729632335172,268.55507298274324,63.23351729020795,1421,32.18174362182617,0.2813352048397064,1,0.1787282824516296,0,3.7731335163116455,4147.53125,12.846487998962402,11.640999794006348,set_2685550729632335172,candidate,C,north,102157303.0,20.130976073306638,3.15259407792747,0,0.0,0.0,0.0,0.0,0.0,114.38932301473626,1.3302056051872515,data/raw/cutouts/2685550729632335172_VIS.fits,0.9
2685565303645137519,268.556530334538,64.51375199642497,1066,10.142182350158691,0.1409603953361511,1,0.3044709861278534,0,2.149996995925904,0.0262203570455312,9.50079345703125,0.1612181216478347,set_2685023553645164388,reference,unlabelled,north,,21.38467146343019,3.0277572046905536,1,84.47178919842645,0.2254914340554101,-0.0226225515709042,0.5838718764059839,84.4717891984637,71.95058105485889,1.613305059319821,data/raw/cutouts/2685565303645137519_VIS.fits,0.1
2685707960685531278,268.5707960794833,68.55312787277715,881,11.63158130645752,0.1446491032838821,1,0.3383519649505615,0,2.9419150352478027,0.0336050540208816,9.198062896728516,0.2120082378387451,set_2685314674685394745,reference,unlabelled,north,,21.23590309796289,2.944975908412048,1,71.39676917810495,0.17118421999713,-0.1349285592546731,0.7851135991087849,71.396769178119,80.41239829624023,1.2376656228877108,data/raw/cutouts/2685707960685531278_VIS.fits,0.5
2685730342643470690,268.5730342815341,64.34706905219893,3966,68.46717834472656,0.3935439586639404,1,0.3083945214748382,2,9.33508014678955,0.0531490482389926,23.109113693237305,0.2354558855295181,set_2685730342643470690,candidate,B,north,102158272.0,19.3112939245469,3.598352709869284,0,0.0,0.0,0.0,0.0,0.0,173.97593543849277,0.9841630957238708,data/raw/cutouts/2685730342643470690_VIS.fits,0.7
2685777426632356646,268.5777426054449,63.23566466205566,1178,30.92845726013184,0.2111267447471618,1,0.4882698953151703,6,,,18.971445083618164,0.3798475563526153,set_2685550729632335172,reference,unlabelled,north,,20.174104356160957,3.0711452904510828,1,37.55664562233266,0.0431282828543189,-0.0814487874763871,0.1877241110266524,37.55664562230557,146.49237024504265,,data/raw/cutouts/2685777426632356646_VIS.fits,0.2
2686600512641893455,268.66005127219086,64.18934553937298,895,10.180124282836914,0.1577127426862716,1,0.1033538281917572,0,1.8966293334960933,0.0256223883479833,4.2752766609191895,0.124793604016304,set_2686600512641893455,candidate,C,north,102157955.0,21.380617299835876,2.951823035315912,0,0.0,0.0,0.0,0.0,0.0,64.54852099736556,0.8824544020821561,data/raw/cutouts/2686600512641893455_VIS.fits,1.0
2686791931642055247,268.6791931177884,64.20552474038936,941,10.456046104431152,0.1381648182868957,1,0.7460322380065918,2,1.5958322286605835,0.0218349006026983,3.602832317352295,0.1299145817756652,set_2686600512641893455,reference,unlabelled,north,,21.351581276160616,2.973589623427257,1,65.51476420266609,-0.0290360236752569,0.0217665881113449,0.0248921393197427,65.51476420266316,75.67806503910019,0.8841420451900213,data/raw/cutouts/2686791931642055247_VIS.fits,0.1
2686855325651108603,268.6855325160297,65.11086038477805,2363,30.102413177490234,0.2245474159717559,1,0.5147062540054321,0,2.6261661052703857,0.0259363315999507,9.810013771057127,0.1619197279214859,set_2686855325651108603,candidate,C,north,102158584.0,20.20349671885104,3.373463721632369,0,0.0,0.0,0.0,0.0,0.0,134.05815892923297,1.4308685631011222,data/raw/cutouts/2686855325651108603_VIS.fits,0.7
2686882215650867917,268.68822156723644,65.08679170788923,2205,28.709503173828125,0.2109593600034713,1,0.2606219351291656,0,5.266049385070801,0.036497164517641,13.475906372070312,0.2109623998403549,set_2686855325651108603,reference,unlabelled,north,,20.25493580757203,3.3434085938038574,1,86.74305647308024,0.0514390887209899,-0.0300551278285117,0.0584334678930159,86.74305647308566,136.09020795927574,1.0201826432994034,data/raw/cutouts/2686882215650867917_VIS.fits,0.2
2686902089663711289,268.6902089192903,66.3711289572315,764,8.073509216308594,0.1458914875984192,1,0.3835416436195373,0,1.7745203971862793,0.0262788590043783,2.111591339111328,9.600732803344728,set_2687387797663911328,reference,unlabelled,north,,21.632344136548628,2.8830933585756897,1,100.468108762577,0.041091213604691,-0.0483645121133151,0.0858929683799862,100.46810876257727,55.33913835008475,0.1888221908311537,data/raw/cutouts/2686902089663711289_VIS.fits,0.3
2687183584657900200,268.7183584343036,65.7900200420844,1555,37.15146255493164,0.2171517014503479,1,0.2658902406692505,0,9.56178379058838,0.0542569085955619,26.24984741210937,5.092715263366699,set_2687183584657900200,candidate,C,north,102159191.0,19.97506021135115,3.191730393362856,0,0.0,0.0,0.0,0.0,0.0,171.0852933999524,1.0964696598944466,data/raw/cutouts/2687183584657900200_VIS.fits,0.7
2687214852658088573,268.7214852977211,65.8088573616498,9682,121.78556060791016,0.5617530941963196,1,0.1467823535203933,130,10.450819969177246,0.049060896039009,29.68153381347656,0.3206492960453033,set_2687214852658088573,candidate,C,north,102159191.0,18.68601050093369,3.985965078304871,0,0.0,0.0,0.0,0.0,0.0,216.79553146412923,1.1333399330268867,data/raw/cutouts/2687214852658088573_VIS.fits,0.7
2687261887658017136,268.7261887879216,65.80171361733215,2198,47.5322151184082,0.240965649485588,1,0.1942930221557617,0,8.466527938842773,0.0441534370183944,22.73355293273925,0.2797884345054626,set_2687183584657900200,reference,unlabelled,north,,19.70752986510021,3.342027688087472,1,43.65452343351578,-0.2675303462509433,0.1502972947246155,1.3616156118393283,26.63732583699991,197.2572240893243,1.0724049231576296,data/raw/cutouts/2687261887658017136_VIS.fits,0.2
2687387797663911328,268.7387797106231,66.39113288447253,854,8.384918212890625,0.1563197672367096,1,0.1321635693311691,0,1.744270086288452,0.0277420561760664,6.505302906036377,0.1648900955915451,set_2687387797663911328,candidate,C,north,102159486.0,21.591252922943937,2.931457870689005,0,0.0,0.0,0.0,0.0,0.0,53.6395259608699,1.4291344764057945,data/raw/cutouts/2687387797663911328_VIS.fits,1.0
2687449179637779430,268.74491795800105,63.77794307132794,3208,44.25878143310547,0.2742952108383178,1,0.0629392489790916,0,6.8348469734191895,0.040720161050558,20.543851852416992,0.2649399042129516,set_2687552661637674643,reference,unlabelled,north,,19.78500136893669,3.506234359612126,1,41.15949829076306,0.0653542227464214,-0.057721105383687,0.1322030652249415,41.15949829074419,161.35455408732463,1.1948826976517752,data/raw/cutouts/2687449179637779430_VIS.fits,0.1
2687517531684852552,268.75175311969747,68.4852552254749,1306,22.205411911010746,0.1438622325658798,1,0.2578535974025726,0,5.591609954833984,0.0330647937953472,7.915707588195801,9.850563049316406,set_2687517531684852552,candidate,C,north,102160607.0,20.53385291560205,3.115943176939055,0,0.0,0.0,0.0,0.0,0.0,154.35192068802402,0.377382183230033,data/raw/cutouts/2687517531684852552_VIS.fits,0.1
2687552661637674643,268.75526619429024,63.76746435509685,3664,47.00468444824219,0.2970651388168335,1,0.0988839492201805,2,7.338053226470947,0.0424121059477329,19.512237548828125,0.2693150639533996,set_2687552661637674643,candidate,C,north,102157955.0,19.71964714619027,3.563955464995813,0,0.0,0.0,0.0,0.0,0.0,158.23022733483603,1.061815542526838,data/raw/cutouts/2687552661637674643_VIS.fits,1.0
2687553112678075213,268.7553112260739,67.80752136635553,2679,38.1253662109375,0.2279809862375259,1,0.1111175343394279,0,9.102219581604004,0.046762678772211,25.855844497680664,0.3112831711769104,set_2687553112678075213,candidate,C,north,102160336.0,19.946964940088268,3.427972713608209,0,0.0,0.0,0.0,0.0,0.0,167.2304644353803,1.1335285474156338,data/raw/cutouts/2687553112678075213_VIS.fits,0.8
2687758435658014898,268.7758435997089,65.80148981288616,6149,124.60041809082033,0.3782984316349029,1,0.3827148675918579,0,11.92998218536377,0.0465688593685627,20.85614013671875,5.519534111022949,set_2687214852658088573,reference,unlabelled,north,,18.661201251049437,3.788804493044649,1,84.47358714647055,-0.0248092498842567,-0.1971605852602223,0.9847640730908142,84.47358714641538,329.37069697151856,0.6064853528271316,data/raw/cutouts/2687758435658014898_VIS.fits,0.0
2687900321650859511,268.79003210743605,65.08595110358115,1202,18.789121627807617,0.1375593841075897,1,0.0843688994646072,0,4.160053253173828,0.0297735072672367,14.07404899597168,0.2187647670507431,set_2687900321650859511,candidate,A,north,102158584.0,20.71523380561787,3.079904467666721,0,0.0,0.0,0.0,0.0,0.0,136.58916656032736,1.323300421255649,data/raw/cutouts/2687900321650859511_VIS.fits,1.0
2687936169684615270,268.7936169163512,68.46152705562795,1649,20.39286994934082,0.195361703634262,1,0.1939538419246673,0,3.076620817184448,0.0274909473955631,8.249794006347656,0.1804021596908569,set_2687517531684852552,reference,unlabelled,north,,20.626304125911084,3.217220655644519,1,101.7592749917304,0.0924512103090293,0.1012774787054637,0.3602750739542176,101.7592749917058,104.38519714958288,1.0709228257148993,data/raw/cutouts/2687936169684615270_VIS.fits,1.0
2687970439648743491,268.797043967054,64.87434919733515,2048,22.489795684814453,0.2062972486019134,1,0.0838577300310134,2,3.583665609359741,0.0316781140863895,10.913270950317385,0.2001329660415649,set_2687970439648743491,candidate,B,north,102158584.0,20.520036225057066,3.3113299523037933,0,0.0,0.0,0.0,0.0,0.0,109.01645968246744,1.209068647046611,data/raw/cutouts/2687970439648743491_VIS.fits,1.0
2688029385648672397,268.802938539739,64.86723975241986,1385,26.19132804870605,0.1787604689598083,1,0.1848760694265365,0,5.131137371063232,0.035282589495182,10.922774314880373,0.1887800395488739,set_2687970439648743491,reference,unlabelled,north,,20.35460619956484,3.1414497734004674,1,27.134112935476526,-0.1654300254922205,-0.1698801789033259,1.0261919187843709,27.134112935477003,146.51633104965055,0.8202982965970029,data/raw/cutouts/2688029385648672397_VIS.fits,0.1
2688054361648826754,268.80543613154765,64.88267549138783,869,13.997084617614746,0.1092199757695198,1,0.1130390912294387,0,3.61294150352478,0.0274362340569496,9.926864624023438,0.1946859061717987,set_2688054361648826754,candidate,B,north,102158584.0,21.034906029792225,2.9390197764486663,0,0.0,0.0,0.0,0.0,0.0,128.15498739124362,1.0973779231455918,data/raw/cutouts/2688054361648826754_VIS.fits,1.0
2688109502682080230,268.8109502257094,68.20802300239346,5907,84.58609008789062,0.3666105568408966,1,0.1939102560281753,0,11.842347145080566,0.050375010818243,29.55338478088379,0.3180363178253174,set_2688109502682080230,candidate,C,north,102160336.0,19.081752623571383,3.771366970857781,0,0.0,0.0,0.0,0.0,0.0,230.7246436566738,0.9929236012312384,data/raw/cutouts/2688109502682080230_VIS.fits,0.9
2688128310677977933,268.8128310454533,67.79779339257236,2574,43.37725830078125,0.2455153316259384,1,0.5633374452590942,0,10.184082984924316,0.0509560965001583,19.123199462890625,0.2707673609256744,set_2687553112678075213,reference,unlabelled,north,,19.806844753584112,3.410608542568368,1,85.71205056141933,-0.1401201865041557,-0.0173641710398411,0.2319882000627108,29.976084469613276,176.67840950507264,0.6840965635598544,data/raw/cutouts/2688128310677977933_VIS.fits,0.1
2688149271647967093,268.8149271987569,64.79670930779008,1555,30.465675354003903,0.1654713898897171,1,0.2057143151760101,0,6.954442024230957,0.0384708978235721,18.66983222961425,0.2526930570602417,set_2688149271647967093,candidate,A,north,102158584.0,20.190472975305678,3.191730393362856,0,0.0,0.0,0.0,0.0,0.0,184.11445854361037,1.0721953108624065,data/raw/cutouts/2688149271647967093_VIS.fits,1.0
2688196754640647683,268.8196754639905,64.06476839831232,825,6.975353717803955,0.1684854626655578,1,0.1566611677408218,2,1.0836586952209473,0.0229296404868364,3.0849709510803223,0.1328549683094024,set_2688196754640647683,candidate,C,north,102157955.0,21.791084411427885,2.916453948549925,0,0.0,0.0,0.0,0.0,0.0,41.40032978186357,1.1358963971433846,data/raw/cutouts/2688196754640647683_VIS.fits,0.5
2688374439650760963,268.8374439856858,65.07609632514497,1338,19.14542579650879,0.1705786287784576,1,0.2673799693584442,2,4.473222255706787,0.034283373504877,12.163805961608888,0.2152117788791656,set_2687900321650859511,reference,unlabelled,north,,20.69483742612204,3.1264561134318045,1,80.1896111447357,-0.0203963794958284,0.0465516457650836,0.064311760968897,80.1896111447036,112.2381269776432,1.086122516569889,data/raw/cutouts/2688374439650760963_VIS.fits,0.5
2688521522682009482,268.8521522160461,68.2009482361714,4410,70.01252746582031,0.3352848887443542,1,0.2121603041887283,0,10.58517360687256,0.0471208244562149,24.89998817443848,0.2693398594856262,set_2688109502682080230,reference,unlabelled,north,,19.28706060987507,3.644438589467839,1,60.6772640826138,0.205307986303687,-0.1269283813899422,0.8742753875464115,60.677264082604886,208.81504003362048,0.9287528889623629,data/raw/cutouts/2688521522682009482_VIS.fits,1.0
2688586600648740322,268.85866002393203,64.87403224371883,828,14.181754112243652,0.161451056599617,1,0.6779460906982422,0,2.538419246673584,0.0297111049294471,4.958189964294434,0.1207366734743118,set_2688054361648826754,reference,unlabelled,north,,21.020675122079613,2.9180303367848803,1,87.09274919744233,-0.0142309077126121,-0.0209894396637859,0.0197671635430338,87.09274919748265,87.8393391219051,0.7268995249660954,data/raw/cutouts/2688586600648740322_VIS.fits,0.0
2688594070648006755,268.8594070848092,64.80067557728265,1388,35.186580657958984,0.1336617171764373,1,0.5008100271224976,0,9.514002799987791,0.0412313416600227,23.98839569091797,0.3200398981571197,set_2688149271647967093,reference,unlabelled,north,,20.034057336857185,3.142389466118836,1,69.66136567442997,-0.1564156384484896,-0.0493409272440201,0.3368663901146329,69.66136567450748,263.2509996225149,1.004094822642434,data/raw/cutouts/2688594070648006755_VIS.fits,0.2
2688708107685059849,268.8708107012495,68.50598497309815,2485,48.48583221435547,0.2426412999629974,1,0.3403651416301727,2,6.272861957550049,0.0372309200465679,12.20005226135254,0.2213113754987716,set_2689141580685100408,reference,unlabelled,north,,19.685962864319336,3.395326393069351,1,59.00742968145157,-0.129917912795122,-0.0978527276131639,0.4299047674789965,59.00742968144982,199.82514197603425,0.7222399015888527,data/raw/cutouts/2688708107685059849_VIS.fits,0.1
2688777692640542271,268.8777692034464,64.05422713843743,929,7.669163703918457,0.1573880910873413,1,0.5520227551460266,0,1.1309734582901,0.0215768013149499,3.773059368133545,0.1362785696983337,set_2688196754640647683,reference,unlabelled,north,,21.688129979493752,2.968015713993642,1,99.04301877357275,-0.1029544319341333,0.0515617654437168,0.1926489739355703,99.04301877353944,48.72772552824542,1.308103064389515,data/raw/cutouts/2688777692640542271_VIS.fits,0.0
2689141580685100408,268.914158080473,68.51004082904004,3113,43.01774978637695,0.2494610697031021,1,0.2892431318759918,2,6.143158912658691,0.0328694395720958,20.454545974731445,0.2680713236331939,set_2689141580685100408,candidate,C,north,102160607.0,19.815880777114455,3.493179120682515,0,0.0,0.0,0.0,0.0,0.0,172.442737608617,1.3059952352565494,data/raw/cutouts/2689141580685100408_VIS.fits,0.8
2689353276635111335,268.93532765179384,63.51113355693628,3309,59.261077880859375,0.2550953030586242,1,0.3234269320964813,2,4.931672096252441,0.0322787426412105,7.986805915832519,0.1584941297769546,set_2689812292635253102,reference,unlabelled,north,,19.46807613385051,3.519696767159853,1,89.6337380049526,0.0284693618088454,-0.1817848684610741,0.8420371038192925,89.6337380049283,232.3095610554633,0.5234473450637468,data/raw/cutouts/2689353276635111335_VIS.fits,0.0
2689426699665002477,268.94266994835846,66.50024773949407,1055,19.606388092041016,0.1419728547334671,1,0.1466863304376602,0,4.653661251068115,0.030251545831561,10.347858428955078,0.1837417483329773,set_2689426699665002477,candidate,C,north,102159486.0,20.66900601279309,3.023252459633712,0,0.0,0.0,0.0,0.0,0.0,138.09955522025032,0.8676392786152007,data/raw/cutouts/2689426699665002477_VIS.fits,0.9
2689454589663308985,268.945458985677,66.33089855777907,1234,22.3100814819336,0.1721290796995163,1,0.0962151363492012,2,5.01836633682251,0.037321638315916,7.62357759475708,0.1472793668508529,set_2689454589663308985,candidate,C,north,102159486.0,20.528747108906103,3.091315159697223,0,0.0,0.0,0.0,0.0,0.0,129.61250661933502,0.4539911593131895,data/raw/cutouts/2689454589663308985_VIS.fits,1.0
2689614042663032804,268.9614042881726,66.30328040091108,1002,23.71049690246582,0.1547486931085586,1,0.4949483573436737,0,5.860898971557617,0.0392971113324165,9.790643692016602,0.1671244949102401,set_2689454589663308985,reference,unlabelled,north,,20.46264836097,3.0008677215312267,1,102.06392643286286,-0.0660987479361026,-0.0904474381659961,0.2619943525612098,102.06392643286758,153.21936764811667,0.5571175262470549,data/raw/cutouts/2689614042663032804_VIS.fits,0.0
2689690308665163320,268.9690308322771,66.51633205767712,1088,17.91148567199707,0.1992538720369339,1,0.7398243546485901,130,3.8648085594177246,0.0342483259737491,7.115650653839111,0.1746907532215118,set_2689426699665002477,reference,unlabelled,north,,20.76717097502139,3.036628895362161,1,69.16506233686212,0.0981649622282958,0.0133764357284498,0.1156452328298501,69.16506233687059,89.89278596642266,0.6627165793307433,data/raw/cutouts/2689690308665163320_VIS.fits,0.5
2689812292635253102,268.98122922095,63.52531028861341,5029,60.83552932739258,0.2962163686752319,1,0.1184486150741577,2,8.935019493103027,0.0371296554803848,23.331212997436523,0.226548358798027,set_2689812292635253102,candidate,C,north,102157632.0,19.439606772041664,3.7014816356209272,0,0.0,0.0,0.0,0.0,0.0,205.3753126455072,1.042104535428857,data/raw/cutouts/2689812292635253102_VIS.fits,1.0
2690177088672937227,269.01770880905895,67.29372273099628,1029,17.520753860473633,0.1257643550634384,1,0.2802053987979889,0,5.601312637329102,0.0355350226163864,17.231704711914062,19.141632080078125,set_2690177088672937227,candidate,B,north,102160058.0,20.79111802875313,3.012415374762433,0,0.0,0.0,0.0,0.0,0.0,139.31414709387067,1.2200960757742652,data/raw/cutouts/2690177088672937227_VIS.fits,0.9
2690537459684315657,269.0537459805505,68.43156574456825,1217,23.964019775390625,0.1517152786254882,1,0.2356169372797012,0,5.59149169921875,0.0325155816972255,8.985405921936035,0.1864650845527649,set_2690551592684529543,reference,unlabelled,north,,20.45110082674154,3.085290578230065,1,77.02173286974072,0.0351276070839325,-0.0154245083430168,0.0247444600995806,77.02173286973218,157.95389885910058,0.5150250423345601,data/raw/cutouts/2690537459684315657_VIS.fits,0.2
2690551592684529543,269.05515921511267,68.45295436774263,1261,24.75202369689941,0.2029603421688079,1,0.2568915784358978,2,6.203036308288574,0.0507813952863216,13.157068252563477,0.235613539814949,set_2690551592684529543,candidate,C,north,102160608.0,20.41597321965761,3.1007150865730817,0,0.0,0.0,0.0,0.0,0.0,121.95497619092724,0.816387010938801,data/raw/cutouts/2690551592684529543_VIS.fits,0.8
2690644021648396249,269.064402111085,64.8396249931037,4625,84.21110534667969,0.2933849096298218,1,0.3724882900714874,0,9.00438404083252,0.0368504412472248,21.793495178222656,0.2104048579931259,set_2690666515648268601,reference,unlabelled,north,,19.08657658025466,3.6651117370750512,1,46.08232367171858,-0.2826740704352239,0.0801024571725901,1.0500599424685255,46.08232367171355,287.0328451893896,0.9596821929147792,data/raw/cutouts/2690644021648396249_VIS.fits,0.0
2690666515648268601,269.0666515554563,64.82686014026385,3846,64.9082260131836,0.2242043018341064,1,0.4406855702400207,2,12.687500953674316,0.0436847656965255,32.80293273925781,0.3541253507137298,set_2690666515648268601,candidate,A,north,102158585.0,19.369250650689885,3.585009279902461,0,0.0,0.0,0.0,0.0,0.0,289.5048198549312,1.031341463880124,data/raw/cutouts/2690666515648268601_VIS.fits,0.7
2690737584672996522,269.0737584617693,67.29965220447113,820,16.324193954467773,0.108957290649414,1,0.3921385109424591,0,5.353233814239502,0.0328451879322528,12.496606826782228,0.2226142585277557,set_2690177088672937227,reference,unlabelled,north,,20.86792063459152,2.9138138523837167,1,80.75085737254757,0.0768026058383846,-0.0986015223787162,0.3141874028320458,80.75085737258549,149.82195185995633,0.9204397338229068,data/raw/cutouts/2690737584672996522_VIS.fits,0.0
2691200739666476860,269.1200739576987,66.64768602598777,1332,19.435407638549805,0.1767748892307281,1,0.1671037822961807,2,3.651273727416992,0.0335424952208995,11.15794563293457,0.1707008630037307,set_2691200739666476860,candidate,A,north,102159486.0,20.678515865094493,3.1245042248342823,0,0.0,0.0,0.0,0.0,0.0,109.94439155429222,1.2128496219324194,data/raw/cutouts/2691200739666476860_VIS.fits,1.0
2691363298666378051,269.1363298452296,66.63780516206764,1580,21.21052360534668,0.1989154368638992,1,0.1641901731491089,512,4.279616355895996,0.0333776660263538,13.71018409729004,0.1830986589193344,set_2691200739666476860,reference,unlabelled,north,,20.58362152577296,3.198657086954422,1,42.46896702554389,-0.0948943393215344,0.0741528621201403,0.2390673219861694,42.46896702554082,106.63085751287984,1.2640961194879383,data/raw/cutouts/2691363298666378051_VIS.fits,0.4
2691401316663846892,269.14013160547006,66.38468926649463,5238,83.64887237548828,0.372101217508316,1,0.4959546029567718,0,13.34251880645752,0.0544700622558593,35.71813201904297,0.3393944203853607,set_2691401316663846892,candidate,C,north,102159486.0,19.093849772868847,3.719165494089213,0,0.0,0.0,0.0,0.0,0.0,224.80139392077865,1.069127286323904,data/raw/cutouts/2691401316663846892_VIS.fits,1.0
2691428006663586871,269.1428006910912,66.3586871975135,4342,70.95281219482422,0.257288247346878,1,0.5229785442352295,0,12.028514862060549,0.0444057658314704,29.513824462890625,0.2918869256973266,set_2691401316663846892,reference,unlabelled,north,,19.27257596681329,3.637689819118401,1,93.68663738115768,0.178726193944442,-0.0814756749708123,0.5284049670751215,90.38218242388132,275.7716799211784,0.9745337019941464,data/raw/cutouts/2691428006663586871_VIS.fits,0.2
2691532629662288078,269.1532629624124,66.22880782275317,3171,62.348724365234375,0.232925534248352,1,0.216180220246315,2,12.555815696716309,0.052804984152317,31.094871520996094,0.2662235796451568,set_2691532629662288078,candidate,C,north,102159191.0,19.41293106904848,3.501196242027089,0,0.0,0.0,0.0,0.0,0.0,267.6766399460368,0.9846095863249872,data/raw/cutouts/2691532629662288078_VIS.fits,1.0
2691536427648717460,269.15364270230305,64.87174608114636,1552,36.26367950439453,0.178587794303894,1,0.147223874926567,2,6.702149868011475,0.0360003560781478,14.212336540222168,0.2730985879898071,set_2691536427648717460,candidate,C,north,102158585.0,20.001320330483946,3.1908917169221698,0,0.0,0.0,0.0,0.0,0.0,203.0579953447794,0.8161283696094441,data/raw/cutouts/2691536427648717460_VIS.fits,0.7
2691814066648705762,269.1814066766451,64.87057622826113,1508,36.97270965576172,0.1458470523357391,1,0.2048108279705047,2,9.692009925842283,0.0440611690282821,24.492883682250977,0.2784629166126251,set_2691536427648717460,reference,unlabelled,north,,19.98029679922169,3.178401341533755,1,42.65284070155417,-0.0210235312622515,-0.0124903753884146,0.0103709506962731,42.65284070158575,253.50330406850284,1.0065651744523727,data/raw/cutouts/2691814066648705762_VIS.fits,0.6
2692063519681559969,269.2063519782008,68.15599695713549,2184,29.409109115600582,0.2255115658044815,1,0.1146148294210434,0,6.339919567108154,0.0441695153713226,22.72010803222656,0.3030100166797638,set_2692063519681559969,candidate,C,north,102160336.0,20.228795328229,3.3392526340327,0,0.0,0.0,0.0,0.0,0.0,130.4106466144547,1.385816609853121,data/raw/cutouts/2692063519681559969_VIS.fits,0.9
2692089012662182212,269.20890120147453,66.2182212516936,2579,49.53165435791016,0.1968717128038406,1,0.184012085199356,2,8.81889533996582,0.0449170805513858,16.515377044677734,0.1953277736902237,set_2691532629662288078,reference,unlabelled,north,,19.66279291583465,3.411451342137937,1,89.2955738324551,0.2498618467861781,-0.0897448998891512,0.9018669771908124,81.20018874355917,251.5935562934966,0.6811857612294804,data/raw/cutouts/2692089012662182212_VIS.fits,0.8
2692113542681799718,269.2113542866239,68.17997187469513,1956,26.72188186645508,0.2314057201147079,1,0.2581332623958587,0,4.674006462097168,0.0358575917780399,0.2068021148443222,6.534477710723877,set_2692063519681559969,reference,unlabelled,north,,20.33283240072344,3.291368850451583,1,86.56913609392221,0.1040370724944388,-0.047883783581117,0.1840099716784561,86.56913609390628,115.47632380569088,-3.3853358319367253,data/raw/cutouts/2692113542681799718_VIS.fits,0.2
2693584272672602320,269.3584272176952,67.26023208996314,1609,29.04759979248047,0.1696784794330597,1,0.78966224193573,0,4.532297611236572,0.0312383081763982,14.095973014831545,0.1827631592750549,set_2694304236672595349,reference,unlabelled,north,,20.24222436902291,3.2065560440990297,1,100.22070912758234,-0.0011703987682345,-0.0215875634987119,0.0202770672817796,100.2207091275619,171.19200908409906,1.231941599463617,data/raw/cutouts/2693584272672602320_VIS.fits,0.0
2693934828634576160,269.3934828210694,63.45761607420663,908,21.30012893676757,0.2005615830421447,1,0.0908184126019477,2,,,,,set_2694458809634722756,reference,unlabelled,north,,20.57904441906076,2.958085848521085,1,99.43224854891488,-0.0866208263470547,-0.0547513761840869,0.1667876717501339,99.43224854889756,106.20243724488206,,data/raw/cutouts/2693934828634576160_VIS.fits,0.3
2694028745678191377,269.40287455090584,67.8191377148226,1659,28.282678604125977,0.1521835625171661,1,0.3819450139999389,0,7.480167388916016,0.0370777174830436,15.520225524902344,0.2582675218582153,set_2694549514678142483,reference,unlabelled,north,,20.2711986540989,3.219846386024361,1,72.94144211096557,0.0415031042565523,-0.1009228423143255,0.27833590828892,72.94144211098701,185.84581761867827,0.7924667780798539,data/raw/cutouts/2694028745678191377_VIS.fits,0.0
2694152770663300508,269.415277055399,66.33005082533884,844,10.467888832092283,0.1621102541685104,1,0.0420088246464729,0,2.0342142581939697,0.0289049427956342,8.224214553833008,0.1825974136590957,set_2694152770663300508,candidate,C,north,102159486.0,21.350352245426503,2.926342446625655,0,0.0,0.0,0.0,0.0,0.0,64.57265079117771,1.5167443441542012,data/raw/cutouts/2694152770663300508_VIS.fits,1.0
2694304236672595349,269.4304236539894,67.25953496097844,1691,29.01630401611328,0.1861531436443328,1,0.4576985538005829,2,6.441195964813232,0.0402210317552089,17.020889282226562,0.2380374521017074,set_2694304236672595349,candidate,C,north,102160059.0,20.243394767791145,3.2281436075977417,0,0.0,0.0,0.0,0.0,0.0,155.8732957610015,1.0550393363202588,data/raw/cutouts/2694304236672595349_VIS.fits,0.7
2694431496651859060,269.4431496401328,65.18590608640102,1060,18.126354217529297,0.1589086204767227,1,0.3983116745948791,0,4.016578197479248,0.0318746455013752,14.556386947631836,0.2389394342899322,set_2694431496651859060,candidate,C,north,102158585.0,20.75422384365377,3.0253058652647704,0,0.0,0.0,0.0,0.0,0.0,114.06778413374047,1.3979934131304024,data/raw/cutouts/2694431496651859060_VIS.fits,0.9
2694458809634722756,269.44588097389686,63.47227569545748,1030,19.66680908203125,0.2273260504007339,1,0.0957625061273574,2,,,10.48406982421875,33.34825897216797,set_2694458809634722756,candidate,C,north,102157633.0,20.665665245407816,3.012837224705172,0,0.0,0.0,0.0,0.0,0.0,86.51366197302198,,data/raw/cutouts/2694458809634722756_VIS.fits,0.4
2694549514678142483,269.454951470646,67.81424836837486,2093,29.384735107421875,0.2396877706050872,1,0.05714076384902,2,5.503195285797119,0.0406747348606586,20.23758125305176,0.2780797779560089,set_2694549514678142483,candidate,A,north,102160336.0,20.229695549842347,3.3207692283386865,0,0.0,0.0,0.0,0.0,0.0,122.5958881141106,1.4138592025683687,data/raw/cutouts/2694549514678142483_VIS.fits,1.0
2694570747663313708,269.457074793427,66.3313708154503,785,10.741877555847168,0.1267786175012588,1,0.4331570267677307,0,2.35731053352356,0.0249464176595211,3.6093711853027344,0.1143779158592224,set_2694152770663300508,reference,unlabelled,north,,21.32229950588412,2.8948696567452528,1,60.59458423224771,-0.0280527395423852,-0.0314727898804023,0.0366552643686155,60.594584232195366,84.72941074420937,0.4625368752022361,data/raw/cutouts/2694570747663313708_VIS.fits,0.0
2694958058650832108,269.4958058244813,65.083210840253,1716,33.177913665771484,0.1762531250715255,1,0.2963957786560058,2,9.366166114807127,0.0449970513582229,26.534608840942383,0.296138048171997,set_2694958058650832108,candidate,B,north,102158585.0,20.097877318227223,3.2345172835126865,0,0.0,0.0,0.0,0.0,0.0,188.2401441240121,1.1306270846913988,data/raw/cutouts/2694958058650832108_VIS.fits,0.7
2694962872638196006,269.49628722991304,63.81960060125924,1214,19.881982803344727,0.1268099546432495,1,0.2810077369213104,2,4.733246803283691,0.0299349036067724,16.947160720825195,0.2386275231838226,set_2695046853638479184,reference,unlabelled,north,,20.65385076543898,3.0842186867392387,1,102.81235688815816,-0.162510386758548,-0.131683126464793,0.7360138293485197,102.81235688816837,156.78566291801056,1.3848444947861485,data/raw/cutouts/2694962872638196006_VIS.fits,0.0
2694986997670109430,269.4986997340312,67.01094306763714,753,10.690374374389648,0.113434761762619,1,0.6120421886444092,0,2.709251642227173,0.0269511174410581,3.847802877426148,20.851985931396484,set_2695271128669987941,reference,unlabelled,north,,21.32751771408641,2.876794976200701,1,59.24136801532621,-0.0065093845731887,-0.0125067263056095,0.007390120657312,59.24136801531297,94.24248976483086,0.3809086744527019,data/raw/cutouts/2694986997670109430_VIS.fits,0.0
2695012025651968140,269.50120250265104,65.19681404082013,1282,19.69780158996582,0.1710895299911499,1,0.2845000028610229,0,4.357908725738525,0.0366767160594463,10.085765838623049,0.182565838098526,set_2694431496651859060,reference,unlabelled,north,,20.663955603456877,3.1078880251827985,1,96.08103635147238,-0.0902682401968988,0.082582159918028,0.2689471878026242,96.08103635145382,115.13154306394289,0.9110768774953482,data/raw/cutouts/2695012025651968140_VIS.fits,0.0
2695046853638479184,269.50468537766204,63.84791845246926,1644,17.118099212646484,0.1653230488300323,1,0.1328864246606826,2,3.0062155723571777,0.026313355192542,11.526959419250488,0.2142373025417328,set_2695046853638479184,candidate,B,north,102157956.0,20.816361152197526,3.215901813204032,0,0.0,0.0,0.0,0.0,0.0,103.54333127648466,1.4592366102157324,data/raw/cutouts/2695046853638479184_VIS.fits,1.0
2695069373666689430,269.5069373710495,66.66894309370372,4892,89.33937072753906,0.5346854329109192,1,0.3752237558364868,897,,,,,set_2695397736666928563,reference,unlabelled,north,,19.02239277714533,3.689486448364248,1,97.98344837356647,0.0472535249954901,-0.083128601484923,0.2058001619603888,97.98344837357504,167.0877215434133,,data/raw/cutouts/2695069373666689430_VIS.fits,0.2
2695154641651092775,269.51546418492615,65.10927755615444,824,17.994338989257812,0.1155951097607612,1,0.2139869481325149,0,4.4193549156188965,0.0289311837404966,7.496631145477295,0.1675704419612884,set_2695685045651186609,reference,unlabelled,north,,20.762160255632768,2.915927211697116,1,87.16441944616871,0.0365137608982166,-0.121499286243508,0.3903796037415229,87.16441944616346,155.6669570754281,0.5737681550722422,data/raw/cutouts/2695154641651092775_VIS.fits,0.6
2695271128669987941,269.52711280336115,66.99879417320973,775,10.626473426818848,0.1443654149770736,1,0.5499577522277832,2,2.0857937335968018,0.0261490754783153,5.513927936553955,0.1651715338230133,set_2695271128669987941,candidate,C,north,102159775.0,21.334027098659604,2.88930170250631,0,0.0,0.0,0.0,0.0,0.0,73.60816597594666,1.0554743187475122,data/raw/cutouts/2695271128669987941_VIS.fits,0.5
2695307069668674755,269.5307069727372,66.86747550170047,1663,32.69676971435547,0.159169316291809,1,0.1352979689836502,2,7.473403453826904,0.0354518294334411,17.656173706054688,0.2497420310974121,set_2695307069668674755,candidate,C,north,102159775.0,20.11373787863428,3.2208922492195198,0,0.0,0.0,0.0,0.0,0.0,205.42131156994907,0.933445411190542,data/raw/cutouts/2695307069668674755_VIS.fits,0.5
2695397736666928563,269.5397736070413,66.69285635133348,5924,93.31346130371094,0.362417995929718,1,0.2919025719165802,0,14.296102523803713,0.0542110428214073,41.51652526855469,0.2932486534118652,set_2695397736666928563,candidate,A,north,102159486.0,18.975139252149845,3.772615049849171,0,0.0,0.0,0.0,0.0,0.0,257.4746904174338,1.1575083599822724,data/raw/cutouts/2695397736666928563_VIS.fits,1.0
2695400687650678790,269.54006872952647,65.06787908900058,1548,28.350128173828125,0.2093229591846466,1,0.4724528193473816,0,4.105636119842529,0.0316218808293342,9.94308853149414,0.1489305347204208,set_2694958058650832108,reference,unlabelled,north,,20.2686124331922,3.189770956346874,1,86.92430793912156,0.1707351149649696,-0.0447463271658126,0.3804279722702077,86.92430793914414,135.43726060560846,0.960352127104255,data/raw/cutouts/2695400687650678790_VIS.fits,0.0
2695572104652837533,269.5572104418369,65.28375335366,734,9.505911827087402,0.1266416907310485,1,0.1670186221599578,514,2.2408039569854736,0.0240404494106769,4.542931079864502,5.044517993927002,set_2695572104652837533,candidate,C,north,102158891.0,21.45501554589712,2.8656960599160706,0,0.0,0.0,0.0,0.0,0.0,75.0614728231582,0.7673307138004327,data/raw/cutouts/2695572104652837533_VIS.fits,0.5
2695685045651186609,269.5685045445832,65.1186609362149,1090,18.609786987304688,0.1391172260046005,1,0.0613954924046993,0,4.740140438079834,0.0317115597426891,13.154075622558594,0.1842629611492157,set_2695685045651186609,candidate,C,north,102158585.0,20.72564649473455,3.037426497940624,0,0.0,0.0,0.0,0.0,0.0,133.7705438914465,1.108172813492711,data/raw/cutouts/2695685045651186609_VIS.fits,1.0
2695742579667159067,269.57425792914387,66.71590670202212,801,10.415088653564451,0.1184680089354515,1,0.0324063710868358,2,2.8174712657928467,0.0279362462460994,6.771369457244873,0.1542045623064041,set_2695742579667159067,candidate,C,north,102159486.0,21.35584257243029,2.9036325160842376,0,0.0,0.0,0.0,0.0,0.0,87.91477756023754,0.9520425368094227,data/raw/cutouts/2695742579667159067_VIS.fits,0.7
2695765030652773489,269.57650306967724,65.27734893068043,851,9.763184547424316,0.1255548596382141,1,0.1476718485355377,514,2.285888671875,0.026414917781949,7.471531867980957,0.1868718564510345,set_2695572104652837533,reference,unlabelled,north,,21.426021253530195,2.929929560084588,1,37.0825279481212,-0.0289942923669244,0.0642335001685174,0.1136682686622811,37.082527948084056,77.76030792879621,1.2858864443776428,data/raw/cutouts/2695765030652773489_VIS.fits,1.0
2695977665668717937,269.5977665825522,66.87179371885549,1521,30.192626953125,0.163850650191307,1,0.1621300429105758,0,6.012532711029053,0.0324926860630512,15.6558198928833,0.1897623836994171,set_2695307069668674755,reference,unlabelled,north,,20.200247747285463,3.182129214052998,1,96.09928088127594,0.0865098686511842,-0.0387630351665211,0.1286369898671833,40.81475309603754,184.26919220566415,1.039045910818957,data/raw/cutouts/2695977665668717937_VIS.fits,0.1
2695988761638792702,269.59887611469924,63.879270255259335,1141,16.69957733154297,0.1349237710237503,1,0.1928902715444564,0,3.914692640304565,0.0321822054684162,10.757036209106444,0.1777702569961547,set_2695988761638792702,candidate,C,north,102157956.0,20.84323630190672,3.0572856444182146,0,0.0,0.0,0.0,0.0,0.0,123.77046094126275,1.0974874028322037,data/raw/cutouts/2695988761638792702_VIS.fits,0.9
2696045458667230865,269.60454583483164,66.7230865585213,1129,11.550860404968262,0.1983509957790374,1,0.1989678591489792,0,2.117964506149292,0.0299966651946306,3.5338778495788574,0.1226869225502014,set_2695742579667159067,reference,unlabelled,north,,21.243464161677952,3.052693941924968,1,50.251908189544864,-0.112378410752342,0.1490614258407303,0.6979689065112409,50.25190818956072,58.234446263309394,0.5558321402091664,data/raw/cutouts/2696045458667230865_VIS.fits,0.4
2696131421638885758,269.61314217785446,63.88857587760005,987,15.450448036193848,0.1298362016677856,1,0.77536940574646,0,2.51291298866272,0.0255624037235975,4.25964879989624,0.1508442163467407,set_2695988761638792702,reference,unlabelled,north,,20.927647305674657,2.9943171526696366,1,40.41477836481773,0.0844110037679364,-0.0629684917485779,0.1796951958526716,40.41477836482445,118.99953816984888,0.5729908567496553,data/raw/cutouts/2696131421638885758_VIS.fits,0.0
2697192667642722765,269.7192667017294,64.27227651525557,729,12.367491722106934,0.1822214871644973,1,0.3102509975433349,2,2.469188451766968,0.0375084653496742,9.954059600830078,0.1727223545312881,set_2697192667642722765,candidate,A,north,102158273.0,21.169295929121496,2.8627275283179747,0,0.0,0.0,0.0,0.0,0.0,67.87065518207737,1.5136149991506966,data/raw/cutouts/2697192667642722765_VIS.fits,0.3
2697487405642803868,269.74874054494217,64.28038688457653,771,11.97391414642334,0.143365204334259,1,0.4912261068820953,0,2.6092638969421387,0.031462587416172,9.306208610534668,0.1541798561811447,set_2697192667642722765,reference,unlabelled,north,,21.204409650232027,2.8870543780509568,1,54.52876200205104,0.0351137211105303,0.024326849732982,0.0310437941537235,54.52876200206903,83.52036466607271,1.3806369459318932,data/raw/cutouts/2697487405642803868_VIS.fits,0.0
2697710172639011066,269.7710172707377,63.90110669536118,1214,20.206417083740234,0.1577900499105453,1,0.1185865923762321,2,4.4562578201293945,0.0339982919394969,10.681313514709473,0.1745631545782089,set_2697710172639011066,candidate,C,north,102157956.0,20.63627671728891,3.0842186867392387,0,0.0,0.0,0.0,0.0,0.0,128.05888010806578,0.9491358830249688,data/raw/cutouts/2697710172639011066_VIS.fits,1.0
2697844546680176455,269.7844546891193,68.01764558573329,1551,36.003936767578125,0.2112681716680526,1,0.681893527507782,2,2.98895263671875,0.0347764268517494,9.74716567993164,0.2377984821796417,set_2697844546680176455,candidate,C,north,102160336.0,20.009125024265128,3.190611797813605,0,0.0,0.0,0.0,0.0,0.0,170.4181774439171,1.2833982873602643,data/raw/cutouts/2697844546680176455_VIS.fits,0.7
2697968436680041005,269.796843620321,68.0041005013116,1170,42.99475860595703,0.139468565583229,1,0.5642286539077759,0,12.035006523132324,0.0475210547447204,28.75530242919922,0.3221892118453979,set_2697844546680176455,reference,unlabelled,north,,19.8164612126356,3.0681858617461617,1,51.54261356314261,-0.1926638116295294,-0.1224259360674433,0.7894175460397114,51.54261356315868,308.2756205755881,0.9456790239365752,data/raw/cutouts/2697968436680041005_VIS.fits,0.0
2698049285639178020,269.8049285632779,63.91780207477837,1371,20.59213829040528,0.1480336934328079,1,0.2873439788818359,0,4.942015647888184,0.0319081991910934,14.77725887298584,0.2127541750669479,set_2697710172639011066,reference,unlabelled,north,,20.61574638460759,3.137037454789513,1,80.5917312120708,-0.0205303326813215,0.0528187680502738,0.0799972682534971,80.5917312120717,139.1044012541104,1.189224413329378,data/raw/cutouts/2698049285639178020_VIS.fits,0.3
2698059648657762584,269.80596482262337,65.77625843132581,923,10.704819679260254,0.1458663642406463,1,0.1728176772594452,0,2.325967073440552,0.0257110726088285,4.546379566192627,0.1252325624227523,set_2698553108657820483,reference,unlabelled,north,,21.32605160979864,2.965201701025912,1,75.8021934270095,-0.0947507048656497,0.115168443336143,0.4362726824044479,75.80219342703381,73.38785562379368,0.7276553214073445,data/raw/cutouts/2698059648657762584_VIS.fits,0.3
2698553108657820483,269.85531089451314,65.78204839509542,708,9.810227394104004,0.1184688508510589,1,0.1766276359558105,0,2.5077524185180664,0.0269219726324081,8.623727798461914,0.1644973158836364,set_2698553108657820483,candidate,C,north,102159192.0,21.42080231466429,2.850033257689769,0,0.0,0.0,0.0,0.0,0.0,82.80849627247244,1.3410259548821089,data/raw/cutouts/2698553108657820483_VIS.fits,1.0
2699022837680838530,269.9022837744914,68.08385309194985,1901,29.05923652648925,0.2085169851779937,1,0.2929570376873016,0,15.746373176574709,0.0895968899130821,51.09774017333984,0.4668785333633423,set_2699592891680628084,reference,unlabelled,north,,20.24178950027466,3.278982116865443,1,107.76042613502234,0.0500173063043725,-0.1414687422406251,0.5380878197882938,107.76042613502877,139.36148415767565,1.27805288493838,data/raw/cutouts/2699022837680838530_VIS.fits,0.1
2699401814651614528,269.94018141142493,65.1614528266074,1896,30.67308807373047,0.1608543694019317,1,0.1118689626455307,0,7.274192810058594,0.036412626504898,17.28144073486328,0.2364434897899627,set_2699546732651711472,reference,unlabelled,north,,20.18310624590391,3.2778383330020477,1,41.207871682833,-0.1224414830240796,0.0144390016680451,0.1732448095282774,41.20787168284763,190.68856001720843,0.9394878450262346,data/raw/cutouts/2699401814651614528_VIS.fits,0.1
2699461169676130656,269.94611695126315,67.61306568186704,3419,48.329078674316406,0.2208120375871658,1,0.1522511690855026,0,9.652945518493652,0.0409479103982448,24.974489212036133,0.2310534715652465,set_2699461169676130656,candidate,C,north,102160059.0,19.68947870998408,3.5338991007965945,0,0.0,0.0,0.0,0.0,0.0,218.86976454007157,1.032091899007397,data/raw/cutouts/2699461169676130656_VIS.fits,1.0
2699480392658990324,269.9480392528436,65.89903249647575,2484,35.781288146972656,0.2535440623760223,1,0.3614588677883148,2,5.318952560424805,0.0378894545137882,8.159927368164062,0.1896795183420181,set_2700068627658889119,reference,unlabelled,north,,20.015860071589582,3.3951515915045425,1,93.85103086186774,-0.1734491309761807,-0.0955090618515943,0.5698743212844494,93.85103086183952,141.12453595504314,0.4646504405501689,data/raw/cutouts/2699480392658990324_VIS.fits,0.3
2699546732651711472,269.95467326104944,65.17114722836848,1834,27.401914596557617,0.1422901004552841,1,0.2894899547100067,2,7.535086631774902,0.0379619598388671,18.709945678710938,0.3252660036087036,set_2699546732651711472,candidate,C,north,102158585.0,20.30554772892799,3.263399331334002,0,0.0,0.0,0.0,0.0,0.0,192.5778006261856,0.9874606919609448,data/raw/cutouts/2699546732651711472_VIS.fits,0.3
2699592891680628084,269.9592891164902,68.06280840153957,2633,30.42924118041992,0.1959787458181381,1,0.1397642940282821,2,6.418952465057373,0.0359691083431243,19.77138328552246,0.2853522896766662,set_2699592891680628084,candidate,C,north,102160337.0,20.191772193970287,3.4204508591060683,0,0.0,0.0,0.0,0.0,0.0,155.2680677355557,1.221432239490685,data/raw/cutouts/2699592891680628084_VIS.fits,1.0
2699695481653039637,269.9695481107585,65.3039637491121,825,12.24389362335205,0.1296236664056778,1,0.1961349993944168,512,3.1638195514678955,0.0304935369640588,12.08602809906006,0.1803429573774337,set_2699695481653039637,candidate,C,north,102158891.0,21.180201130672685,2.916453948549925,0,0.0,0.0,0.0,0.0,0.0,94.45723888902236,1.455179735198172,data/raw/cutouts/2699695481653039637_VIS.fits,0.7
2699979146676047634,269.9979146997836,67.60476343454465,3006,53.63371276855469,0.2913276851177215,1,0.3012973070144653,2,7.299872398376465,430.9850463867188,12.511202812194824,0.1763281375169754,set_2699461169676130656,reference,unlabelled,north,,19.576405345412365,3.4779889762508893,1,77.06396931710101,-0.113073364571715,-0.0559101245457052,0.2253022260950912,77.06396931707003,184.1009815008898,0.5849594888221442,data/raw/cutouts/2699979146676047634_VIS.fits,0.1
2700028818638570223,270.0028818993277,63.85702233793675,4062,53.8863639831543,0.3033049702644348,1,0.2051649093627929,2,7.827847003936768,0.043753731995821,25.027257919311523,0.3143720328807831,set_2700028818638570223,candidate,C,north,102157956.0,19.57130279928264,3.608739919068788,0,0.0,0.0,0.0,0.0,0.0,177.66396619275233,1.2619273513386895,data/raw/cutouts/2700028818638570223_VIS.fits,0.7
2700061636638440097,270.0061636370021,63.844009757059176,3238,50.335636138916016,0.2851768434047699,1,0.0286612603813409,2,6.477545738220215,0.0402688048779964,19.3787841796875,0.276575356721878,set_2700028818638570223,reference,unlabelled,north,,19.64531109607217,3.510276844417355,1,47.13375841181908,0.074008296789529,-0.0984630746514332,0.3051371719272764,47.13375841182264,176.5067441589968,1.189790094492003,data/raw/cutouts/2700061636638440097_VIS.fits,0.1
2700068627658889119,270.0068627720822,65.88891190927127,3095,30.498348236083984,0.249764010310173,1,0.4471058845520019,0,4.547561168670654,0.0309742651879787,16.313915252685547,0.2818373739719391,set_2700068627658889119,candidate,C,north,102159192.0,20.189309202565767,3.490660653356137,0,0.0,0.0,0.0,0.0,0.0,122.10865848209744,1.3869491312366948,data/raw/cutouts/2700068627658889119_VIS.fits,0.6
2700171490680496942,270.01714901079066,68.04969420417832,796,13.966522216796877,0.1094043925404548,1,0.1502247750759124,2,4.118357181549072,0.0314364358782768,11.494355201721191,0.2293336689472198,set_2700171490680496942,candidate,B,north,102160337.0,21.037279308638627,2.900913067737669,0,0.0,0.0,0.0,0.0,0.0,127.65961121380415,1.1144015094822532,data/raw/cutouts/2700171490680496942_VIS.fits,0.5
2700261538636509077,270.0261538014538,63.65090771615201,1288,15.61076831817627,0.2021446079015731,1,0.6712364554405212,0,2.8093457221984863,0.0295631811022758,7.162071704864502,8.441410064697266,set_2700718618636419435,reference,unlabelled,north,,20.916439304142024,3.1099158630237933,1,79.85584213044386,0.065574089894163,-0.0432890370604908,0.1000930771591369,79.85584213046278,77.22574685631665,1.0160836933493735,data/raw/cutouts/2700261538636509077_VIS.fits,0.0
2700274115653132323,270.0274115750243,65.31323236912552,1197,12.265203475952148,0.2050738334655761,1,0.3364960253238678,514,1.9141664505004885,0.0282318387180566,6.046258926391602,0.1535695344209671,set_2699695481653039637,reference,unlabelled,north,,21.17831310646498,3.0780941504064105,1,93.19490518467882,-0.0018880242077052,0.1616402018564855,0.6606747150499224,93.19490518466144,59.80871995554225,1.248767603661929,data/raw/cutouts/2700274115653132323_VIS.fits,0.4
2700334150665531882,270.033415089727,66.55318828255838,811,6.092025279998779,0.1201845109462738,1,0.3230790197849273,2,1.0756785869598389,0.0217322539538145,6.460552215576172,0.1700342148542404,set_2700334150665531882,candidate,C,north,102159487.0,21.938095757865103,2.909020854211156,0,0.0,0.0,0.0,0.0,0.0,50.68893846663904,1.946467793709861,data/raw/cutouts/2700334150665531882_VIS.fits,0.8
2700338210662024979,270.03382108170075,66.20249798720884,3074,42.11906433105469,0.2437061667442321,1,0.3613269329071045,0,7.627525329589844,0.035926628857851,25.511499404907227,0.2941069006919861,set_2700731985662054551,reference,unlabelled,north,,19.838803212921825,3.4877038631637265,1,58.17948604253197,-0.0279297443075137,-0.0738745051372342,0.148005479564403,58.17948604250052,172.82724066337784,1.310880814801133,data/raw/cutouts/2700338210662024979_VIS.fits,0.7
2700718618636419435,270.0718618396796,63.6419435659782,1423,16.58264923095703,0.2026103734970092,1,0.1664713621139526,0,2.841301202774048,0.0268617831170558,9.489811897277832,0.1825667470693588,set_2700718618636419435,candidate,C,north,102157633.0,20.85086521424786,3.153204900084284,0,0.0,0.0,0.0,0.0,0.0,81.8450158535531,1.3093508223731094,data/raw/cutouts/2700718618636419435_VIS.fits,0.9
2700731985662054551,270.0731985924356,66.20545516675229,3644,41.04940032958984,0.305338591337204,1,0.2166127115488052,0,5.440451622009277,0.0360469408333301,19.87684440612793,0.2598598301410675,set_2700731985662054551,candidate,C,north,102159192.0,19.86673295722934,3.5615783683009608,0,0.0,0.0,0.0,0.0,0.0,134.43895234407657,1.406781213332445,data/raw/cutouts/2700731985662054551_VIS.fits,0.9
2700773856680681502,270.0773856561938,68.06815028864924,752,12.068726539611816,0.1085788682103157,1,0.5122354626655579,0,3.669738531112671,0.0310438331216573,7.871969699859619,0.1926454901695251,set_2700171490680496942,reference,unlabelled,north,,21.195846382751043,2.876217840591642,1,104.78528595688078,0.1585670741124154,-0.0246952271460267,0.3040323097786613,104.78528595689072,111.15170694388588,0.8286207297630893,data/raw/cutouts/2700773856680681502_VIS.fits,0.0
2700970529665513684,270.09705299761526,66.5513684386594,901,7.096429347991943,0.1491830796003341,1,0.1505375951528549,2,1.2298282384872437,0.0231175739318132,3.04888129234314,0.1322193294763565,set_2700334150665531882,reference,unlabelled,north,,21.77240029176872,2.954724790979063,1,91.39537811682746,-0.165695466096384,0.0457039367679068,0.364438112281918,91.39537811684436,47.56859401886251,0.9857401367873516,data/raw/cutouts/2700970529665513684_VIS.fits,0.8
2701254133678933511,270.1254133752072,67.89335117440586,2120,32.978267669677734,0.1843922138214111,1,0.1807183474302292,0,6.50946044921875,0.0338882021605968,19.47457504272461,0.2286222279071808,set_2701254133678933511,candidate,A,north,102160337.0,20.104430403358485,3.326335860928751,0,0.0,0.0,0.0,0.0,0.0,178.8484827326716,1.189807492582649,data/raw/cutouts/2701254133678933511_VIS.fits,1.0
2701429466678758285,270.1429466644153,67.87582859237759,1763,27.97027015686035,0.1601629108190536,1,0.4276559948921203,0,6.001562118530273,0.0326336324214935,10.82433795928955,0.1753654032945633,set_2701254133678933511,reference,unlabelled,north,,20.283258347204264,3.246252312299322,1,67.40865850868695,0.1788279438457785,-0.0800835486294291,0.519557093138295,67.40865850867766,174.6363750123159,0.6403425945985007,data/raw/cutouts/2701429466678758285_VIS.fits,0.0
2701971872653035695,270.197187279649,65.30356956325488,4050,85.2472152709961,0.2389401346445083,1,0.2260688692331314,0,15.243006706237791,0.0466198474168777,38.113094329833984,6.471104145050049,set_2701971872653035695,candidate,C,north,102158891.0,19.07329949747189,3.6074550232146687,0,0.0,0.0,0.0,0.0,0.0,356.77227435158886,0.995008922621794,data/raw/cutouts/2701971872653035695_VIS.fits,0.9
2702109656682402115,270.21096562434303,68.24021159199377,1675,22.366357803344727,0.1625649333000183,1,0.2163212895393371,2,5.513291835784912,0.0344609096646308,18.318056106567383,0.2121012955904007,set_2702871940682411776,reference,unlabelled,north,,20.5260118295096,3.224014811372864,1,101.79007490986326,-0.0939905091698207,0.0256326813645695,0.123466887911902,101.79007490987512,137.5841477575423,1.3036710080904534,data/raw/cutouts/2702109656682402115_VIS.fits,0.5
2702351647668617892,270.235164761375,66.86178921735237,873,8.939818382263184,0.1752557158470153,1,0.2124822288751602,2,1.038050651550293,0.0250184871256351,2.018880844116211,0.1258104294538498,set_2702647786668650898,reference,unlabelled,north,,21.52167826016404,2.941014243705569,1,43.54221499921767,-0.0063127303423335,0.0653743067014009,0.1089132331289308,43.542214999231696,51.010138751006295,0.7222303548385189,data/raw/cutouts/2702351647668617892_VIS.fits,0.0
2702363032652911498,270.2363032888899,65.29114988562456,4448,70.76325225830078,0.3046677708625793,1,0.4729842245578766,0,7.685941696166992,0.0385823622345924,11.598084449768066,0.1821525394916534,set_2701971872653035695,reference,unlabelled,north,,19.275480538141807,3.648164778574001,1,73.90708688796857,0.2021810406699167,0.0407097553593325,0.5003059233341381,73.90708688794726,232.2636623426067,0.4467229524895325,data/raw/cutouts/2702363032652911498_VIS.fits,0.0
2702424761650238808,270.24247613565115,65.02388085333139,1402,18.572677612304688,0.189203679561615,1,0.6434217691421509,2,2.961603164672852,0.0303405672311782,10.527803421020508,0.1631606370210647,set_2702922441650092356,reference,unlabelled,north,,20.727813699398627,3.14674801363064,1,92.22706428773608,-0.0767509299239499,0.001240842220977,0.0727831521735774,92.22706428777524,98.16234893178394,1.3770272538970545,data/raw/cutouts/2702424761650238808_VIS.fits,0.0
2702499990636559109,270.2499990023647,63.655910974510576,1521,24.5410385131836,0.1865239739418029,1,0.3367475271224975,0,5.525412082672119,0.0393851920962333,15.782795906066896,0.2389833331108093,set_2702499990636559109,candidate,B,north,102157633.0,20.425267657506453,3.182129214052998,0,0.0,0.0,0.0,0.0,0.0,131.57042494087446,1.1395481686585631,data/raw/cutouts/2702499990636559109_VIS.fits,1.0
2702524295636487297,270.25242956337763,63.64872973329505,1690,26.198745727539062,0.2183179259300232,1,0.2103020995855331,0,3.977144956588745,0.0338049307465553,8.809152603149414,0.1563820987939834,set_2702499990636559109,reference,unlabelled,north,,20.3542987503884,3.227886704613673,1,26.142512862366694,-0.0709689071180541,0.0457574905606752,0.1088916946641328,26.142512862369152,120.00272362397062,0.8634067831610563,data/raw/cutouts/2702524295636487297_VIS.fits,0.4
2702647786668650898,270.2647786384881,66.86508981165056,751,8.887990951538086,0.1316197514533996,1,0.1053966060280799,0,1.3368563652038574,0.0238190535455942,3.3542394638061523,0.1318005323410034,set_2702647786668650898,candidate,C,north,102159776.0,21.52799099050637,2.8756399370041685,0,0.0,0.0,0.0,0.0,0.0,67.52779011807287,0.9987732901262428,data/raw/cutouts/2702647786668650898_VIS.fits,0.9
2702648437664620342,270.264843798001,66.46203422228521,1837,20.332996368408203,0.1859385222196579,1,0.1937716752290725,2,3.2560601234436035,0.0279457978904247,11.556086540222168,0.2195794731378555,set_2702648437664620342,candidate,A,north,102159487.0,20.62949654229111,3.264109156305808,0,0.0,0.0,0.0,0.0,0.0,109.3533288620412,1.3752959247834295,data/raw/cutouts/2702648437664620342_VIS.fits,0.9
2702817529649834834,270.2817529887475,64.98348340545442,1240,16.823078155517578,0.1545701473951339,1,0.0384535752236843,0,3.091451644897461,0.026294682174921,7.184375286102295,0.1345942318439483,set_2702895131649963474,reference,unlabelled,north,,20.835236343633127,3.093421685162235,1,47.79297079256545,0.1699091577623868,-0.0003500963364948,0.322729391150563,47.79297079254042,108.83782178528992,0.915566380990106,data/raw/cutouts/2702817529649834834_VIS.fits,0.0
2702870617664627254,270.2870617337822,66.46272543756938,1682,17.330970764160156,0.2082834839820861,1,0.3238521814346313,2,1.9592684507369995,0.0253630839288234,4.668636322021484,0.1341603249311447,set_2702648437664620342,reference,unlabelled,north,,20.802942775888283,3.2258259914618934,1,32.038706472406155,0.173446233597172,-0.0382831648439148,0.3717822350216428,32.03870647241561,83.20856955537937,0.942740248119651,data/raw/cutouts/2702870617664627254_VIS.fits,0.2
2702871940682411776,270.2871940683188,68.24117762107761,1579,20.51157760620117,0.2028536945581436,1,0.1172175854444503,2,4.4664692878723145,0.0402233153581619,17.288166046142578,0.2582216262817383,set_2702871940682411776,candidate,B,north,102160337.0,20.62000233867942,3.1983821300082944,0,0.0,0.0,0.0,0.0,0.0,101.11512955620324,1.469461432664894,data/raw/cutouts/2702871940682411776_VIS.fits,0.8
2702895131649963474,270.2895131158823,64.99634745716763,1241,19.67293357849121,0.1572911143302917,1,0.0242941342294216,0,4.1075286865234375,0.0309096351265907,9.511889457702637,0.1636138260364532,set_2702895131649963474,candidate,C,north,102158586.0,20.66532718587074,3.09377178149873,0,0.0,0.0,0.0,0.0,0.0,125.07339440154584,0.911715473275875,data/raw/cutouts/2702895131649963474_VIS.fits,1.0
2702922441650092356,270.29224415845937,65.00923569818201,1398,17.30510139465332,0.1560112684965133,1,0.2293968796730041,2,3.6727280616760254,0.0319759510457515,10.13651180267334,0.1679081320762634,set_2702922441650092356,candidate,C,north,102158586.0,20.804564629322577,3.1455071714096627,0,0.0,0.0,0.0,0.0,0.0,110.922124801774,1.1022493928742318,data/raw/cutouts/2702922441650092356_VIS.fits,0.3
2703282488654625155,270.3282488478657,65.46251552219078,2564,50.84399032592773,0.1835757791996002,1,0.1837528347969055,2,12.018352508544922,0.0431018136441707,30.19636344909668,0.2926579117774963,set_2703777048654709706,reference,unlabelled,north,,19.634400931461176,3.40891802084678,1,79.94781949154644,-0.1585823561591439,-0.0824436729874928,0.4548300565224317,79.94781949153855,276.96458948784056,1.0002742647215672,data/raw/cutouts/2703282488654625155_VIS.fits,0.7
2703304023654157127,270.3304023660346,65.41571273294063,4179,93.91556549072266,0.2881592512130737,1,0.2576609849929809,2,17.2116641998291,0.0583049021661281,43.54808807373047,0.3442150354385376,set_2703838311654309323,reference,unlabelled,north,,18.968156055370425,3.621072371143626,1,96.96222068982348,-0.1932016072689499,-0.1876111379853431,1.3027517965619988,96.96222068985482,325.9154967101113,1.007865570485784,data/raw/cutouts/2703304023654157127_VIS.fits,0.6
2703729343676466841,270.3729343763903,67.64668416767711,1710,27.452354431152344,0.2117103487253189,1,0.4400627315044403,0,5.864226341247559,0.0457070507109165,14.786382675170898,0.1879698187112808,set_2703729343676466841,candidate,C,north,102160059.0,20.303551006667824,3.2329961103921536,0,0.0,0.0,0.0,0.0,0.0,129.66940254191388,1.0041280431369275,data/raw/cutouts/2703729343676466841_VIS.fits,0.8
2703777048654709706,270.3777048233637,65.47097068059469,3100,43.934600830078125,0.2659686803817749,1,0.2063306123018264,0,7.705523490905762,0.0406205803155899,21.85408401489257,0.2729493081569671,set_2703777048654709706,candidate,C,north,102158892.0,19.79298328762032,3.4913616938342726,0,0.0,0.0,0.0,0.0,0.0,165.18712190854137,1.1318261489079235,data/raw/cutouts/2703777048654709706_VIS.fits,1.0
2703838311654309323,270.383831154244,65.43093239635579,6437,78.6062240600586,0.3334585130214691,1,0.2419992387294769,2,8.63924789428711,0.036680020391941,26.24926376342773,0.2248080968856811,set_2703838311654309323,candidate,B,north,102158892.0,19.16135766263937,3.808683509128969,0,0.0,0.0,0.0,0.0,0.0,235.73014630158107,1.2066029776310123,data/raw/cutouts/2703838311654309323_VIS.fits,1.0
2703916099634989870,270.39160990000494,63.49898706102397,822,13.920059204101562,0.1354237198829651,1,0.0827770009636879,0,3.8225717544555664,0.0357356071472168,9.311278343200684,0.1967313587665558,set_2704222410634987862,reference,unlabelled,north,,21.040897294004743,2.9148718175400505,1,49.21036938801887,-0.0636115489024078,0.0117818305481067,0.0505067957252351,49.210369387977074,102.78892956220268,0.9666341571237134,data/raw/cutouts/2703916099634989870_VIS.fits,0.1
2703987004676239374,270.3987004410128,67.62393747322284,1243,26.804418563842773,0.1260680109262466,1,0.1938701719045639,2,8.134806632995605,0.0430676154792308,17.653905868530273,0.2209577858448028,set_2703729343676466841,reference,unlabelled,north,,20.32948402241672,3.094471128641645,1,89.17037341925702,0.0259330157488939,-0.1385249817505087,0.4940187289186717,89.17037341922729,212.61871561949312,0.8412339312608542,data/raw/cutouts/2703987004676239374_VIS.fits,0.0
2704067392640819654,270.4067392589134,64.08196544567599,1296,23.10179710388184,0.1587333679199218,1,0.161142811179161,0,6.081315517425537,0.0405152216553688,15.248838424682615,0.2428516149520874,set_2704460679641062301,reference,unlabelled,north,,20.490885586856024,3.1126050015345745,1,107.03640358230416,0.0169088369327425,0.0377885608893997,0.0486984996971289,107.03640358231344,145.5383792747111,0.9980980654142684,data/raw/cutouts/2704067392640819654_VIS.fits,0.1
2704222410634987862,270.4222410216224,63.498786252882496,800,13.127936363220217,0.1179355457425117,1,0.1481041014194488,0,3.473127603530884,0.0283552799373865,9.325355529785156,0.1847722083330154,set_2704222410634987862,candidate,C,north,102157634.0,21.10450884290715,2.903089986991944,0,0.0,0.0,0.0,0.0,0.0,111.31450048047768,1.072361646539148,data/raw/cutouts/2704222410634987862_VIS.fits,0.7
2704381842681188860,270.4381842943363,68.11888609867621,809,13.009862899780272,0.1708705872297287,1,0.3936205506324768,0,3.3427927494049072,0.0362768657505512,4.517728805541992,0.1712882220745086,set_2704576307681398985,reference,unlabelled,north,,21.114318200214523,2.907948521612272,1,80.01387731460447,-0.002781126710893,-0.1086670259449049,0.3007878761484004,80.0138773145924,76.13869133772583,0.3270267640733654,data/raw/cutouts/2704381842681188860_VIS.fits,0.1
2704460679641062301,270.446067973659,64.1062301023037,1188,23.464391708374023,0.1365830600261688,1,0.1085676103830337,2,5.605636119842529,0.0323610827326774,15.024499893188477,0.1937997192144394,set_2704460679641062301,candidate,C,north,102157956.0,20.47397674992328,3.074816440645175,0,0.0,0.0,0.0,0.0,0.0,171.7957681126659,1.070437805215292,data/raw/cutouts/2704460679641062301_VIS.fits,0.9
2704576307681398985,270.45763077508525,68.13989853205413,1039,12.976580619812012,0.1598860025405883,1,0.1483422815799713,2,2.1643295288085938,0.0319707281887531,6.741472244262695,0.1725361049175262,set_2704576307681398985,candidate,C,north,102160337.0,21.117099326925416,3.016615547557177,0,0.0,0.0,0.0,0.0,0.0,81.16145512186289,1.2335784151535634,data/raw/cutouts/2704576307681398985_VIS.fits,1.0
2705233426671988356,270.5233426618996,67.19883563557676,3208,67.1263427734375,0.2362594604492187,1,0.3479504883289337,2,13.889771461486816,0.0510556623339653,32.16697692871094,0.310371071100235,set_2705233426671988356,candidate,C,north,102159776.0,19.332767534301297,3.506234359612126,0,0.0,0.0,0.0,0.0,0.0,284.12129040591606,0.9117878688429631,data/raw/cutouts/2705233426671988356_VIS.fits,0.5
2705384955671717289,270.538495559204,67.17172895134775,2728,51.99306869506836,0.2109666913747787,1,0.1163334771990776,0,12.237541198730469,0.0493368916213512,28.197227478027344,0.2988454103469848,set_2705233426671988356,reference,unlabelled,north,,19.6101363730344,3.4358443659844413,1,99.85018196792382,0.2773688387331035,-0.0703899936276846,0.9872328618910324,99.85018196791655,246.45155287904464,0.9062806026371132,data/raw/cutouts/2705384955671717289_VIS.fits,0.9
2705455013672622012,270.545501383955,67.2622012821585,1022,11.083027839660645,0.1549208909273147,1,0.1955264061689376,2,1.964146375656128,0.0269964933395385,3.608246326446533,0.1171723008155822,set_2705974303672795281,reference,unlabelled,north,,21.28835393962875,3.009450895798694,1,95.4363831512783,-0.067580498161238,-0.0092496028675492,0.0606934285490655,95.43638315123808,71.53991804023735,0.660305820516134,data/raw/cutouts/2705455013672622012_VIS.fits,0.3
2705965645633794030,270.5965645580038,63.37940306082754,820,13.125170707702637,0.1867084056138992,1,0.095430664718151,0,3.389278650283813,0.0417577251791954,10.369497299194336,0.209591343998909,set_2705965645633794030,candidate,C,north,102157634.0,21.104737598484792,2.9138138523837167,0,0.0,0.0,0.0,0.0,0.0,70.29769583510146,1.214126067255917,data/raw/cutouts/2705965645633794030_VIS.fits,1.0
2705974303672795281,270.5974303800142,67.279528106889,1044,10.414207458496094,0.1915436387062072,1,0.1451009213924408,0,1.7341504096984863,0.0287461820989847,9.280844688415527,0.1888739466667175,set_2705974303672795281,candidate,C,north,102160059.0,21.355934437789987,3.018700498666244,0,0.0,0.0,0.0,0.0,0.0,54.36989465606622,1.82125185531444,data/raw/cutouts/2705974303672795281_VIS.fits,1.0
2705982279633647447,270.5982279262778,63.36474474299629,883,14.654834747314451,0.2038967013359069,1,0.3015891313552856,0,,,11.175101280212402,0.3130466639995575,set_2705965645633794030,reference,unlabelled,north,,20.9850476861096,2.945960703577569,1,52.83814952246378,-0.1196899123751968,0.0321468511938518,0.187403247661464,52.83814952246848,71.8738196905478,,data/raw/cutouts/2705982279633647447_VIS.fits,0.0
2706060111645234144,270.6060111075193,64.52341440180304,1938,35.01061248779297,0.1681391149759292,1,0.3111371397972107,0,8.037447929382324,0.0395227074623107,18.793426513671875,0.23773854970932,set_2706060111645234144,candidate,B,north,102158274.0,20.03950072867568,3.2873537727147464,0,0.0,0.0,0.0,0.0,0.0,208.2240797616015,0.9222194943694516,data/raw/cutouts/2706060111645234144_VIS.fits,1.0
2706093594645533611,270.6093594485073,64.55336117193343,1658,29.094581604003903,0.1852646172046661,1,0.1873582601547241,0,7.038933753967285,0.0421345420181751,21.0159912109375,0.2613219618797302,set_2706060111645234144,reference,unlabelled,north,,20.240469709544605,3.2195845262142546,1,107.93284647277908,0.2009689808689252,-0.0677692465004917,0.5735657958811485,103.32578094093306,157.0433795885722,1.1876075005936595,data/raw/cutouts/2706093594645533611_VIS.fits,0.0
2706126447674571767,270.61264478674013,67.45717673015524,892,15.795063972473145,0.1243064925074577,1,0.1986999809741974,0,4.812956809997559,0.0368069820106029,15.117431640625,0.2531970143318176,set_2706622399674599706,reference,unlabelled,north,,20.90369652698717,2.950364854376123,1,69.17958718255245,0.0277023016671229,-0.0138947758207259,0.0174565464136915,69.17958718257404,127.06547867180412,1.2426651224530307,data/raw/cutouts/2706126447674571767_VIS.fits,0.1
2706188159664280627,270.61881593779094,66.42806270323493,3467,71.16646575927734,0.2700310945510864,1,0.6671700477600098,0,8.764387130737305,0.0362182818353176,20.411285400390625,0.2457708716392517,set_2706682050664328480,reference,unlabelled,north,,19.26931150349352,3.5399538416563967,1,73.15309453009874,-0.0509608475731546,-0.0685721919207975,0.150997223637183,73.15309453013845,263.549151173083,0.9178720069542702,data/raw/cutouts/2706188159664280627_VIS.fits,0.0
2706622399674599706,270.6622399379065,67.45997061688014,921,16.203256607055664,0.1860013306140899,1,0.3373431265354156,2,3.809641122817993,0.041859183460474,12.72000503540039,0.1942042261362075,set_2706622399674599706,candidate,B,north,102160060.0,20.87599422532005,2.964259630196849,0,0.0,0.0,0.0,0.0,0.0,87.11365963652004,1.3090080429915651,data/raw/cutouts/2706622399674599706_VIS.fits,0.6
2706642899643859398,270.6642899393624,64.38593983450987,717,13.64775562286377,0.1311226338148117,1,0.2086025178432464,0,3.480639696121216,0.0327543802559375,4.844940662384033,0.147888109087944,set_2706664505644131780,reference,unlabelled,north,,21.06234690649354,2.8555191556678,1,98.11510055468608,-0.2820448466130933,-0.0212758205329004,0.9034508093083444,98.11510055467085,104.08390394398948,0.3590734838314163,data/raw/cutouts/2706642899643859398_VIS.fits,0.1
2706664505644131780,270.6664505679347,64.41317803433601,753,10.525513648986816,0.1376978456974029,1,0.0567784309387207,2,2.548225164413452,0.0318873934447765,8.640645027160645,0.2148371487855911,set_2706664505644131780,candidate,C,north,102158274.0,21.344391753106635,2.876794976200701,0,0.0,0.0,0.0,0.0,0.0,76.43920350153552,1.3257709093806935,data/raw/cutouts/2706664505644131780_VIS.fits,0.7
2706682050664328480,270.66820502045954,66.43284801548677,4060,67.90332794189453,0.2941416501998901,1,0.1996995061635971,0,11.572728157043455,0.0497791990637779,33.30865859985352,0.3224637806415558,set_2706682050664328480,candidate,C,north,102159487.0,19.320272351066677,3.608526033577194,0,0.0,0.0,0.0,0.0,0.0,230.8524749750653,1.147803478836655,data/raw/cutouts/2706682050664328480_VIS.fits,0.9
2707002269652317064,270.7002269481976,65.2317064456381,2835,34.6352424621582,0.2467948645353317,1,0.0432928837835788,258,5.508004665374756,0.0356045328080654,,,set_2707002269652317064,candidate,C,north,102158586.0,20.05120441940315,3.452553063228925,0,0.0,0.0,0.0,0.0,0.0,140.3402073514368,,data/raw/cutouts/2707002269652317064_VIS.fits,0.9
2707285323652412242,270.728532329783,65.24122422848181,2939,32.190208435058594,0.2542509138584137,1,0.0723315253853797,0,3.991026401519776,0.0287682153284549,10.288405418395996,0.2006541341543197,set_2707002269652317064,reference,unlabelled,north,,20.13069052800461,3.4681995860726125,1,54.734480722867474,0.0794861086014613,0.0156465228436872,0.0788892725768169,54.73448072292145,126.60803434903112,1.0281586717592053,data/raw/cutouts/2707285323652412242_VIS.fits,0.0
2707289761646101608,270.7289761184299,64.61016084036468,802,12.506823539733888,0.129282459616661,1,0.0911440774798393,2,3.2659311294555664,0.0329751782119274,9.329501152038574,0.1858350783586502,set_2707677683646233767,reference,unlabelled,north,,21.15713244405874,2.9041743682841634,1,76.46814040663732,0.0366205239174846,-0.0272835024048414,0.038523617921454,50.8822398301055,96.74029699634598,1.1396285009504494,data/raw/cutouts/2707289761646101608_VIS.fits,0.0
2707677683646233767,270.7677683118632,64.6233767492037,854,12.935857772827148,0.1203056126832962,1,0.1571326702833175,2,3.1536426544189453,0.027914086356759,11.130906105041504,0.2063983380794525,set_2707677683646233767,candidate,C,north,102158274.0,21.12051192014125,2.931457870689005,0,0.0,0.0,0.0,0.0,0.0,107.52497314386083,1.3692950956661876,data/raw/cutouts/2707677683646233767_VIS.fits,1.0
2707869621648468872,270.7869621948174,64.8468872035074,1344,15.707263946533203,0.1583611965179443,1,0.0972316190600395,2,2.9946203231811523,0.0275590252131223,9.659483909606934,0.2093572169542312,set_2707869621648468872,candidate,C,north,102158586.0,20.909748645676306,3.1283992687178066,0,0.0,0.0,0.0,0.0,0.0,99.18631768328028,1.2715303894153045,data/raw/cutouts/2707869621648468872_VIS.fits,1.0
2708098080659054193,270.80980808871755,65.90541939255482,1353,16.961963653564453,0.1504026502370834,1,0.3009017705917358,2,3.2421658039093018,0.0289277248084545,11.464576721191406,0.2039623707532882,set_2708098080659054193,candidate,C,north,102159193.0,20.82630967935189,3.131297796597623,0,0.0,0.0,0.0,0.0,0.0,112.77702638103048,1.3713070102958491,data/raw/cutouts/2708098080659054193_VIS.fits,0.9
2708339084650317253,270.8339084172371,65.03172533859782,711,10.645601272583008,0.1502888202667236,1,0.1020088717341423,0,2.0439670085906982,0.0295192152261734,8.898178100585938,0.1532824635505676,set_2708339084650317253,candidate,C,north,102158586.0,21.33207451053118,2.851869600729766,0,0.0,0.0,0.0,0.0,0.0,70.83428596811015,1.597068031121696,data/raw/cutouts/2708339084650317253_VIS.fits,0.9
2708352803648508600,270.83528038864364,64.85086009477068,1586,14.945244789123535,0.2450471669435501,1,0.1104735061526298,2,0.9851540327072144,0.0241020992398262,1.6783651113510132,31.947986602783203,set_2707869621648468872,reference,unlabelled,north,,20.96374241807313,3.200303182981585,1,75.29889678034326,0.0539937723968293,0.0719039142637782,0.16650789529863,75.29889678034212,60.98925760103308,0.5784557592115118,data/raw/cutouts/2708352803648508600_VIS.fits,0.0
2708678729650415271,270.86787292542795,65.04152713225024,752,9.982357025146484,0.1490651369094848,1,0.3961330354213714,0,2.2906317710876465,0.029340548440814,5.036059379577637,0.1306686550378799,set_2708339084650317253,reference,unlabelled,north,,21.4019172534563,2.876217840591642,1,62.51454438022832,0.0698427429251218,0.0243482398618759,0.0723715553435589,62.514544380246825,66.96640966564813,0.8553389052169897,data/raw/cutouts/2708678729650415271_VIS.fits,0.0
2708761980663328902,270.8761980829123,66.33289029634406,864,12.207079887390137,0.1490257978439331,1,0.1877789199352264,0,2.9121737480163574,0.0321736186742782,9.053674697875977,0.1879837661981582,set_2708761980663328902,candidate,C,north,102159487.0,21.183470533107812,2.936513742478893,0,0.0,0.0,0.0,0.0,0.0,81.91252832730324,1.2315190087271748,data/raw/cutouts/2708761980663328902_VIS.fits,0.3
2708799149659053045,270.8799149501297,65.9053045226895,1453,16.727296829223633,0.1724947541952133,1,0.3252525627613067,2,2.8409438133239746,0.0266205873340368,6.976264953613281,0.1627693027257919,set_2708098080659054193,reference,unlabelled,north,,20.84143559095998,3.162265614298021,1,103.0356248898367,0.0151259116080879,0.0309678177003984,0.0356190904252163,103.03562488982948,96.97278567841695,0.9754008046818068,data/raw/cutouts/2708799149659053045_VIS.fits,0.2
2708866771663043821,270.88667718307505,66.30438211980646,1295,16.04056739807129,0.1539847403764724,1,0.5619383454322815,258,3.0167298316955566,0.0286285672336816,3.131147146224976,20.79892921447754,set_2708761980663328902,reference,unlabelled,north,,20.88695068403657,3.1122697684172707,1,103.74193233534966,-0.2965198490712453,0.1757560259383774,1.758415095303041,103.74193233534606,104.16985058944292,0.0404176488457545,data/raw/cutouts/2708866771663043821_VIS.fits,0.0
2709235447682146857,270.923544726215,68.214685758186,1460,27.06485176086425,0.2419078648090362,1,0.0405970364809036,0,5.9202656745910645,0.0471690334379673,18.31455039978028,0.2577753067016601,set_2709338383682244305,reference,unlabelled,north,,20.318985868191486,3.164352855784437,1,37.67976027258989,0.0245352295188183,0.00992888266979,0.0103704256066075,37.67976027259671,111.88082612456375,1.2261376635063006,data/raw/cutouts/2709235447682146857_VIS.fits,0.2
2709274918685326483,270.92749185622034,68.53264831241256,824,18.45054244995117,0.1491044014692306,1,0.3011110723018646,0,4.67906379699707,0.036280333995819,9.423890113830566,0.1839403510093689,set_2709410059685254082,reference,unlabelled,north,,20.734977152413062,2.915927211697116,1,31.566598578868213,0.000872647122609,-0.1394511196778842,0.4870281261334757,31.566598578878573,123.74243998262284,0.7601781169595665,data/raw/cutouts/2709274918685326483_VIS.fits,0.3
2709336902640891580,270.9336902192357,64.08915803164079,2549,32.38225555419922,0.2587936520576477,1,0.3106343746185303,0,5.059720516204834,0.0363006219267845,16.786340713500977,9.578031539916992,set_2709336902640891580,candidate,C,north,102157957.0,20.12423226043392,3.4063698354692677,0,0.0,0.0,0.0,0.0,0.0,125.12770424131536,1.3020737634858142,data/raw/cutouts/2709336902640891580_VIS.fits,0.8
2709338383682244305,270.9338383443905,68.22443057597815,1427,27.68342018127441,0.2280874699354171,1,0.1007812395691871,0,6.2584428787231445,0.0488034971058368,19.24748420715332,0.2606140971183777,set_2709338383682244305,candidate,C,north,102160337.0,20.294450638672668,3.154423973114647,0,0.0,0.0,0.0,0.0,0.0,121.3719464252594,1.2197691980212897,data/raw/cutouts/2709338383682244305_VIS.fits,0.9
2709410059685254082,270.941005991516,68.525408286828,1136,18.465377807617188,0.1689095944166183,1,0.1087893992662429,2,4.746673583984375,0.0432132072746753,9.498520851135254,0.1765356808900833,set_2709410059685254082,candidate,C,north,102160609.0,20.734104505290453,3.055378331375,0,0.0,0.0,0.0,0.0,0.0,109.3210712594101,0.7531665323677221,data/raw/cutouts/2709410059685254082_VIS.fits,1.0
2709410383682273946,270.94103835376234,68.22739463537619,981,17.12975311279297,0.189463123679161,1,0.173985943198204,2,4.371216297149658,0.0452528409659862,14.023954391479492,0.2219440191984176,set_2709410383682273946,candidate,C,north,102160337.0,20.81562224094062,2.991669007379949,0,0.0,0.0,0.0,0.0,0.0,90.41206953708146,1.2656704845955828,data/raw/cutouts/2709410383682273946_VIS.fits,1.0
2709455865643008962,270.945586506505,64.30089620593674,743,10.923145294189451,0.1300772726535797,1,0.3105195462703705,0,2.9580349922180176,0.0330055020749568,9.66174602508545,0.1653718948364257,set_2709788792642952494,reference,unlabelled,north,,21.304130723852555,2.8709888137605755,1,55.81303671964877,0.1757628610839141,-0.0506976617230265,0.4101779404952121,55.81303671964461,83.9742798365695,1.2851307748890786,data/raw/cutouts/2709455865643008962_VIS.fits,0.0
2709505882681980048,270.95058828359,68.19800481531698,799,15.692072868347168,0.1942975372076034,1,0.3697947561740875,0,0.1647553890943527,1229.0126953125,7.674782752990723,0.1727520525455474,set_2709410383682273946,reference,unlabelled,north,,20.910799209575792,2.902546779313991,1,106.57006391698988,0.0951769686351724,-0.0891222280659573,0.3089579646295623,97.73029841774954,80.76310741695337,4.170566154488482,data/raw/cutouts/2709505882681980048_VIS.fits,0.2
2709604859640746750,270.9604859722126,64.07467504410388,2593,39.68825912475586,0.2758736610412597,1,0.2519240975379944,2,5.223711967468262,0.0347558856010437,14.040956497192385,0.2384741157293319,set_2709336902640891580,reference,unlabelled,north,,19.90334487613179,3.4138025167693518,1,67.05368888042887,-0.2208873843021308,0.007432681300084,0.5473607336666353,67.05368888042737,143.86389398305073,1.0735436790241113,data/raw/cutouts/2709604859640746750_VIS.fits,0.4
2709788792642952494,270.9788792698428,64.29524946398904,835,12.842597007751465,0.1401821225881576,1,0.1749985665082931,0,3.4741759300231934,0.0363158546388149,9.90950870513916,0.2055357694625854,set_2709788792642952494,candidate,C,north,102158275.0,21.12836786276864,2.921686475483602,0,0.0,0.0,0.0,0.0,0.0,91.61365779488057,1.1380007911329044,data/raw/cutouts/2709788792642952494_VIS.fits,0.8
2709810502664507896,270.98105025431335,66.4507896350975,731,18.32686424255371,0.1388109773397445,1,0.0619963631033897,0,5.077225208282471,0.0386581122875213,12.51217555999756,0.1840136796236038,set_2709810502664507896,candidate,C,north,102159487.0,20.742279593003023,2.8639173769578603,0,0.0,0.0,0.0,0.0,0.0,132.0274851008224,0.9792660043943888,data/raw/cutouts/2709810502664507896_VIS.fits,0.6
2710017972652457457,271.0017972222676,65.24574575577422,2291,20.75691795349121,0.2260739207267761,1,0.4329386949539184,2,1.7848858833312988,0.0236501432955265,8.765169143676758,0.1521590203046798,set_2710017972652457457,candidate,B,north,102158586.0,20.60709282830656,3.360025089189397,0,0.0,0.0,0.0,0.0,0.0,91.81473867822726,1.7278746162002214,data/raw/cutouts/2710017972652457457_VIS.fits,0.9
2710175837664694997,271.0175837163177,66.46949978064244,754,18.34654426574707,0.1361999958753585,1,0.2052366882562637,0,4.790428638458252,0.0346190892159938,9.195048332214355,0.1493527442216873,set_2709810502664507896,reference,unlabelled,north,,20.741114317310817,2.877371345869774,1,85.41688439768569,-0.0011652756922089,0.0134539689119135,0.0107955012790909,85.41688439769739,134.7029722565972,0.7079491034417305,data/raw/cutouts/2710175837664694997_VIS.fits,0.3
2710229318670041970,271.02293182903105,67.00419708244604,827,8.535696029663086,0.1287107914686203,1,0.1668244451284408,2,1.4536405801773071,0.0243032798171043,2.367256164550781,0.1296855807304382,set_2710572270669925201,reference,unlabelled,north,,21.57190264814317,2.9175055095525466,1,63.988976829333694,0.0423265858547416,-0.0313962514176671,0.0480595638702481,63.98897682935835,66.31686381746856,0.5294705445758114,data/raw/cutouts/2710229318670041970_VIS.fits,0.2
2710530993652605756,271.0530993193961,65.26057564057172,1734,21.42098617553711,0.2026057094335556,1,0.1520498842000961,0,3.774438142776489,0.0317108146846294,5.06960391998291,0.1237157061696052,set_2710017972652457457,reference,unlabelled,north,,20.572901347680222,3.239049093140192,1,93.95412182335988,-0.0341914806263332,-0.1209759960492058,0.3864373695749451,93.95412182341254,105.72745573372949,0.3203042939482475,data/raw/cutouts/2710530993652605756_VIS.fits,0.8
2710572270669925201,271.05722709288324,66.99252017313395,889,8.875024795532227,0.1294610798358917,1,0.2015103250741958,2,1.6610939502716064,0.0250723697245121,4.18095064163208,0.1491094529628753,set_2710572270669925201,candidate,C,north,102159776.0,21.529576062288427,2.9489017609702137,0,0.0,0.0,0.0,0.0,0.0,68.55361323096056,1.002202109933551,data/raw/cutouts/2710572270669925201_VIS.fits,0.4
2710635971671263101,271.06359714377584,67.12631017197214,972,16.371036529541016,0.1427053362131118,1,0.491095632314682,0,4.217606544494629,0.0319648906588554,10.67326545715332,0.19795922935009,set_2711105152671273943,reference,unlabelled,north,,20.864809556080893,2.987666264926274,1,65.76800438198502,0.2127080767359963,-0.0213594771606357,0.5178332177747879,65.7680043820272,114.71916162331176,1.0080781212957386,data/raw/cutouts/2710635971671263101_VIS.fits,0.0
2710685504648673183,271.06855043656526,64.86731834835274,766,12.090837478637695,0.168934166431427,1,0.3907589614391327,0,2.4932730197906494,0.0310355704277753,4.570045471191406,0.1189634203910827,set_2710834800648486342,reference,unlabelled,north,,21.19385904111639,2.884228769632604,1,71.03329647977314,-0.0209582534307024,-0.026395635256597,0.0266246761742427,71.0332964797798,71.571297470755,0.6578767094542454,data/raw/cutouts/2710685504648673183_VIS.fits,0.8
2710742264658872611,271.07422648162645,65.8872611665749,820,7.358393669128418,0.1591584682464599,1,0.0877802520990371,2,0.9996797442436218,0.0250476393848657,1.6840286254882812,0.1410614103078842,set_2710780471658635618,reference,unlabelled,north,,21.73304245354928,2.9138138523837167,1,85.50241895153833,0.1104345972456393,0.0150886707942232,0.1474683072804083,85.50241895155459,46.23312695956464,0.5662214426082618,data/raw/cutouts/2710742264658872611_VIS.fits,0.1
2710780471658635618,271.0780471491921,65.86356188705734,792,8.146233558654785,0.1888350993394851,1,0.2898497283458709,0,1.4709392786026,0.0293097831308841,4.598079204559326,0.1591477841138839,set_2710780471658635618,candidate,C,north,102159193.0,21.62260785630364,2.898725181589493,0,0.0,0.0,0.0,0.0,0.0,43.139403570358496,1.2374542571273823,data/raw/cutouts/2710780471658635618_VIS.fits,0.6
2710834800648486342,271.08348004173496,64.84863421733759,814,11.8596830368042,0.1324614882469177,1,0.2048925757408142,0,2.7572920322418213,0.0294377170503139,8.266613960266113,0.1675153970718383,set_2710834800648486342,candidate,A,north,102158586.0,21.214817294547093,2.910624404889201,0,0.0,0.0,0.0,0.0,0.0,89.53306499695142,1.1921122282287362,data/raw/cutouts/2710834800648486342_VIS.fits,1.0
2710883817666933466,271.08838175030684,66.69334665889404,2117,28.539634704589844,0.1902088075876236,1,0.0662819072604179,2,5.376965522766113,0.0325910747051239,14.122199058532717,0.234317660331726,set_2710916367667113757,reference,unlabelled,north,,20.261378974934665,3.325720858019412,1,65.06996248680625,-0.190421356287274,-0.0204364442125961,0.4169634082856984,65.06996248681111,150.04370757880113,1.0484126924802577,data/raw/cutouts/2710883817666933466_VIS.fits,0.8
2710916367667113757,271.091636783465,66.71137574301339,2219,23.948585510253903,0.253082275390625,1,0.123873122036457,2,3.583227157592773,0.0349693223834037,12.903350830078123,0.2152291983366012,set_2710916367667113757,candidate,C,north,102159488.0,20.45180033122194,3.346157302232008,0,0.0,0.0,0.0,0.0,0.0,94.62766791269743,1.391070411228138,data/raw/cutouts/2710916367667113757_VIS.fits,0.9
2711105152671273943,271.1105152207921,67.12739437939801,1021,19.91404151916504,0.167462021112442,1,0.1441257745027542,0,4.706940650939941,0.0346763134002685,10.294543266296388,0.1839993894100189,set_2711105152671273943,candidate,C,north,102159776.0,20.652101479344896,3.0090257420869104,0,0.0,0.0,0.0,0.0,0.0,118.91676325698828,0.8496709020696575,data/raw/cutouts/2711105152671273943_VIS.fits,0.9
2711438773682980292,271.14387739317107,68.29802921811759,1233,23.25176429748535,0.1706425696611404,1,0.10989361256361,0,4.799235820770264,0.0345272682607173,8.615818977355957,0.171680599451065,set_2711438773682980292,candidate,C,north,102160609.0,20.48386022031229,3.0909630765957314,0,0.0,0.0,0.0,0.0,0.0,136.26004544855587,0.6353111879819673,data/raw/cutouts/2711438773682980292_VIS.fits,1.0
2711554470664543031,271.15544702340566,66.45430312562245,840,8.521720886230469,0.1491381973028183,1,0.5355585813522339,2,1.4847266674041748,0.0251165442168712,3.390367031097412,0.1166895553469657,set_2711554470664543031,candidate,C,north,102159488.0,21.573681736109577,2.9242792860618816,0,0.0,0.0,0.0,0.0,0.0,57.139760573392905,0.8965005178802479,data/raw/cutouts/2711554470664543031_VIS.fits,0.9
2711591704673527512,271.15917049002223,67.35275121244503,4256,71.98845672607422,0.2539211809635162,1,0.4336571395397186,0,12.586535453796388,0.04505380615592,34.48188018798828,0.3411964476108551,set_2712011714673519784,reference,unlabelled,north,,19.256842841632825,3.629001619286992,1,58.289298357632354,-0.1749609983095439,0.1327640741202564,0.7836965365076873,58.289298357644,283.5070963868022,1.0942118375839125,data/raw/cutouts/2711591704673527512_VIS.fits,0.1
2711665385635861612,271.1665385378312,63.58616126117322,1706,21.798051834106445,0.1870350241661071,1,0.2743294239044189,2,4.633143901824951,0.0356563366949558,14.98153591156006,0.2019427865743637,set_2711665385635861612,candidate,C,north,102157634.0,20.55395579758306,3.231979026831504,0,0.0,0.0,0.0,0.0,0.0,116.54529375603708,1.2742013759677873,data/raw/cutouts/2711665385635861612_VIS.fits,1.0
2711765933664549172,271.1765933691688,66.4549172818476,812,7.665509223937988,0.1326880604028701,1,0.2383594512939453,0,1.5758552551269531,0.0245442427694797,3.1983890533447266,0.1335701197385788,set_2711554470664543031,reference,unlabelled,north,,21.688647473582886,2.9095560292411755,1,30.491070732880058,0.1149657374733088,-0.014723256820706,0.1530733275088821,30.49107073283216,57.77090418432388,0.7685374151280533,data/raw/cutouts/2711765933664549172_VIS.fits,0.4
2711884502683185901,271.188450287363,68.31859018278074,1018,23.28472328186035,0.1355262547731399,1,0.2056791484355926,0,6.477509021759033,0.0387130565941333,9.987393379211426,0.1587486118078231,set_2711438773682980292,reference,unlabelled,north,,20.48232229725653,3.00774777800074,1,94.84945664750504,-0.0015379230557641,-0.0832152985949914,0.1808589077056407,94.84945664752448,171.809686033434,0.4701103237101209,data/raw/cutouts/2711884502683185901_VIS.fits,0.2
2711892180635662400,271.1892180981683,63.56624004086146,1729,22.56985664367676,0.194884791970253,1,0.5234548449516296,0,4.5350213050842285,0.0372366085648536,16.855045318603516,0.2039155513048172,set_2711665385635861612,reference,unlabelled,north,,20.516177998523787,3.2377949932739227,1,80.39493411531876,-0.037777799059274,0.0058159664424186,0.0222442702751027,80.39493411530304,115.81127709093792,1.4253764822096704,data/raw/cutouts/2711892180635662400_VIS.fits,0.6
2712011714673519784,271.2011714898894,67.3519784306969,3135,61.27431488037109,0.1944481581449508,1,0.1711539924144745,2,13.065101623535156,0.0433889403939247,34.91404724121094,0.2780511677265167,set_2712011714673519784,candidate,C,north,102160060.0,19.43180383994237,3.496237545166735,0,0.0,0.0,0.0,0.0,0.0,315.11902948802594,1.0672185077113825,data/raw/cutouts/2712011714673519784_VIS.fits,1.0
2712800474657358672,271.28004742222976,65.73586720157644,1436,20.99105453491211,0.1860198229551315,1,0.0913934335112571,2,3.619022846221924,0.0335876569151878,13.051775932312012,0.2245233058929443,set_2712800474657358672,candidate,C,north,102158892.0,20.594914357666283,3.1571544399062814,0,0.0,0.0,0.0,0.0,0.0,112.84310565103166,1.392695711619102,data/raw/cutouts/2712800474657358672_VIS.fits,0.9
2713231622643632503,271.3231622601812,64.36325033443039,1106,16.362384796142578,0.174474835395813,1,0.2861696779727936,0,3.758100509643554,0.0347383022308349,11.286334991455078,0.2113362252712249,set_2713231622643632503,candidate,B,north,102158275.0,20.86538349549956,3.04375512696868,0,0.0,0.0,0.0,0.0,0.0,93.78077221865796,1.193961363621219,data/raw/cutouts/2713231622643632503_VIS.fits,1.0
2713310447668259151,271.33104475403405,66.82591517614887,746,11.961634635925291,0.1351340413093567,1,0.2454555779695511,0,3.2354328632354736,0.0334296226501464,8.530027389526367,0.1539526730775833,set_2713310447668259151,candidate,C,north,102159776.0,21.205523667747592,2.8727388274726686,0,0.0,0.0,0.0,0.0,0.0,88.51681278843739,1.052545083084763,data/raw/cutouts/2713310447668259151_VIS.fits,0.8
2713387318663787465,271.3387318041255,66.37874659548034,817,8.992208480834961,0.1359406858682632,1,0.3433939218521118,2,2.0201187133789062,0.0254791732877492,0.2031043320894241,11.291544914245604,set_2713387318663787465,candidate,C,north,102159488.0,21.51533408177667,2.9122220565324155,0,0.0,0.0,0.0,0.0,0.0,66.14802936590368,-2.494144262533314,data/raw/cutouts/2713387318663787465_VIS.fits,0.2
2713453470657375829,271.3453470638771,65.73758293023674,1243,21.76105117797852,0.1715496629476547,1,0.4618634879589081,0,4.330284118652344,0.0356988571584224,1.2659308910369873,12.009581565856934,set_2712800474657358672,reference,unlabelled,north,,20.55580032416153,3.094471128641645,1,96.7981747573775,-0.0391140335047524,-0.0626833112646365,0.1232620788550042,96.79817475738984,126.84986262327143,-1.3352659866154597,data/raw/cutouts/2713453470657375829_VIS.fits,0.0
2713586419663656884,271.3586419893819,66.36568844531881,832,8.978034973144531,0.1194920018315315,1,0.481317937374115,0,2.315577983856201,0.0259960629045963,8.477975845336914,0.188016727566719,set_2713387318663787465,reference,unlabelled,north,,21.517046767937916,2.920123326290724,1,55.09218637284128,0.0017126861612446,0.0079012697583085,0.0041954948116723,55.09218637281875,75.13502858377431,1.4090819079255126,data/raw/cutouts/2713586419663656884_VIS.fits,0.0
2713821988643618198,271.3821988422131,64.36181981058337,1474,17.70863151550293,0.2106685042381286,1,0.2874483168125152,2,2.5512821674346924,0.0321037732064724,10.026771545410156,0.1983037739992141,set_2713231622643632503,reference,unlabelled,north,,20.779537497113623,3.1684974835230326,1,92.10131460794798,-0.0858459983859383,0.124742356554353,0.4781726220564492,92.1013146079886,84.0592265063316,1.4860065659920476,data/raw/cutouts/2713821988643618198_VIS.fits,0.7
2713990496668333427,271.3990496871085,66.83334278094392,791,13.476385116577148,0.1237014457583427,1,0.6157104969024658,0,3.216620683670044,0.0288028344511985,8.620097160339355,0.1913455873727798,set_2713310447668259151,reference,unlabelled,north,,21.076066466545765,2.8981764834976764,1,99.96999309653376,-0.1294572012018271,0.0254376560250078,0.210958068392948,37.94133909821158,108.94282628599166,1.070280776771294,data/raw/cutouts/2713990496668333427_VIS.fits,0.0
2714099252637580146,271.4099252269301,63.758014651769074,1897,29.95185279846192,0.1835547238588333,1,0.0996520295739173,0,6.147045135498047,0.0334951356053352,14.987300872802734,0.2286899089813232,set_2714201391637491643,reference,unlabelled,north,,20.208940768306896,3.2780673308886628,1,35.77062043776127,-0.0175106833719382,0.0018353729668292,0.0045881455265071,35.7706204377939,163.17669286189022,0.9676425598489864,data/raw/cutouts/2714099252637580146_VIS.fits,0.0
2714174007679595944,271.4174007496304,67.95959440913644,5606,86.00631713867188,0.3274630010128021,1,0.1025339066982269,2,13.227620124816896,0.0485822111368179,40.201934814453125,0.3501911759376526,set_2714174007679595944,candidate,C,north,102160338.0,19.06367412195766,3.748653093424267,0,0.0,0.0,0.0,0.0,0.0,262.6443808084122,1.2069131021059991,data/raw/cutouts/2714174007679595944_VIS.fits,0.6
2714201391637491643,271.42013917969166,63.74916439948066,1889,29.472665786743164,0.1707988083362579,1,0.1776400804519653,0,6.802290916442871,0.0363239534199237,19.74155044555664,0.2311294078826904,set_2714201391637491643,candidate,C,north,102157957.0,20.226451451678837,3.276231957921833,0,0.0,0.0,0.0,0.0,0.0,172.5577951850767,1.1568151407118537,data/raw/cutouts/2714201391637491643_VIS.fits,1.0
2714687601681962225,271.4687601858867,68.19622259321945,2253,35.68297576904297,0.2045872807502746,1,0.0773656293749809,0,7.249670028686523,0.0407469272613525,16.696903228759766,0.2347381561994552,set_2714687601681962225,candidate,C,north,102160338.0,20.018847337380382,3.3527611917238307,0,0.0,0.0,0.0,0.0,0.0,174.4144388555547,0.9057942253860763,data/raw/cutouts/2714687601681962225_VIS.fits,0.9
2714767662679650912,271.4767662316973,67.9650912167285,8094,98.71485137939452,0.3534081578254699,1,0.5484336018562317,2,14.102492332458496,0.0466716736555099,26.56614112854004,0.2902053594589233,set_2714174007679595944,reference,unlabelled,north,,18.91404375999479,3.908163200055548,1,82.59507832411869,-0.1496303619628705,0.1595101066312803,0.8907049642457909,82.59507832415129,279.322503438488,0.687581507917508,data/raw/cutouts/2714767662679650912_VIS.fits,0.9
2714909496682092102,271.4909496821769,68.20921029451127,1006,10.611475944519045,0.1649796813726425,1,0.1309519112110138,0,1.917190194129944,0.0252282544970512,3.018843412399292,0.1137490049004554,set_2714909496682092102,candidate,C,north,102160338.0,21.33556051527484,3.002597980719909,0,0.0,0.0,0.0,0.0,0.0,64.3198959788916,0.4929384692231882,data/raw/cutouts/2714909496682092102_VIS.fits,0.9
2714910516648138198,271.49105165095585,64.81381988930416,772,11.18161392211914,0.1459644138813018,1,0.7275832891464233,0,2.295373678207397,0.030686754733324,3.259958505630493,0.2455440908670425,set_2714932353647956685,reference,unlabelled,north,,21.27873876775996,2.887617300335736,1,65.43031980253197,-0.1077217028647581,-0.0622604037011389,0.2295122703058128,65.43031980252606,76.60506848752891,0.3808966876231622,data/raw/cutouts/2714910516648138198_VIS.fits,0.0
2714932353647956685,271.4932353557834,64.79566858977799,891,10.125484466552734,0.1694068014621734,1,0.0528187379240989,0,2.2193520069122314,0.0306649804115295,7.261579513549805,0.1767550706863403,set_2714932353647956685,candidate,C,north,102158587.0,21.38646047062472,2.949877704036875,0,0.0,0.0,0.0,0.0,0.0,59.77023578249684,1.287012267355031,data/raw/cutouts/2714932353647956685_VIS.fits,0.9
2715065498682239472,271.5065498522028,68.22394723127951,940,10.581045150756836,0.14638452231884,1,0.5387569665908813,0,1.711418867111206,0.023886427283287,3.518777370452881,0.1322378814220428,set_2714909496682092102,reference,unlabelled,north,,21.338678581038376,2.9731278535996988,1,56.9997509371828,0.0031180657635374,-0.0294701271202098,0.0246057052311957,56.99975093718236,72.28254041578434,0.7825886871827108,data/raw/cutouts/2715065498682239472_VIS.fits,0.1
2715082339682173863,271.5082339232489,68.21738634909708,2510,36.7042350769043,0.1994706392288208,1,0.1104452610015869,2,4.682856559753418,0.0287733189761638,6.287752628326416,0.1540363430976867,set_2714687601681962225,reference,unlabelled,north,,19.988209555690293,3.399673721481038,1,92.67264953016512,-0.0306377816900926,0.0469125297572072,0.0728123579937865,37.412505035834975,184.00820902167655,0.3199614807171126,data/raw/cutouts/2715082339682173863_VIS.fits,0.0
2715617521645058970,271.5617521085362,64.50589707078375,1184,28.51203346252441,0.1793857514858245,1,0.7148861885070801,0,5.335630893707275,0.0376571267843246,8.163355827331543,0.1517911255359649,set_2716096858644978107,reference,unlabelled,north,,20.262429519856752,3.073351702386901,1,79.78491318430122,-0.0097450188218459,-0.1807127505274373,0.8229401298483551,79.7849131843294,158.9425761319594,0.4617073715327198,data/raw/cutouts/2715617521645058970_VIS.fits,0.0
2715900049665224296,271.59000492703507,66.5224296162308,1143,14.308622360229492,0.1694825887680053,1,0.6254645586013794,2,2.6136631965637207,0.0316260047256946,8.511209487915039,0.1554262787103653,set_2715904729665064695,reference,unlabelled,north,,21.011005445675995,3.0580462303952816,1,57.46031041848703,-0.1143401135455626,-0.0307983323317224,0.1718070028169326,57.46031041848729,84.42532335764425,1.2818541437018551,data/raw/cutouts/2715900049665224296_VIS.fits,0.2
2715904729665064695,271.5904729815268,66.5064695088448,1227,12.878396034240724,0.1739066392183303,1,0.0601425133645534,2,2.464298248291016,0.0291891172528266,11.680302619934082,0.1978148072957992,set_2715904729665064695,candidate,A,north,102159488.0,21.12534555922156,3.088844562727004,0,0.0,0.0,0.0,0.0,0.0,74.053504179749,1.689402066363999,data/raw/cutouts/2715904729665064695_VIS.fits,0.9
2716096858644978107,271.6096858714246,64.49781078904043,1795,28.25726890563965,0.1719913184642791,1,0.0471257157623767,0,5.944199562072754,0.0322673730552196,12.132230758666992,0.1673223078250885,set_2716096858644978107,candidate,C,north,102158275.0,20.2721745386786,3.254064452914338,0,0.0,0.0,0.0,0.0,0.0,164.29473974588086,0.7746182018701414,data/raw/cutouts/2716096858644978107_VIS.fits,0.7
2716322187654606327,271.6322187934667,65.4606327166629,743,7.184884548187256,0.1231719404458999,1,0.1648938804864883,0,1.4310688972473145,0.020838001742959,7.622840404510498,0.1989932805299759,set_2716322187654606327,candidate,C,north,102158893.0,21.7589505150624,2.8709888137605755,0,0.0,0.0,0.0,0.0,0.0,58.332153590963614,1.8161407109222716,data/raw/cutouts/2716322187654606327_VIS.fits,0.6
2716340571654662475,271.6340571593914,65.46624750284566,725,9.034204483032228,0.1009613573551178,1,0.2792848348617553,0,2.3108794689178467,0.0232004895806312,4.571829795837402,0.1597785353660583,set_2716322187654606327,reference,unlabelled,north,,21.51027520926291,2.8603380065709936,1,20.399215647334312,-0.2486753057994875,-0.0106508071895818,0.6902972851932835,20.39921564733928,89.48180491725806,0.7407818990662695,data/raw/cutouts/2716340571654662475_VIS.fits,0.2
2716552208674838777,271.65522085429484,67.48387774961559,1858,31.111421585083008,0.192357987165451,1,0.154764249920845,2,5.498316287994385,0.0323465280234813,18.280834197998047,3.7335596084594727,set_2716552208674838777,candidate,B,north,102160060.0,20.167700360170087,3.269045709657623,0,0.0,0.0,0.0,0.0,0.0,161.73709261328173,1.3044157273366035,data/raw/cutouts/2716552208674838777_VIS.fits,1.0
2716952812674634856,271.6952812437727,67.46348565494175,1760,26.18120765686035,0.1746609807014465,1,0.4312109053134918,2,4.871489524841309,0.0321291722357273,14.130932807922363,0.2369757443666458,set_2716552208674838777,reference,unlabelled,north,,20.355025811707808,3.24551266781415,1,91.87984163464505,0.1873254515377205,-0.0235330418434731,0.4109807278547108,91.87984163461294,149.89728989105308,1.1562726457987655,data/raw/cutouts/2716952812674634856_VIS.fits,0.5
2717253553683136705,271.72535534437964,68.31367059912458,1031,12.407779693603516,0.1477191299200058,1,0.2844704389572143,0,2.5298845767974854,0.0281631685793399,9.583701133728027,23.81125259399414,set_2717803068682973165,reference,unlabelled,north,,21.16576481560978,3.0132586652835167,1,93.88221508424677,0.0253793526095442,-0.0677283816273703,0.1293916099961257,93.88221508424438,83.99575397122017,1.446081386072695,data/raw/cutouts/2717253553683136705_VIS.fits,0.0
2717432166684823690,271.7432166271452,68.48236906692594,761,7.630120754241943,0.1358767002820968,1,0.1158288717269897,2,1.5031946897506714,0.0242033600807189,4.265750885009766,0.1454436182975769,set_2717432166684823690,candidate,C,north,102160610.0,21.69367147212264,2.8813846567705728,0,0.0,0.0,0.0,0.0,0.0,56.15473983693209,1.1324506416576905,data/raw/cutouts/2717432166684823690_VIS.fits,0.5
2717681429684600200,271.7681429262313,68.46002005191964,797,8.137225151062012,0.1358712166547775,1,0.7322475910186768,2,1.4541258811950684,0.0241537522524595,3.6880204677581774,0.1408983618021011,set_2717432166684823690,reference,unlabelled,north,,21.623809168069517,2.9014583213961123,1,86.93454465639759,-0.0698623040531281,0.0200736646255395,0.0707836984805926,86.93454465640434,59.88924918319624,1.0104782958784817,data/raw/cutouts/2717681429684600200_VIS.fits,0.0
2717803068682973165,271.7803068397876,68.29731655132512,1205,12.701231002807615,0.1658152788877487,1,0.0359779447317123,0,2.3553688526153564,0.0260049905627965,3.6314339637756334,0.1403856724500656,set_2717803068682973165,candidate,C,north,102160610.0,21.14038546300024,3.080987046910887,0,0.0,0.0,0.0,0.0,0.0,76.5986770821398,0.4700480586087032,data/raw/cutouts/2717803068682973165_VIS.fits,0.1
2718672503669499691,271.86725034792926,66.94996913362372,1715,28.77609634399414,0.1761317998170852,1,0.4057430624961853,2,5.214148044586182,0.0321113392710685,8.59880256652832,0.1934361457824707,set_2718673262669682284,reference,unlabelled,north,,20.252420302861704,3.234264124378789,1,65.73366752194687,0.1507583988750376,0.052706350516003,0.3256878598411244,65.73366752194868,163.37819958621003,0.5431365488517613,data/raw/cutouts/2718672503669499691_VIS.fits,0.2
2718673262669682284,271.86732629247143,66.96822846151996,1519,33.06246566772461,0.1486293971538543,1,0.4070458114147186,2,8.792573928833008,0.0400147438049316,21.768526077270508,0.2816959321498871,set_2718673262669682284,candidate,B,north,102159777.0,20.101661903986667,3.1815577738627865,0,0.0,0.0,0.0,0.0,0.0,222.44903296956707,0.9842824896101036,data/raw/cutouts/2718673262669682284_VIS.fits,0.4
2718837602657239095,271.8837602112301,65.72390958853369,1814,21.57895851135254,0.192508265376091,1,0.249837651848793,3,3.2576160430908203,0.0305063370615243,12.341673851013184,0.3041285276412964,set_2719347803657244854,reference,unlabelled,north,,20.56492379993069,3.2586372827240764,1,75.54165118969911,0.046914405164486,-0.0794205926956799,0.1870383295868464,75.54165118971162,112.09367280513963,1.4461854253710127,data/raw/cutouts/2718837602657239095_VIS.fits,0.4
2719331119643884219,271.93311195260526,64.38842193971169,1147,15.58895492553711,0.1420729607343673,1,0.1394363343715667,0,3.6928086280822754,0.0302542857825756,12.860264778137209,0.1789064407348632,set_2719331119643884219,candidate,C,north,102158275.0,20.91795749671129,3.059563417901268,0,0.0,0.0,0.0,0.0,0.0,109.72499513601085,1.354732771140687,data/raw/cutouts/2719331119643884219_VIS.fits,0.8
2719347803657244854,271.9347803724526,65.7244854670406,2178,22.53181838989257,0.2358372062444687,1,0.2853297591209411,0,2.8602566719055176,0.0270745567977428,,,set_2719347803657244854,candidate,B,north,102158893.0,20.5180093947662,3.3380578754197563,0,0.0,0.0,0.0,0.0,0.0,95.53971041590488,,data/raw/cutouts/2719347803657244854_VIS.fits,0.9
2719726941662547553,271.97269418353574,66.25475534083488,824,7.287437915802002,0.1507205963134765,1,0.1859237551689148,0,1.4236335754394531,0.0268474277108907,5.205581188201904,0.1360355615615844,set_2720116052662791759,reference,unlabelled,north,,21.743562830304263,2.915927211697116,1,104.43879791303966,0.2351054677002011,0.0573900141274767,0.7058537445517573,104.4387979130562,48.35064413257237,1.40767750572653,data/raw/cutouts/2719726941662547553_VIS.fits,0.9
2719783197667236381,271.9783197596144,66.7236381913696,1111,13.121500968933104,0.1380919814109802,1,0.0577367432415485,0,3.0977768898010254,0.0276838820427656,10.23834228515625,0.210122138261795,set_2719783197667236381,candidate,C,north,102159488.0,21.105041207896235,3.045714058940868,0,0.0,0.0,0.0,0.0,0.0,95.02000648308292,1.2979487729053385,data/raw/cutouts/2719783197667236381_VIS.fits,0.6
2719884400643843270,271.9884400147436,64.38432702407084,985,14.39332675933838,0.1374989300966262,1,0.2896672189235687,258,3.5118234157562256,0.0340616442263126,8.467906951904297,0.1902325004339218,set_2719331119643884219,reference,unlabelled,north,,21.00459703770168,2.993436230497612,1,87.35879899496315,0.0866395409903866,-0.0661271874036559,0.1992675115470684,87.35879899495369,104.6795545916146,0.955608517390908,data/raw/cutouts/2719884400643843270_VIS.fits,1.0
2719930199667451063,271.9930199461455,66.74510632276107,978,12.230459213256836,0.1228708773851394,1,0.5053284764289856,2,2.824631452560425,0.0270263198763132,5.560059070587158,0.1759721487760543,set_2719783197667236381,reference,unlabelled,north,,21.181393090843592,2.990338854787601,1,80.06225246199521,0.0763518829473568,-0.055375204153266,0.1469292868536152,80.06225246199901,99.5391216660755,0.7352940371842773,data/raw/cutouts/2719930199667451063_VIS.fits,0.1
2720116052662791759,272.0116052252407,66.27917595265059,722,9.04934310913086,0.1565529257059097,1,0.4378208816051483,2,1.5163578987121582,0.0282790083438158,6.092447757720947,0.1678750216960907,set_2720116052662791759,candidate,C,north,102159488.0,21.508457362604062,2.858537197569639,0,0.0,0.0,0.0,0.0,0.0,57.80373038911056,1.5099752399584947,data/raw/cutouts/2720116052662791759_VIS.fits,0.9
2720218468661752478,272.0218468258914,66.17524782067571,2342,19.83973693847656,0.1982939541339874,1,0.0729607194662094,2,1.1342265605926514,0.0228331554681062,4.223281383514404,0.1378200203180313,set_2720218468661752478,candidate,C,north,102159194.0,20.656160226488552,3.369586890736344,0,0.0,0.0,0.0,0.0,0.0,100.05215249815852,1.4273755122981575,data/raw/cutouts/2720218468661752478_VIS.fits,0.7
2720409219643388861,272.0409219498766,64.33888617220003,4182,58.01790237426758,0.3224576413631439,1,0.7506397366523743,2,7.498680114746094,0.0419303774833679,22.103609085083008,0.2857808172702789,set_2720476218643633724,reference,unlabelled,north,,19.49109494270053,3.621384028481653,1,88.76685471268105,-0.2039725052137342,0.1853804928117566,1.3281789912025102,88.766854712696,179.9241045397626,1.1736959093742323,data/raw/cutouts/2720409219643388861_VIS.fits,0.1
2720476218643633724,272.04762186117097,64.36337249087941,2729,48.08094787597656,0.1890652775764465,1,0.0802114680409431,2,9.335460662841797,0.0398236289620399,22.57347297668457,0.2305881977081298,set_2720476218643633724,candidate,C,north,102158276.0,19.69506744791427,3.4360035356698964,0,0.0,0.0,0.0,0.0,0.0,254.30871544636508,0.9586565701479196,data/raw/cutouts/2720476218643633724_VIS.fits,1.0
2720583810655664894,272.05838105279497,65.5664894900246,1923,30.413291931152344,0.1551267057657241,1,0.2321710437536239,0,7.509823799133301,0.0369190573692321,18.98591041564941,0.3569146990776062,set_2720583810655664894,candidate,A,north,102158893.0,20.192341423319547,3.28397928423848,0,0.0,0.0,0.0,0.0,0.0,196.05452059997447,1.0070041998590191,data/raw/cutouts/2720583810655664894_VIS.fits,1.0
2720592793680584236,272.0592793034646,68.05842364623801,822,8.021269798278809,0.1360871344804763,1,0.4207741022109985,2,1.6190085411071775,0.0231938268989324,8.427302360534668,0.5141122341156006,set_2720592793680584236,candidate,B,north,102160338.0,21.639392189410017,2.9148718175400505,0,0.0,0.0,0.0,0.0,0.0,58.94216105659553,1.7910985905718266,data/raw/cutouts/2720592793680584236_VIS.fits,0.2
2720701640680376158,272.0701640705649,68.03761581750935,764,7.970360279083252,0.1424887478351593,1,0.1976001560688018,2,1.5076773166656494,0.023367365822196,4.471193790435791,0.1478136330842971,set_2720592793680584236,reference,unlabelled,north,,21.64630511756323,2.8830933585756897,1,76.32703552199547,0.0069129281532127,-0.0317784589643608,0.0307724440457994,76.32703552197682,55.93676974622521,1.1802877315923783,data/raw/cutouts/2720701640680376158_VIS.fits,0.3
2720900204661697051,272.0900204813931,66.16970512327451,1914,23.513168334960938,0.2102669179439544,1,0.1052648946642875,512,3.97335433959961,183.1924285888672,6.714755535125732,0.138458639383316,set_2720218468661752478,reference,unlabelled,north,,20.47172211735346,3.281941933440825,1,101.13595257110074,-0.1844381091350939,-0.0876449572955193,0.5787815272484977,101.13595257110562,111.82533403199572,0.5696822729295559,data/raw/cutouts/2720900204661697051_VIS.fits,0.2
2721004046655085463,272.1004046022834,65.50854638975713,828,16.908361434936523,0.1370142847299575,1,0.5241965055465698,0,4.219961643218994,0.0335130281746387,8.971190452575684,0.1797302067279815,set_2721124372655369555,reference,unlabelled,north,,20.829746193046628,2.9180303367848803,1,103.83574457923484,-0.0150870147303798,0.0237142741004419,0.0258319676625083,103.835744579234,123.40582931379268,0.8188539326179198,data/raw/cutouts/2721004046655085463_VIS.fits,0.0
2721092220655876372,272.1092220257969,65.58763726992822,1410,33.185813903808594,0.1508726179599762,1,0.3641340732574463,0,8.898476600646973,0.0424625314772129,23.37295150756836,0.3016977906227112,set_2720583810655664894,reference,unlabelled,north,,20.09761881633718,3.14921911265538,1,107.34508474820628,-0.0947226069823656,-0.1347601715831001,0.5635797085116004,107.34508474822636,219.95915728467173,1.048494738166731,data/raw/cutouts/2721092220655876372_VIS.fits,0.0
2721124372655369555,272.1124372051401,65.53695551984427,784,16.675033569335938,0.0967134460806846,1,0.1015103757381439,0,5.336578845977783,0.0334594547748565,12.30600357055664,0.2233047634363174,set_2721124372655369555,candidate,C,north,102158893.0,20.844833207777008,2.8943160626844384,0,0.0,0.0,0.0,0.0,0.0,172.41691042034162,0.9071352660288368,data/raw/cutouts/2721124372655369555_VIS.fits,0.9
2721660958665742075,272.16609586106864,66.57420752437041,1788,19.56203842163086,0.1827551275491714,1,0.1541071832180023,0,3.951105356216431,0.0303398463875055,14.07674789428711,0.2391767799854278,set_2721660958665742075,candidate,C,north,102159488.0,20.67146473108725,3.2523675144598987,0,0.0,0.0,0.0,0.0,0.0,107.03961461419227,1.3794593061048186,data/raw/cutouts/2721660958665742075_VIS.fits,0.7
2721675492663841067,272.1675492168443,66.38410673982028,721,8.243173599243164,0.1359728574752807,1,0.1956260353326797,2,1.7341794967651367,0.0271437708288431,7.971870899200439,0.2387962639331817,set_2721675492663841067,candidate,C,north,102159488.0,21.60976388480798,2.857935264719429,0,0.0,0.0,0.0,0.0,0.0,60.623669696297576,1.656165524096781,data/raw/cutouts/2721675492663841067_VIS.fits,0.8
2721862219663615421,272.18622194531133,66.36154214807183,802,9.89468765258789,0.1421442329883575,1,0.1042660698294639,2,2.459554433822632,0.0293891057372093,6.351390361785889,0.164970114827156,set_2721675492663841067,reference,unlabelled,north,,21.411494776736067,2.9041743682841634,1,85.58366165660006,-0.1982691080719121,0.0462391035647344,0.4965158799593011,85.58366165657958,69.6101941286519,1.030030917596833,data/raw/cutouts/2721862219663615421_VIS.fits,0.0
2722028444665934086,272.2028444037316,66.59340868457052,1683,21.72079086303711,0.1940320134162902,1,0.313591867685318,2,3.710971355438232,0.0327752530574798,5.691982746124268,0.1713577955961227,set_2721660958665742075,reference,unlabelled,north,,20.557810914881088,3.226084115975824,1,86.8462467017197,-0.1136538162061668,-0.0262833984840749,0.1672610398933651,86.84624670172279,111.94436670837284,0.4644399321564074,data/raw/cutouts/2722028444665934086_VIS.fits,0.0
2722118079645890187,272.211807938658,64.58901878979076,3540,73.93434143066406,0.2527342736721039,1,0.2393969595432281,2,12.711113929748535,0.0486890710890293,34.84038543701172,0.3348749279975891,set_2722118079645890187,candidate,C,north,102158276.0,19.22788447811425,3.549003262025788,0,0.0,0.0,0.0,0.0,0.0,292.5378515404131,1.0947483490356589,data/raw/cutouts/2722118079645890187_VIS.fits,1.0
2722158914646135607,272.21589141813,64.61356071679346,3927,73.40464782714844,0.2339625805616378,1,0.1347774714231491,0,16.173839569091797,0.0534050054848194,42.08652877807617,0.3690333068370819,set_2722118079645890187,reference,unlabelled,north,,19.235691101511676,3.594060901270418,1,88.57564319372736,0.0078066233974176,0.0450576392446304,0.058158295558207,88.57564319373611,313.74524785517946,1.0383249410762887,data/raw/cutouts/2722158914646135607_VIS.fits,0.1
2722340918669755884,272.23409180128334,66.97558847502283,919,8.586162567138672,0.1856353282928466,1,0.1268281042575836,0,1.534057855606079,0.0286494940519332,5.174847602844238,0.1685349494218826,set_2722340918669755884,candidate,C,north,102159777.0,21.5655022325302,2.9633155113861114,0,0.0,0.0,0.0,0.0,0.0,46.25284769930044,1.3201395639392286,data/raw/cutouts/2722340918669755884_VIS.fits,1.0
2722561985645255526,272.25619852909443,64.5255526391153,1676,18.165645599365234,0.2239409685134887,1,0.3457080423831939,2,2.400406837463379,0.0306753534823656,9.328607559204102,0.1971205472946167,set_2722561985645255526,candidate,B,north,102158276.0,20.75187290721174,3.2242740142942576,0,0.0,0.0,0.0,0.0,0.0,81.11800944663263,1.473829920409463,data/raw/cutouts/2722561985645255526_VIS.fits,1.0
2722725617683225357,272.2725617547285,68.32253576572998,3771,36.967166900634766,0.2616171538829803,1,0.5852959156036377,0,4.196222305297852,0.0282936375588178,12.09515380859375,0.1976649612188339,set_2723385147683175532,reference,unlabelled,north,,19.980459579312942,3.5764565324056203,1,89.52734121449996,0.2599912557736665,0.1903144234748017,1.6634217791365045,89.52734121453638,141.30253445525193,1.1493822687488546,data/raw/cutouts/2722725617683225357_VIS.fits,0.4
2722726685645408075,272.27266857334155,64.54080752061054,1831,20.133150100708008,0.1895110756158828,1,0.2024529129266739,0,3.502507209777832,0.0290285740047693,11.517733573913574,0.2105437070131302,set_2722561985645255526,reference,unlabelled,north,,20.64022067153112,3.2626883443016963,1,60.54693729806436,-0.1116522356806228,0.0384143300074386,0.1785480390404775,60.546937298053614,106.23732694924698,1.2924699758822722,data/raw/cutouts/2722726685645408075_VIS.fits,0.2
2722781585669545391,272.27815858056226,66.95453915622585,817,7.538158893585205,0.1504938304424286,1,0.4007811844348907,0,1.3801050186157229,0.0245596971362829,3.830352783203125,0.1417280882596969,set_2722340918669755884,reference,unlabelled,north,,21.706836781211795,2.9122220565324155,1,97.95669173487676,0.1413345486815984,-0.0510934548536958,0.2954396305309842,97.956691734857,50.089487864214654,1.1083166001483198,data/raw/cutouts/2722781585669545391_VIS.fits,0.1
2723283886647835617,272.32838860741083,64.7835617885781,2204,33.73393630981445,0.1727419644594192,1,0.3106459975242615,2,6.042192459106445,0.0335482582449913,17.460350036621094,0.2645299434661865,set_2723283886647835617,candidate,C,north,102158587.0,20.07983244839904,3.3432115901797474,0,0.0,0.0,0.0,0.0,0.0,195.28512608607784,1.1521459786172377,data/raw/cutouts/2723283886647835617_VIS.fits,0.7
2723385147683175532,272.33851473014323,68.31755322415121,2433,46.969146728515625,0.1792749017477035,1,0.2077417224645614,2,10.638962745666504,0.0410382971167564,27.502120971679688,0.2407347857952118,set_2723385147683175532,candidate,C,north,102160610.0,19.72046832353928,3.3861421089308186,0,0.0,0.0,0.0,0.0,0.0,261.9951051185964,1.0311672497785334,data/raw/cutouts/2723385147683175532_VIS.fits,0.4
2723443885646233453,272.34438858743664,64.62334533808817,1513,14.33143711090088,0.1728934794664383,1,0.3064625859260559,0,2.393316984176636,0.0264065116643905,10.198486328125,0.1688514202833175,set_2723443885646233453,candidate,C,north,102158276.0,21.00927564437645,3.179838928023187,0,0.0,0.0,0.0,0.0,0.0,82.89171549516341,1.5738387380778207,data/raw/cutouts/2723443885646233453_VIS.fits,0.7
2723552123666991580,272.3552123812645,66.69915800192602,2241,54.61476516723633,0.170847401022911,1,0.3603172302246094,2,14.304757118225098,0.0527954883873462,34.18826675415039,0.3126991093158722,set_2723632848667104286,reference,unlabelled,north,,19.556724823468336,3.350441856535061,1,42.17072904179205,-0.119500002507074,0.0450904870884372,0.2110229177193677,42.170729041786124,319.66986234641274,0.9459914890181362,data/raw/cutouts/2723552123666991580_VIS.fits,0.5
2723632848667104286,272.3632848333844,66.710428694376,2020,48.92266082763672,0.1770992577075958,1,0.0666395872831344,0,11.667147636413574,0.043407566845417,25.424766540527344,0.2403870820999145,set_2723632848667104286,candidate,C,north,102159489.0,19.67622482597541,3.305351369446624,0,0.0,0.0,0.0,0.0,0.0,276.24430198579216,0.8457307007160557,data/raw/cutouts/2723632848667104286_VIS.fits,0.9
2723752155647893706,272.3752155531441,64.78937064077459,1681,33.37138366699219,0.1612970232963562,1,0.5815170407295227,2,7.081292629241943,0.0359858125448226,14.723774909973145,0.2253358960151672,set_2723283886647835617,reference,unlabelled,north,,20.091564464897218,3.225567713439471,1,74.79544820828653,0.0117320164981791,-0.1176438767402765,0.3523276402487886,74.79544820825066,206.8939834412063,0.7947665696988802,data/raw/cutouts/2723752155647893706_VIS.fits,0.2
2724028583649646188,272.40285839507106,64.96461882358709,1251,12.95838451385498,0.149880900979042,1,0.3252756595611572,0,2.315075159072876,0.0255781915038824,10.350845336914062,0.1625081747770309,set_2724339997649611002,reference,unlabelled,north,,21.118622843472515,3.09725730969342,1,49.10697394117329,0.1627433987865956,0.0414968450056854,0.3393995479152099,49.10697394112849,86.45787708246407,1.6260268109783251,data/raw/cutouts/2724028583649646188_VIS.fits,0.9
2724049378646250746,272.40493786591816,64.62507464002071,1078,18.302143096923828,0.2242243736982345,1,0.6887367367744446,0,2.9599497318267822,0.0371552854776382,5.627383232116699,0.1196686923503875,set_2723443885646233453,reference,unlabelled,north,,20.743745133505392,3.03261876085072,1,93.62216643420663,-0.2655305108710593,-0.1472201671724669,1.3327641341481835,93.62216643417774,81.62423555949009,0.6975553914648762,data/raw/cutouts/2724049378646250746_VIS.fits,0.0
2724075311666709387,272.4075311318114,66.67093877296489,3884,75.69788360595703,0.2878217995166778,1,0.316342830657959,2,9.534936904907228,0.0389639548957347,20.331811904907227,0.223058670759201,set_2724356615666513878,reference,unlabelled,north,,19.20229065630606,3.589279221235967,1,81.01489803230773,0.2366053152859777,-0.175494495675073,1.3976080776851685,81.01489803231907,263.00260693620857,0.8221456492964065,data/raw/cutouts/2724075311666709387_VIS.fits,0.0
2724339997649611002,272.43399979102776,64.96110024010527,1137,15.053872108459473,0.19290392100811,1,0.2222149968147277,0,2.243536949157715,0.0281513947993516,5.984574317932129,0.1265256106853485,set_2724339997649611002,candidate,C,north,102158588.0,20.95587944468592,3.0557604646877348,0,0.0,0.0,0.0,0.0,0.0,78.03818621098212,1.065250095336125,data/raw/cutouts/2724339997649611002_VIS.fits,0.5
2724348485670062111,272.4348485898526,67.00621119303038,8366,144.76211547851562,0.3921247124671936,1,0.2398420423269271,2,21.620668411254883,0.0554503686726093,54.63512802124024,0.3272402584552765,set_2724760226669942001,reference,unlabelled,north,,18.498362697407572,3.922517860244612,1,72.27696343939691,-0.2421274110065319,0.0787246619186992,0.810814492646,72.2769634394112,369.17366051145495,1.0065071221227146,data/raw/cutouts/2724348485670062111_VIS.fits,0.6
2724356615666513878,272.43566156419445,66.65138783569176,5818,94.12952423095705,0.3028695285320282,1,0.1362294703722,2,15.264087677001951,0.0467318259179592,36.41676712036133,0.2978663444519043,set_2724356615666513878,candidate,C,north,102159489.0,18.965685341020084,3.76477371691104,0,0.0,0.0,0.0,0.0,0.0,310.79232264530344,0.944076342363507,data/raw/cutouts/2724356615666513878_VIS.fits,0.0
2724760226669942001,272.4760226249603,66.99420016959758,6979,115.825439453125,0.3891792595386505,1,0.1556058377027511,0,15.01409912109375,0.0549943149089813,42.16435623168945,0.2978291809558868,set_2724760226669942001,candidate,C,north,102159777.0,18.740490108414107,3.843793198325912,0,0.0,0.0,0.0,0.0,0.0,297.61462517408904,1.121115487952606,data/raw/cutouts/2724760226669942001_VIS.fits,0.9
2725002520659007135,272.5002520928221,65.90071356816154,803,11.495028495788574,0.1415719389915466,1,0.0912071913480758,0,3.172907590866089,0.0352011770009994,11.414227485656738,0.2222440838813781,set_2725065332659081576,reference,unlabelled,north,,21.24872486947993,2.904715545278681,1,28.34424198181101,0.1836539697289012,0.0313949434632818,0.4000940733589315,28.3442419818137,81.19567039676524,1.3899727502199688,data/raw/cutouts/2725002520659007135_VIS.fits,0.0
2725065332659081576,272.50653327881685,65.90815766087438,747,13.613557815551758,0.1499668061733245,1,0.0788392722606659,0,3.703354358673096,0.0376373976469039,10.067548751831056,0.2071968466043472,set_2725065332659081576,candidate,C,north,102159194.0,21.065070899751024,2.873320601815399,0,0.0,0.0,0.0,0.0,0.0,90.7771403747697,1.0858211786549163,data/raw/cutouts/2725065332659081576_VIS.fits,1.0
2725329322648658881,272.5329322750362,64.86588811197485,1672,23.67902565002441,0.1646769642829895,1,0.6072610020637512,0,4.604670524597168,0.029872328042984,7.813876152038574,0.1686265021562576,set_2725456033648568864,reference,unlabelled,north,,20.46409043007589,3.223236273102997,1,37.7578704193858,-0.1418616510903518,-0.0406364037622259,0.2661132931142341,37.757870419405016,143.79075879327684,0.5741699066751833,data/raw/cutouts/2725329322648658881_VIS.fits,0.0
2725456033648568864,272.5456033224914,64.85688644365084,1836,20.778738021850582,0.2022685706615448,1,0.1580468267202377,0,3.6503193378448486,0.0304715670645236,11.353548049926758,0.2141001522541046,set_2725456033648568864,candidate,C,north,102158588.0,20.605952081166244,3.2638726768652235,0,0.0,0.0,0.0,0.0,0.0,102.72845629892528,1.2320018578895655,data/raw/cutouts/2725456033648568864_VIS.fits,0.8
2725640304686403990,272.5640304560574,68.64039906186375,5564,85.67703247070312,0.3470197021961212,1,0.1994814574718475,2,13.7883882522583,0.0536726266145706,40.65080261230469,0.3249597251415252,set_2725640304686403990,candidate,A,north,102160610.0,19.067838960596823,3.7453871213200087,0,0.0,0.0,0.0,0.0,0.0,246.89385625223665,1.1738890525513117,data/raw/cutouts/2725640304686403990_VIS.fits,1.0
2725907803686223428,272.59078033152184,68.62234286618258,5444,68.12057495117188,0.2964561581611633,1,0.4456058144569397,0,12.491286277770996,0.0449619442224502,29.936771392822266,0.2786650359630584,set_2725640304686403990,reference,unlabelled,north,,19.316804237905878,3.735918116531297,1,73.86808074003362,0.2489652773090505,-0.0094690047887118,0.6956274960388166,73.86808074003856,229.7829647854348,0.94899449805442,data/raw/cutouts/2725907803686223428_VIS.fits,0.6
2725912970657915590,272.5912970235865,65.79155908257874,1674,21.21284866333008,0.1628222614526748,1,0.1340739876031875,0,4.993740081787109,0.0328460372984409,12.979768753051758,0.2030770182609558,set_2725912970657915590,candidate,C,north,102159194.0,20.583502515920685,3.2237554536572413,0,0.0,0.0,0.0,0.0,0.0,130.28223827670956,1.0371025526731914,data/raw/cutouts/2725912970657915590_VIS.fits,0.9
2726228961657812643,272.6228961828346,65.78126435881502,1479,22.337953567504883,0.1428937911987304,1,0.4478450417518616,0,5.914412021636963,0.0343667641282081,16.760143280029297,0.2594756484031677,set_2725912970657915590,reference,unlabelled,north,,20.527391540343928,3.1699681739968923,1,59.58456117158013,-0.0561109755767574,-0.0537872796603489,0.110353297656175,59.58456117158497,156.32557146194154,1.130915377732481,data/raw/cutouts/2726228961657812643_VIS.fits,0.4
2726235308679468724,272.6235308051188,67.94687244174533,929,12.814542770385742,0.1313609480857849,1,0.1320268809795379,2,3.337342977523804,0.029536023736,12.123764038085938,0.2291065007448196,set_2726235308679468724,candidate,C,north,102160339.0,21.13074221264608,2.968015713993642,0,0.0,0.0,0.0,0.0,0.0,97.55214892341702,1.400591584935292,data/raw/cutouts/2726235308679468724_VIS.fits,1.0
2726426586679362934,272.6426586351976,67.93629345848514,1009,12.61538028717041,0.1381403803825378,1,0.0848483294248581,2,3.0596747398376465,0.0292525384575128,11.242914199829102,0.2271735370159149,set_2726235308679468724,reference,unlabelled,north,,21.147749133153308,3.0038911662369103,1,46.0346129751676,0.017006920507228,0.0358754522432684,0.0372067879738294,46.03461297516553,91.32290103904413,1.4130090882678243,data/raw/cutouts/2726426586679362934_VIS.fits,0.7
2726451610670086917,272.6451610782572,67.00869179397185,885,17.187257766723633,0.1141999959945678,1,0.0669060200452804,0,5.156994819641113,0.0329867005348205,8.87151050567627,0.1588803082704544,set_2726656300670115613,reference,unlabelled,north,,20.81198352407384,2.9469432706978256,1,30.578088707837697,-0.125099135340136,-0.0530567293021744,0.2450636378828168,30.57808870782842,150.50138677361412,0.5890021900795531,data/raw/cutouts/2726451610670086917_VIS.fits,0.9
2726656300670115613,272.6656300090219,67.01156133176812,1000,15.316761016845703,0.1507294327020645,1,0.3085043132305145,0,3.9746038913726807,0.0343642234802246,10.23483180999756,0.200687363743782,set_2726656300670115613,candidate,C,north,102159777.0,20.93708265941397,3.0,0,0.0,0.0,0.0,0.0,0.0,101.6175855124539,1.0269671421217486,data/raw/cutouts/2726656300670115613_VIS.fits,0.9
2727389652645667801,272.73896522467896,64.56678010153004,1365,26.998538970947266,0.147141546010971,1,0.358536034822464,0,7.581832408905029,0.0403896681964397,19.56467056274414,0.2911669909954071,set_2727570223645896962,reference,unlabelled,north,,20.32164934275287,3.1351326513767748,1,87.09000437736108,0.0213526376243251,-0.1064138292197736,0.2946661532132428,43.837730486864615,183.48685128627253,1.0292458976595704,data/raw/cutouts/2727389652645667801_VIS.fits,1.0
2727446636646498997,272.74466369786245,64.64989979472608,933,12.528502464294434,0.1169016361236572,1,0.2945408225059509,2,3.234484434127808,0.0278009679168462,11.953680038452148,0.2204671949148178,set_2727446636646498997,candidate,C,north,102158276.0,21.15525209313741,2.9698816437465,0,0.0,0.0,0.0,0.0,0.0,107.17131838122376,1.4192414038421752,data/raw/cutouts/2727446636646498997_VIS.fits,0.6
2727570223645896962,272.7570223673387,64.58969626327753,1744,27.534761428833008,0.1485345065593719,1,0.2399558424949646,0,6.639215469360352,0.0353087782859802,22.553157806396484,0.3078879117965698,set_2727570223645896962,candidate,A,north,102158276.0,20.300296705128545,3.2415464805965484,0,0.0,0.0,0.0,0.0,0.0,185.37619349633664,1.32772648807064,data/raw/cutouts/2727570223645896962_VIS.fits,1.0
2727661905646693147,272.76619055166987,64.66931474363943,1163,12.791240692138672,0.2053390443325042,1,0.3670857846736908,2,2.151986837387085,0.0301809664815664,2.8478498458862305,0.1156160160899162,set_2727446636646498997,reference,unlabelled,north,,21.13271832222461,3.0655797147284485,1,77.36455744866522,-0.0225337709127941,0.0956980709819483,0.2397263262626723,77.36455744866608,62.29327078890023,0.3041936914025292,data/raw/cutouts/2727661905646693147_VIS.fits,0.2
2728259614683509157,272.8259614399595,68.35091570908041,1642,30.899290084838867,0.2062819898128509,1,0.5547913908958435,0,5.447219371795654,0.0359895788133144,9.483099937438965,0.1936761140823364,set_2728596478683519590,reference,unlabelled,north,,20.17512874608021,3.215373152783422,1,44.895855166361095,0.0927750915438352,-0.1646570951844088,0.775162810640294,44.89585516635666,149.79150682457646,0.6019386543591484,data/raw/cutouts/2728259614683509157_VIS.fits,0.0
2728318235639859304,272.8318235153224,63.985930406582085,2602,38.02365493774414,0.2622595131397247,1,0.1064639762043953,0,6.143765926361084,0.0403559282422065,17.459566116333008,1.6156145334243774,set_2728318235639859304,candidate,C,north,102157958.0,19.9498653497257,3.415307292225568,0,0.0,0.0,0.0,0.0,0.0,144.9848452875232,1.1339969649017572,data/raw/cutouts/2728318235639859304_VIS.fits,0.9
2728354850639584561,272.8354850826089,63.95845614684952,3248,49.68480682373047,0.3054727017879486,1,0.1532294303178787,0,6.657647609710693,0.0402293279767036,17.81121826171875,0.2325252145528793,set_2728318235639859304,reference,unlabelled,north,,19.659440985981888,3.5116160205691376,1,99.0763235808544,-0.2904243637438135,0.0963087283435699,1.1774812517698734,99.07632358084614,162.64892585465918,1.068432053601356,data/raw/cutouts/2728354850639584561_VIS.fits,0.0
2728464389639933156,272.8464389611731,63.9933156819348,1112,11.026759147644045,0.1240528002381324,1,0.1167239472270011,2,2.465167999267578,0.0266616437584161,6.346994876861572,0.1511303782463073,set_2728464389639933156,candidate,C,north,102157958.0,21.29388027853461,3.0461047872460387,0,0.0,0.0,0.0,0.0,0.0,88.88762790099878,1.0268040657795203,data/raw/cutouts/2728464389639933156_VIS.fits,0.7
2728570535639972659,272.8570535079322,63.99726595604504,1094,10.405896186828612,0.1403655707836151,1,0.1700489819049835,0,2.156954288482666,0.0257447119802236,8.281296730041504,0.1944755017757415,set_2728464389639933156,reference,unlabelled,north,,21.356801277762543,3.039017321997412,1,21.975753314823937,0.0629209992279342,-0.0070874652486265,0.0456593101937506,21.975753314804464,74.13424908071042,1.4606435122934325,data/raw/cutouts/2728570535639972659_VIS.fits,0.0
2728596478683519590,272.85964788998524,68.35195904078404,2399,33.65569305419922,0.1931567937135696,1,0.264038622379303,0,6.589710235595703,0.0347489081323146,18.76651954650879,0.297970175743103,set_2728596478683519590,candidate,B,north,102160610.0,20.082353654536377,3.380030247967831,0,0.0,0.0,0.0,0.0,0.0,174.24027603246992,1.13629354346418,data/raw/cutouts/2728596478683519590_VIS.fits,1.0
2728853410646481263,272.8853410135998,64.64812636289068,822,8.852914810180664,0.128739982843399,1,0.2784363329410553,0,2.0515060424804688,0.0254073273390531,6.624947547912598,0.1457275003194809,set_2728853410646481263,candidate,C,north,102158276.0,21.532284287221884,2.9148718175400505,0,0.0,0.0,0.0,0.0,0.0,68.76585358061968,1.2727741092169458,data/raw/cutouts/2728853410646481263_VIS.fits,0.1
2729250725646256284,272.9250725218009,64.62562846907502,817,9.425259590148926,0.1361832469701767,1,0.0155349634587764,0,2.5263092517852783,0.0327042862772941,9.16798496246338,0.204194962978363,set_2728853410646481263,reference,unlabelled,north,,21.464266699087464,2.9122220565324155,1,101.55613040671652,-0.0680175881344204,-0.002649761007635,0.060422180161473,101.55613040675202,69.21012532630391,1.3994684493635137,data/raw/cutouts/2729250725646256284_VIS.fits,0.5
2730232408651037438,273.0232408334377,65.10374380066392,1314,14.52814769744873,0.1730698198080063,1,0.2416722923517227,0,2.741619110107422,0.0284781027585268,5.75105094909668,0.1486513763666153,set_2730711937650971562,reference,unlabelled,north,,20.99447438408581,3.118595365223762,1,76.45345903976961,0.0143182077174301,0.0728813062828943,0.1400812789984397,76.45345903978921,83.94385406748226,0.8043502411081378,data/raw/cutouts/2730232408651037438_VIS.fits,0.0
2730705167663624037,273.07051672243847,66.36240377723576,1827,22.853456497192383,0.2360289543867111,1,0.1145065650343895,2,4.001795291900635,0.0324654690921306,17.564739227294922,0.2642985880374908,set_2730705167663624037,candidate,A,north,102159489.0,20.502620263150423,3.2617385473525378,0,0.0,0.0,0.0,0.0,0.0,96.8248008240089,1.6059670938431327,data/raw/cutouts/2730705167663624037_VIS.fits,1.0
2730711937650971562,273.0711937122832,65.0971562504116,1111,14.721007347106934,0.1586418896913528,1,0.1468777954578399,2,3.439827680587769,0.0339161828160285,13.921040534973145,0.2242166846990585,set_2730711937650971562,candidate,C,north,102158588.0,20.980156176368386,3.045714058940868,0,0.0,0.0,0.0,0.0,0.0,92.79394853243066,1.5178375276591762,data/raw/cutouts/2730711937650971562_VIS.fits,0.9
2730830372663796333,273.083037268204,66.37963334267394,1754,26.756322860717773,0.2060495465993881,1,0.1292437762022018,0,4.797117233276367,0.0330667197704315,8.431732177734375,0.1875991523265838,set_2730705167663624037,reference,unlabelled,north,,20.33143393045842,3.244029589030022,1,64.60392057400236,-0.171186332692006,-0.0177089583225158,0.3370268764870328,64.60392057401545,129.8538303155734,0.612341178305502,data/raw/cutouts/2730830372663796333_VIS.fits,0.2
2731299727642055595,273.1299727617105,64.20555953086428,2444,32.03321075439453,0.1703885048627853,1,0.0428682826459407,2,6.4562835693359375,0.0308311954140663,19.63826560974121,0.2729515433311462,set_2731299727642055595,candidate,C,north,102157959.0,20.13599882232019,3.3881012015705165,0,0.0,0.0,0.0,0.0,0.0,188.00100851985897,1.2078013315914298,data/raw/cutouts/2731299727642055595_VIS.fits,0.9
2731443491642106141,273.14434917640153,64.21061416899774,962,10.966455459594728,0.1327814310789108,1,0.1463864743709564,0,2.748441219329834,0.0280032567679882,12.119733810424805,8.767749786376953,set_2731443491642106141,candidate,C,north,102157959.0,21.299834302322967,2.983175072037813,0,0.0,0.0,0.0,0.0,0.0,82.59027915640903,1.6110165705092003,data/raw/cutouts/2731443491642106141_VIS.fits,1.0
2731784226642021509,273.17842263527865,64.20215096892,951,10.04605770111084,0.1411642730236053,1,0.38083016872406,2,2.1299984455108643,0.0257247854024171,7.8486552238464355,0.1962116658687591,set_2731443491642106141,reference,unlabelled,north,,21.39501082932678,2.978180516937414,1,61.45867707940661,0.0951765270038116,-0.0049945551003993,0.1045127452597961,61.45867707936943,71.16572405987563,1.4160399132581658,data/raw/cutouts/2731784226642021509_VIS.fits,0.7
2731932923642066230,273.19329235394383,64.20662305065856,2342,26.783466339111328,0.2278559505939483,1,0.3565898537635803,2,4.754891395568848,0.0331608317792415,22.951580047607425,0.451216846704483,set_2731299727642055595,reference,unlabelled,north,,20.33033304230849,3.369586890736344,1,99.26320268880964,0.1943342199883027,-0.0185143108341723,0.4366368877082305,77.99668230613709,117.54560839554688,1.7091799675817134,data/raw/cutouts/2731932923642066230_VIS.fits,0.7
2732781131648919625,273.27811318033326,64.89196250827327,912,15.50904369354248,0.1248428001999855,1,0.1774064153432846,0,4.166035175323486,0.0308602098375558,10.850937843322754,0.1710807532072067,set_2732781131648919625,candidate,C,north,102158588.0,20.923537451214177,2.959994838328416,0,0.0,0.0,0.0,0.0,0.0,124.22857921080404,1.0393608580466378,data/raw/cutouts/2732781131648919625_VIS.fits,0.5
2732965773681844839,273.29657736727165,68.18448391817456,795,11.038491249084473,0.1136123090982437,1,0.3066186308860779,2,2.70062518119812,0.0274197924882173,9.110196113586426,0.1938911080360412,set_2732965773681844839,candidate,C,north,102160339.0,21.29272570577762,2.9003671286564705,0,0.0,0.0,0.0,0.0,0.0,97.15928966410836,1.320158533150423,data/raw/cutouts/2732965773681844839_VIS.fits,0.9
2733245445650036972,273.3245445437747,65.00369729909544,3694,38.24305725097656,0.2723010778427124,1,0.2619524896144867,0,5.262092113494873,0.0323600582778453,21.78995132446289,0.2760048806667328,set_2733245445650036972,candidate,C,north,102158588.0,19.94361849090121,3.567496891104222,0,0.0,0.0,0.0,0.0,0.0,140.44401716641997,1.5427445347728828,data/raw/cutouts/2733245445650036972_VIS.fits,1.0
2733251068649891455,273.3251068955221,64.98914558763448,3585,57.4515495300293,0.2140063643455505,1,0.3476821482181549,2,12.39421272277832,0.0426664054393768,20.514589309692383,0.2118352502584457,set_2733783515650048924,reference,unlabelled,north,,19.50174563357213,3.554489160003819,1,98.88038204566352,0.052709639709743,-0.1305356251018952,0.4652412880280498,52.3931493476144,268.4572008207372,0.547109703395166,data/raw/cutouts/2733251068649891455_VIS.fits,0.5
2733306455680963231,273.3306455481696,68.09632319099528,4112,68.06426239013672,0.2332830131053924,1,0.2642849087715149,2,12.940726280212402,0.0430377051234245,28.77678108215332,0.2461378127336502,set_2733841929680970616,reference,unlabelled,north,,19.317702143883903,3.614053105987219,1,71.96058009042301,-0.1332951934857362,0.0218763485913524,0.2138218182178872,71.96058009040831,291.7669035738436,0.867708904365128,data/raw/cutouts/2733306455680963231_VIS.fits,0.5
2733356942681853978,273.33569422318465,68.18539787994449,873,11.073493957519531,0.133399099111557,1,0.1848888397216797,0,2.1498055458068848,0.026003586128354,3.719207525253296,0.1153850853443145,set_2732965773681844839,reference,unlabelled,north,,21.28928831748337,2.941014243705569,1,52.43396883082728,-0.0034373882942517,0.040647115049099,0.043793083612867,52.43396883084968,83.01026042356669,0.5951280825344059,data/raw/cutouts/2733356942681853978_VIS.fits,0.2
2733390237649059304,273.3390237180041,64.9059304775774,1034,19.98372459411621,0.1279673129320144,1,0.3289950788021087,0,5.312633991241455,0.0327525995671749,13.667282104492188,0.2120753675699234,set_2732781131648919625,reference,unlabelled,north,,20.64830891040521,3.014520538757924,1,105.74259772819016,-0.2752285408089712,0.0545257004295076,0.925587628006542,105.74259772816475,156.1627273109425,1.025930655201556,data/raw/cutouts/2733390237649059304_VIS.fits,0.8
2733414998645563382,273.3414998481971,64.55633826856263,866,22.97823905944824,0.1877740621566772,1,0.3401331603527069,0,6.801088809967041,0.0574670918285846,19.63461303710937,0.2773551344871521,set_2733524648645511387,reference,unlabelled,north,,20.49670814147658,2.937517892017347,1,25.25935276299487,0.0855595202008387,-0.1856801830146519,0.9438133989434822,25.259352762980534,122.37174184512968,1.1511097513533308,data/raw/cutouts/2733414998645563382_VIS.fits,0.9
2733491504650205324,273.3491504705241,65.02053241914263,2998,38.246524810791016,0.322009801864624,1,0.095333993434906,0,2.91263484954834,0.0323076285421848,5.233475685119629,0.1542527973651886,set_2733245445650036972,reference,unlabelled,north,,19.94352004990745,3.4768316285122607,1,71.22730919002592,-9.844099376365988e-05,-0.0906652625919619,0.2098544160877561,71.227309190015,118.7744118015085,0.6362604231038278,data/raw/cutouts/2733491504650205324_VIS.fits,0.7
2733524648645511387,273.3524648265846,64.55113873843047,1328,24.86225700378418,0.1325320750474929,1,0.1330717504024505,0,6.980738639831543,0.0366409718990325,17.03957176208496,0.2533268332481384,set_2733524648645511387,candidate,B,north,102158277.0,20.411148621275743,3.1231980750319988,0,0.0,0.0,0.0,0.0,0.0,187.59426346320151,0.968893244126579,data/raw/cutouts/2733524648645511387_VIS.fits,1.0
2733734342682540416,273.37343427872395,68.25404165398585,1553,26.1126766204834,0.1854059994220733,1,0.4560283720493316,2,5.391451835632324,0.0384820662438869,15.505267143249512,0.2390139997005462,set_2733734342682540416,candidate,C,north,102160611.0,20.357871523819952,3.191171455728558,0,0.0,0.0,0.0,0.0,0.0,140.8405159589166,1.1469338084373784,data/raw/cutouts/2733734342682540416_VIS.fits,0.9
2733738686682814074,273.3738686402914,68.28140745299551,1426,24.384117126464844,0.2532080113887787,1,0.1408281773328781,2,4.033581733703613,0.0450566411018371,6.023936748504639,0.1335019171237945,set_2733734342682540416,reference,unlabelled,north,,20.43223241062248,3.154119525515847,1,98.51857781157156,0.0743608868025234,-0.0370519302127116,0.1040817417358218,98.5185778115877,96.30073311158064,0.4354738537565305,data/raw/cutouts/2733738686682814074_VIS.fits,0.8
2733783515650048924,273.37835153151167,65.00489245038712,4842,60.30948257446289,0.3226591050624847,1,0.255361795425415,0,7.51511812210083,0.0361856333911418,25.69198226928711,0.2825708091259002,set_2733783515650048924,candidate,C,north,102158588.0,19.449035993862392,3.685024785105714,0,0.0,0.0,0.0,0.0,0.0,186.91393370964576,1.3346545060931605,data/raw/cutouts/2733783515650048924_VIS.fits,0.9
2733841929680970616,273.3841929769941,68.09706166798318,3910,60.20063400268555,0.311035692691803,1,0.3564313352108001,2,6.800454616546631,0.0408233292400836,22.038488388061523,0.2207376509904861,set_2733841929680970616,candidate,C,north,102160339.0,19.450997337369643,3.5921767573958667,0,0.0,0.0,0.0,0.0,0.0,193.5489572971188,1.276609641110197,data/raw/cutouts/2733841929680970616_VIS.fits,0.7
2734096130680437911,273.4096130756397,68.04379115609122,3029,37.87175750732422,0.2545188367366791,1,0.0677942037582397,0,4.350347518920898,0.03244324401021,8.063370704650879,0.1407009214162826,set_2734343530680280730,reference,unlabelled,north,,19.954211350478765,3.481299273332856,1,65.66267680504606,0.2655185588368169,0.0693430354024542,0.907242405954426,37.86380935775449,148.79746423839626,0.669981688436899,data/raw/cutouts/2734096130680437911_VIS.fits,0.1
2734343530680280730,273.4343530651649,68.02807303793226,2582,48.36407470703125,0.3486834466457367,1,0.2308882474899292,2,7.914200305938721,0.0567186288535594,17.446935653686523,0.2055928111076355,set_2734343530680280730,candidate,C,north,102160339.0,19.688692791641948,3.4119562379304016,0,0.0,0.0,0.0,0.0,0.0,138.70482000876078,0.8582803035412376,data/raw/cutouts/2734343530680280730_VIS.fits,0.9
2734906221662009456,273.49062215332924,66.20094562511777,1160,13.676668167114258,0.1745540797710418,1,0.0746619924902916,0,2.7707760334014893,0.0335182324051857,7.393664836883545,0.1509956419467926,set_2734906221662009456,candidate,C,north,102159195.0,21.06004922526731,3.0644579892269186,0,0.0,0.0,0.0,0.0,0.0,78.352039580247,1.0656458429936824,data/raw/cutouts/2734906221662009456_VIS.fits,1.0
2735499365662042651,273.5499365101949,66.20426518350098,1046,17.02233123779297,0.1733414530754089,1,0.1759092062711715,0,4.237863540649414,0.0377343669533729,6.340784549713135,0.1394227594137191,set_2734906221662009456,reference,unlabelled,north,,20.82245240698898,3.0195316845312554,1,86.98562575620984,-0.2375968182783303,-0.0449263046956631,0.6841935753643466,86.98562575619303,98.2011569407332,0.4374900711599935,data/raw/cutouts/2735499365662042651_VIS.fits,0.3
2735895687661762528,273.58956876922434,66.176252888773,1468,20.47244644165039,0.2057047933340072,1,0.1648092418909073,0,3.2901735305786133,0.036821711808443,7.831568241119385,0.1556569635868072,set_2735895687661762528,candidate,C,north,102159195.0,20.622075640947056,3.166726055580052,0,0.0,0.0,0.0,0.0,0.0,99.52342923000752,0.9415748310082644,data/raw/cutouts/2735895687661762528_VIS.fits,0.8
2736288720661608971,273.6288720730131,66.16089710143687,1612,21.64360809326172,0.1703855097293853,1,0.6173778772354126,0,4.252522468566895,0.0313242152333259,13.110173225402832,0.1956652253866195,set_2735895687661762528,reference,unlabelled,north,,20.56167584639341,3.207365037469072,1,79.52552235464334,-0.0603997945536463,0.0406389818890198,0.0872450819463574,79.5255223546263,127.02728141399564,1.2224045329021536,data/raw/cutouts/2736288720661608971_VIS.fits,0.0
2736767899683571605,273.6767899739987,68.35716057471859,727,10.9384126663208,0.14225435256958,1,0.5864585041999817,0,2.388073682785034,0.0287347044795751,4.626436710357666,0.1216464713215828,set_2737007893683616389,reference,unlabelled,north,,21.302614240773053,2.8615344108590377,1,35.708696240175485,0.0882946592335791,-0.021558947716652,0.0993345394732176,35.70869624019007,76.8933425848644,0.717997256999567,data/raw/cutouts/2736767899683571605_VIS.fits,0.0
2737007893683616389,273.7007893836717,68.36163890021113,764,11.865120887756348,0.1883134394884109,1,0.1003513187170028,2,2.669189453125,0.0395075045526027,9.287919044494627,0.1917683333158493,set_2737007893683616389,candidate,C,north,102160611.0,21.214319581539478,2.8830933585756897,0,0.0,0.0,0.0,0.0,0.0,63.00729740792901,1.3538475530141951,data/raw/cutouts/2737007893683616389_VIS.fits,0.8
2737919738675580879,273.79197383266023,67.55808794169573,893,7.767480373382568,0.1526576727628708,1,0.4417817592620849,0,1.3852027654647827,0.0261241272091865,3.1884796619415283,0.140070229768753,set_2738224597675612724,reference,unlabelled,north,,21.674299588582024,2.9508514588885464,1,43.43388223526983,-0.0435843091269916,0.0706096829930662,0.1473671326176151,43.43388223523044,50.88168994589681,0.905175753050269,data/raw/cutouts/2737919738675580879_VIS.fits,0.6
2738224597675612724,273.82245977109386,67.56127241687929,759,7.461848735809326,0.1215820536017417,1,0.2303610891103744,2,1.690600872039795,0.0289563760161399,5.714494228363037,0.1627200990915298,set_2738224597675612724,candidate,C,north,102160062.0,21.71788389770901,2.88024177589548,0,0.0,0.0,0.0,0.0,0.0,61.372945387578426,1.3223417743961048,data/raw/cutouts/2738224597675612724_VIS.fits,0.6
2738360111662772566,273.8360111233688,66.27725660090425,1371,43.96168899536133,0.1690229028463363,1,0.2380238026380539,0,10.337204933166504,0.0433480106294155,17.665987014770508,0.2308851927518844,set_2738636080662743042,reference,unlabelled,north,,19.79231407614944,3.137037454789513,1,41.360443417817365,0.0474462595921849,-0.1534423585411604,0.6150933231714664,41.36044341779644,260.0930894869803,0.5818369517759326,data/raw/cutouts/2738360111662772566_VIS.fits,0.5
2738460691675239507,273.8460691095558,67.52395071396087,6441,106.3393783569336,0.4066795110702514,1,0.5280925035476685,2,13.12510108947754,0.0504596643149852,35.3199348449707,0.3588915169239044,set_2738460691675239507,candidate,B,north,102160062.0,18.833264707076943,3.808953299155911,0,0.0,0.0,0.0,0.0,0.0,261.48201584358674,1.0747930918342616,data/raw/cutouts/2738460691675239507_VIS.fits,0.8
2738636080662743042,273.8636080609275,66.2743042858827,1952,45.925392150878906,0.1792988181114196,1,0.4141894876956939,2,11.203059196472168,0.0444518290460109,24.378910064697266,0.2534876465797424,set_2738636080662743042,candidate,C,north,102159490.0,19.744867816557253,3.290479813330673,0,0.0,0.0,0.0,0.0,0.0,256.1388448324295,0.844194136135265,data/raw/cutouts/2738636080662743042_VIS.fits,0.8
2738841601675358432,273.88416010422185,67.53584322173248,4973,91.74526977539062,0.2962311208248138,1,0.3731173872947693,0,12.719613075256348,0.0429081134498119,28.850664138793945,0.2821244895458221,set_2738460691675239507,reference,unlabelled,north,,18.99354079489413,3.696618459232225,1,67.67421066854567,0.1602760878171878,-0.1123348399236858,0.6048312827638731,67.67421066855688,309.7084111890029,0.8892047863425745,data/raw/cutouts/2738841601675358432_VIS.fits,0.0
2740512403652691563,274.05124030568805,65.26915635939217,4143,76.03726959228516,0.2780431509017944,1,0.2986096739768982,0,8.655830383300781,0.0382920056581497,19.05438804626465,0.244430273771286,set_2740771080652799361,reference,unlabelled,north,,19.197433716309423,3.6173149332982937,1,54.98344906103663,0.1319251164032344,-0.1673736662031277,0.8963208965049272,54.983449061026135,273.47291003453535,0.8567156697565701,data/raw/cutouts/2740512403652691563_VIS.fits,0.0
2740771080652799361,274.0771080244986,65.27993615427702,6091,85.86112213134766,0.2852154970169067,1,0.1583379209041595,2,14.288643836975098,0.046451848000288,,,set_2740771080652799361,candidate,C,north,102158895.0,19.065508599906188,3.784688599501421,0,0.0,0.0,0.0,0.0,0.0,301.03947025802063,,data/raw/cutouts/2740771080652799361_VIS.fits,0.8
2742914576660654490,274.2914576502639,66.0654490160671,2487,56.74100112915039,0.2519469559192657,1,0.6287021040916443,0,8.342963218688965,0.0402268879115581,16.432476043701172,0.2273149937391281,set_2742963716660507012,reference,unlabelled,north,,19.51525751462544,3.395675785269936,1,53.57505861303634,0.0340709290983411,-0.1823900985661555,0.8470126009817397,53.57505861302649,225.21010790593783,0.7359566972021652,data/raw/cutouts/2742914576660654490_VIS.fits,0.0
2742963716660507012,274.2963716241523,66.05070126528864,3785,58.5497932434082,0.2609352469444275,1,0.2521161735057831,2,10.310425758361816,0.0442627631127834,26.911998748779297,0.3757692873477936,set_2742963716660507012,candidate,C,north,102159195.0,19.481186585527094,3.5780658838360915,0,0.0,0.0,0.0,0.0,0.0,224.38437861128745,1.0416733863278684,data/raw/cutouts/2742963716660507012_VIS.fits,0.7
2742975554674298843,274.2975554829641,67.42988431743855,1062,13.801904678344728,0.1390238106250763,1,0.1087385937571525,2,3.072484254837036,0.0283300597220659,5.090458393096924,0.1244507655501365,set_2743365378674443471,reference,unlabelled,north,,21.050152440841902,3.0261245167454502,1,74.9023072502994,0.0190294939717823,-0.0257993993006562,0.0254737745722933,74.90230725028073,99.27727211827138,0.5481680652390798,data/raw/cutouts/2742975554674298843_VIS.fits,0.1
2743329197645424631,274.3329197470716,64.54246315130146,1137,14.913702011108398,0.1432113498449325,1,0.2151064127683639,2,3.3385138511657715,0.0293563436716794,13.133654594421388,0.215567871928215,set_2743329197645424631,candidate,C,north,102158278.0,20.966036346861607,3.0557604646877348,0,0.0,0.0,0.0,0.0,0.0,104.13770994587212,1.4870810201347706,data/raw/cutouts/2743329197645424631_VIS.fits,0.9
2743349523645509562,274.3349523781048,64.55095628984316,1008,15.840145111083984,0.1599537581205368,1,0.1892761290073394,0,3.5728938579559326,0.03158825263381,7.912644386291504,0.1779078096151352,set_2743329197645424631,reference,unlabelled,north,,20.90060211042465,3.0034605321095067,1,30.73660820879377,-0.0654342364369569,-0.052299932578228,0.1167658051628555,30.736608208796508,99.02952764102788,0.8632538333728524,data/raw/cutouts/2743349523645509562_VIS.fits,0.2
2743365378674443471,274.3365378959816,67.44434712332267,1127,14.045940399169922,0.1611246764659881,1,0.1269116997718811,0,2.488331794738769,0.0262316912412643,7.52077054977417,0.1725925058126449,set_2743365378674443471,candidate,C,north,102160062.0,21.03112294687012,3.0519239160461065,0,0.0,0.0,0.0,0.0,0.0,87.17435905688157,1.200885125595902,data/raw/cutouts/2743365378674443471_VIS.fits,0.9
2743381563669492033,274.3381563198547,66.94920339571343,1008,19.22441291809082,0.1433401703834533,1,0.1808558404445648,2,5.323238372802734,0.0367488153278827,15.099048614501951,0.1979691535234451,set_2743381563669492033,candidate,B,north,102159779.0,20.69036728490562,3.0034605321095067,0,0.0,0.0,0.0,0.0,0.0,134.11741360892103,1.1319341731310903,data/raw/cutouts/2743381563669492033_VIS.fits,0.9
2743600657683668805,274.3600657555939,68.36688052942732,821,10.53382396697998,0.1358049064874649,1,0.2096244096755981,0,2.5972354412078857,0.0306847114115953,7.102903842926025,0.1896606087684631,set_2743600657683668805,candidate,A,north,102160612.0,21.34353485876825,2.9143431571194407,0,0.0,0.0,0.0,0.0,0.0,77.56585707713201,1.0923115371141252,data/raw/cutouts/2743600657683668805_VIS.fits,1.0
2743709296683468950,274.3709296598147,68.34689506792658,859,8.928074836730957,0.1594708263874054,1,0.4837039709091186,0,1.592529296875,0.0265456158667802,5.760517597198486,0.1569920927286148,set_2743600657683668805,reference,unlabelled,north,,21.52310544514172,2.9339931638312424,1,73.3794164157812,0.1795705863734653,0.0196500067118017,0.3725538375361609,73.3794164157779,55.98563097078221,1.395935192721546,data/raw/cutouts/2743709296683468950_VIS.fits,0.0
2743711687656088879,274.37116878145736,65.60888795170064,1891,18.227357864379883,0.1545091867446899,1,0.5239154100418091,0,3.248454332351685,0.0227778814733028,10.975625991821287,0.1323388516902923,set_2743711687656088879,candidate,C,north,102158895.0,20.74819069919104,3.27669152884504,0,0.0,0.0,0.0,0.0,0.0,117.96941171205997,1.32188133443039,data/raw/cutouts/2743711687656088879_VIS.fits,0.3
2743964715669344715,274.3964715550976,66.93447153985852,1192,21.11383819580078,0.1617818772792816,1,0.389352411031723,0,4.813745498657227,0.032907698303461,7.50565767288208,0.1595256477594375,set_2743381563669492033,reference,unlabelled,north,,20.588582027373025,3.076276255404218,1,97.84424573434109,-0.1017852575325939,0.072815723294711,0.25587473189166,97.84424573432868,130.50805535747546,0.4822640679477893,data/raw/cutouts/2743964715669344715_VIS.fits,0.1
2743977646656082606,274.3977646478861,65.60826067602088,1663,17.8819522857666,0.1441405713558197,1,0.1640906333923339,0,3.0749635696411133,0.0216804109513759,5.309305667877197,0.0983585938811302,set_2743711687656088879,reference,unlabelled,north,,20.76896267069444,3.2208922492195198,1,39.60411610477577,0.0207719715034038,-0.0557992796255204,0.0839778785617214,39.60411610479368,124.05911893899687,0.592994386074608,data/raw/cutouts/2743977646656082606_VIS.fits,0.2
2744893361664602862,274.4893361921933,66.46028624033477,1361,25.86145782470703,0.1370706260204315,1,0.2257939577102661,2,7.0057902336120605,0.0366735495626926,,,set_2744893361664602862,candidate,C,north,102159490.0,20.368367493362506,3.133858125203335,0,0.0,0.0,0.0,0.0,0.0,188.6725009985157,,data/raw/cutouts/2744893361664602862_VIS.fits,0.2
2744904620657790036,274.49046208607854,65.77900368402713,1433,16.376733779907227,0.1237246096134185,1,0.6933167576789856,0,2.7504987716674805,0.0213626474142074,7.116420745849609,0.1292371749877929,set_2745555812657916819,reference,unlabelled,north,,20.86443177701416,3.1562461903973444,1,106.43532078087726,0.1610107726035217,-0.0039221025611677,0.2981465701385468,106.4353207809169,132.36440051075414,1.0321254043286496,data/raw/cutouts/2744904620657790036_VIS.fits,0.0
2744949736664318539,274.4949736203697,66.43185399825802,2199,38.23841857910156,0.2662302255630493,1,0.5282389521598816,2,6.573819637298584,0.0348962508141994,16.700040817260742,0.2204604744911193,set_2745097475664476790,reference,unlabelled,north,,19.943750192700847,3.3422252293607904,1,60.807484899722574,-0.1695365751181761,-0.0495916942524585,0.3840162379564419,60.80748489972519,143.62914089950257,1.012249370610048,data/raw/cutouts/2744949736664318539_VIS.fits,0.0
2744954811664713700,274.4954811785908,66.47137005821745,1378,26.983396530151367,0.1592526286840438,1,0.1975668668746948,2,5.840246677398682,0.0327725745737552,12.007640838623049,0.1969660371541977,set_2744893361664602862,reference,unlabelled,north,,20.32225846120997,3.139249217571607,1,40.8677711166884,-0.0461090321525397,0.005391092368272,0.0257812008332109,40.86777111667636,169.4376837175244,0.7825662455142092,data/raw/cutouts/2744954811664713700_VIS.fits,0.3
2745097475664476790,274.50974756208524,66.44767903593001,2465,32.710357666015625,0.1857742667198181,1,0.1880230158567428,2,6.672394275665283,0.0322315543889999,16.136526107788086,0.258463978767395,set_2745097475664476790,candidate,C,north,102159490.0,20.113286767819023,3.391816923613249,0,0.0,0.0,0.0,0.0,0.0,176.0758270969191,0.9588208596720889,data/raw/cutouts/2745097475664476790_VIS.fits,1.0
2745466281655752860,274.5466281364435,65.57528604568114,4664,85.5192642211914,0.1980518549680709,1,0.0638131275773048,2,11.13510513305664,0.0297920256853103,22.14696884155273,0.1575872749090194,set_2745580263655982375,reference,unlabelled,north,,19.06984011076489,3.668758541750958,1,84.34795259325064,-0.1794133653507508,0.1587500288107231,0.99379617951185,84.34795259324552,431.8023895054074,0.7465499320699638,data/raw/cutouts/2745466281655752860_VIS.fits,0.0
2745555812657916819,274.5555812252928,65.79168196503805,1446,18.99466323852539,0.1055558696389198,1,0.3608152568340301,2,4.855266094207764,0.0247996505349874,14.80615234375,0.1626243144273758,set_2745555812657916819,candidate,C,north,102159196.0,20.70342100441064,3.160168292958512,0,0.0,0.0,0.0,0.0,0.0,179.94890576432536,1.2105729427357983,data/raw/cutouts/2745555812657916819_VIS.fits,1.0
2745580263655982375,274.5580263721567,65.59823752063036,3236,72.49342346191406,0.1761473566293716,1,0.314220130443573,0,14.955636978149414,0.0407638363540172,39.35373306274414,0.284101128578186,set_2745580263655982375,candidate,C,north,102158895.0,19.24925347611564,3.5100085129402347,0,0.0,0.0,0.0,0.0,0.0,411.5498798795269,1.0504525514824274,data/raw/cutouts/2745580263655982375_VIS.fits,1.0
2746244566658471616,274.6244566764449,65.84716166373575,2765,29.557178497314453,0.2010132521390915,1,0.3432376682758331,2,4.157764434814453,0.025457402691245,11.963565826416016,0.1350731551647186,set_2746379606658382150,reference,unlabelled,north,,20.22334256418518,3.441695135640717,1,37.8570335267033,0.0377278931324625,0.0726649138315638,0.1490489299623414,37.85703352671373,147.0409447276755,1.1475019088065006,data/raw/cutouts/2746244566658471616_VIS.fits,0.2
2746287162658236495,274.6287162862629,65.82364953104337,756,7.021570682525635,0.1029138639569282,1,0.07073325663805,0,1.52190101146698,0.0203801300376653,6.827413558959961,0.1120635494589805,set_2746582293658497411,reference,unlabelled,north,,21.783914319941555,2.8785217955012063,1,103.50993437765744,-0.0650010033811767,0.0081178902221794,0.0577791882332889,54.17736313177458,68.22764603867485,1.629674511562982,data/raw/cutouts/2746287162658236495_VIS.fits,0.5
2746379606658382150,274.63796066689326,65.83821506384315,2339,30.602304458618164,0.1581556946039199,1,0.0487823635339736,2,6.205809593200684,0.0285129304975271,18.990488052368164,0.1590937077999115,set_2746379606658382150,candidate,C,north,102159196.0,20.18561467105272,3.369030221809153,0,0.0,0.0,0.0,0.0,0.0,193.49479976208005,1.214344199393019,data/raw/cutouts/2746379606658382150_VIS.fits,1.0
2746582293658497411,274.6582293065188,65.84974119493272,742,6.613538265228272,0.092911422252655,1,0.1294941157102584,2,1.429416537284851,0.0190194007009267,5.369535446166992,0.1034946590662002,set_2746582293658497411,candidate,C,north,102159196.0,21.84891532332273,2.870403905279027,0,0.0,0.0,0.0,0.0,0.0,71.18111105052303,1.4369447784860123,data/raw/cutouts/2746582293658497411_VIS.fits,0.9
2746801506668456740,274.6801506861866,66.84567403986287,2186,21.67306900024414,0.1865412443876266,1,0.2039935439825058,2,3.896014451980591,0.0305960197001695,14.757610321044922,0.2329873740673065,set_2746801506668456740,candidate,C,north,102159779.0,20.560198965874672,3.339650157613684,0,0.0,0.0,0.0,0.0,0.0,116.18379126499346,1.4459886982403964,data/raw/cutouts/2746801506668456740_VIS.fits,0.8
2746839414664813080,274.6839414047225,66.48130802746421,807,13.611071586608888,0.096505731344223,1,0.1216374039649963,2,4.487035274505615,0.0335605293512344,9.64777374267578,0.2119767814874649,set_2746839414664813080,candidate,C,north,102159490.0,21.065269204656797,2.90687353472207,0,0.0,0.0,0.0,0.0,0.0,141.03899734265545,0.8311690655547975,data/raw/cutouts/2746839414664813080_VIS.fits,0.7
2746891035664630847,274.68910357068944,66.46308474008954,1054,11.534423828125,0.1319871246814727,1,0.2786945402622223,2,2.792170763015747,0.0295177344232797,8.464221000671387,0.1954394429922104,set_2746839414664813080,reference,unlabelled,north,,21.24501023660572,3.022840610876528,1,66.02194978032239,0.1797410319489252,0.1159670761544577,0.6989109940945498,66.02194978032492,87.39052279501708,1.204112547508403,data/raw/cutouts/2746891035664630847_VIS.fits,0.0
2746932726653361737,274.6932726881236,65.33617377680166,3556,70.29200744628906,0.1848070919513702,1,0.0740003660321235,2,13.76071071624756,0.0386560410261154,33.25251388549805,0.25877845287323,set_2747055838653492415,reference,unlabelled,north,,19.282735134082998,3.550961752298176,1,50.5470172539229,-0.0342678175564152,-0.1352274819458472,0.4723998907838366,50.54701725390856,380.3534090822963,0.9579590461672192,data/raw/cutouts/2746932726653361737_VIS.fits,0.5
2747055838653492415,274.70558382737755,65.34924151593188,4855,68.10810852050781,0.1726524233818054,1,0.2155356705188751,2,14.555512428283691,0.0366164334118366,39.49388885498047,0.2452240288257599,set_2747055838653492415,candidate,C,north,102158895.0,19.31700295163941,3.686189234244024,0,0.0,0.0,0.0,0.0,0.0,394.481045712824,1.083756000510703,data/raw/cutouts/2747055838653492415_VIS.fits,0.5
2747480750668336229,274.7480750081133,66.83362293895428,2183,27.26443099975586,0.2261983454227447,1,0.5633096694946289,0,5.307393550872803,0.0362681597471237,8.8394193649292,0.1920913755893707,set_2746801506668456740,reference,unlabelled,north,,20.31100890368532,3.339053735709139,1,105.50651429505058,-0.2491900621893563,-0.0005964219045448,0.6995045456658998,105.50651429506657,120.5332910318201,0.553856115143525,data/raw/cutouts/2747480750668336229_VIS.fits,0.1
2747717859656675763,274.77178596261524,65.66757634152474,2750,32.45888137817383,0.1809863895177841,1,0.1975089907646179,2,6.480672359466553,0.0289981476962566,17.665889739990234,0.1741247177124023,set_2747717859656675763,candidate,C,north,102158895.0,20.121666128068792,3.439332693830263,0,0.0,0.0,0.0,0.0,0.0,179.34432232532245,1.088788624824337,data/raw/cutouts/2747717859656675763_VIS.fits,0.5
2747919932656895017,274.7919932678041,65.689501736124,2888,35.88108825683594,0.1507097482681274,1,0.1991182267665863,0,8.072259902954102,0.0293191038072109,21.5994930267334,0.1733965426683426,set_2747717859656675763,reference,unlabelled,north,,20.01283598369281,3.460597188897601,1,84.42647214850535,-0.1088301443759824,0.0212644950673386,0.149015437048853,84.42647214851095,238.0807390972478,1.0686210531429934,data/raw/cutouts/2747919932656895017_VIS.fits,0.0
2747977607665612966,274.7977607863377,66.56129662567429,919,9.174842834472656,0.16244637966156,1,0.4353312849998474,0,1.8673720359802248,0.0283875372260808,3.2091927528381348,0.1194754466414451,set_2748533848665527864,reference,unlabelled,north,,21.493503416247144,2.9633155113861114,1,85.35319944092247,-0.1294316613329158,0.0193266363123396,0.2017233291833726,85.35319944093483,56.479207807446855,0.5879123796370043,data/raw/cutouts/2747977607665612966_VIS.fits,0.1
2748050561663089946,274.80505612513514,66.30899462808173,900,13.121729850769045,0.1875193566083908,1,0.4070068001747131,2,2.554728746414185,0.0323320627212524,5.738804340362549,0.1311152875423431,set_2748353358663206335,reference,unlabelled,north,,21.10502226927564,2.9542425094393248,1,60.606210307863,-0.0011427478482879,0.0383152977422089,0.0398651628558629,60.60621030783626,69.97533528323707,0.8786915582299317,data/raw/cutouts/2748050561663089946_VIS.fits,0.6
2748315202675615816,274.8315202316875,67.56158165678129,2058,63.20637512207031,0.1734282523393631,1,0.1081176698207855,0,15.0097017288208,0.0478915832936763,32.59830093383789,0.328316330909729,set_2748315202675615816,candidate,C,north,102160063.0,19.39809778923452,3.313445370426414,0,0.0,0.0,0.0,0.0,0.0,364.4525864124408,0.8420572564614031,data/raw/cutouts/2748315202675615816_VIS.fits,0.9
2748353358663206335,274.8353358782567,66.32063350060866,824,13.10792636871338,0.2122788578271865,1,0.1288769245147705,512,3.895146608352661,0.0626094490289688,10.83440399169922,0.2386327534914016,set_2748353358663206335,candidate,C,north,102159491.0,21.106165017123924,2.915927211697116,0,0.0,0.0,0.0,0.0,0.0,61.748619259033205,1.11070304214121,data/raw/cutouts/2748353358663206335_VIS.fits,0.9
2748495552673322959,274.84955524979915,67.33229596679135,1268,16.97744369506836,0.1596430093050003,1,0.6397693157196045,2,2.8596651554107666,0.0274695549160242,4.689048767089844,0.1635908037424087,set_2748700195673372891,reference,unlabelled,north,,20.825319252942567,3.1031192535457137,1,33.601399282461024,-0.0359399206125736,-0.0615309623885829,0.109971441760952,33.601399282445826,106.34630209602668,0.5369239148055074,data/raw/cutouts/2748495552673322959_VIS.fits,0.0
2748533848665527864,274.853384892025,66.55278646197823,879,8.143778800964355,0.140017881989479,1,0.0821803584694862,0,1.7432268857955933,0.0256064739078283,7.475564002990723,0.1546274423599243,set_2748533848665527864,candidate,C,north,102159491.0,21.62293507758006,2.943988875073772,0,0.0,0.0,0.0,0.0,0.0,58.16241957992396,1.580725121727196,data/raw/cutouts/2748533848665527864_VIS.fits,0.9
2748700195673372891,274.870019591916,67.33728913975396,1461,16.424657821655273,0.206348180770874,1,0.061894491314888,0,2.9736902713775635,0.0311821084469556,12.324285507202148,0.2407997548580169,set_2748700195673372891,candidate,C,north,102160063.0,20.86125917355514,3.1646502159342966,0,0.0,0.0,0.0,0.0,0.0,79.59681427912841,1.543665046744616,data/raw/cutouts/2748700195673372891_VIS.fits,1.0
2749019799675678726,274.90197996187936,67.56787268238433,1879,53.98678207397461,0.1703432500362396,1,0.308673232793808,0,12.65617847442627,0.0437675677239894,30.528642654418945,0.3274347186088562,set_2748315202675615816,reference,unlabelled,north,,19.5692813955822,3.2739267801005254,1,99.41871494907316,0.1711836063476788,-0.0395185903258887,0.3731150594679627,99.418714949051,316.9293885286868,0.956012262203488,data/raw/cutouts/2749019799675678726_VIS.fits,0.1
2749383769666271358,274.93837695415306,66.6271358433024,3406,42.22050094604492,0.2332619875669479,1,0.1760703325271606,2,9.433511734008787,0.0412375479936599,23.743125915527344,0.3008946478366852,set_2749383769666271358,candidate,C,north,102159491.0,19.83619154523952,3.532244643626582,0,0.0,0.0,0.0,0.0,0.0,181.0003480911236,1.002161254240209,data/raw/cutouts/2749383769666271358_VIS.fits,0.8
2749784696666031069,274.9784696641455,66.60310691347688,2783,37.523529052734375,0.1402771472930908,1,0.2704364955425262,2,10.0283203125,0.0420149713754653,22.096534729003903,0.2943136990070343,set_2749383769666271358,reference,unlabelled,north,,19.96424080845801,3.444513206334043,1,103.7533316000734,0.1280492632184859,-0.0877314372925393,0.3838337664723761,103.75333160008572,267.49566680546945,0.857739934825487,data/raw/cutouts/2749784696666031069_VIS.fits,0.1
2749814511668802321,274.9814511877286,66.88023215686928,842,11.553486824035645,0.1313141286373138,1,0.0444498993456363,2,3.1654956340789795,0.0307515803724527,10.487801551818848,0.1715286672115326,set_2749844085669042459,reference,unlabelled,north,,21.243217316505973,2.925312091499649,1,86.55055837579121,-0.0672119684633649,-0.0071616731775034,0.0578984379429948,86.55055837579675,87.98357757790157,1.3006068556324286,data/raw/cutouts/2749814511668802321_VIS.fits,0.7
2749834557657898518,274.9834557752824,65.78985182096697,1557,23.83906936645508,0.1140090823173523,1,0.29538494348526,2,6.266001224517822,0.0287119299173355,18.88339233398437,0.212773248553276,set_2750209178658155394,reference,unlabelled,north,,20.45677675665229,3.19228861256812,1,107.73740836231129,-0.194568764698559,-0.1471628287383204,0.972007265051956,107.7374083623195,209.09798484385087,1.197723852516675,data/raw/cutouts/2749834557657898518_VIS.fits,0.8
2749844085669042459,274.98440855185225,66.90424594626109,856,10.85996150970459,0.1428198218345642,1,0.2919627428054809,2,2.085291862487793,0.0262754298746585,4.3961286544799805,0.142221599817276,set_2749844085669042459,candidate,C,north,102159779.0,21.310429284969334,2.932473764677153,0,0.0,0.0,0.0,0.0,0.0,76.03959569620707,0.8097588631793462,data/raw/cutouts/2749844085669042459_VIS.fits,0.6
2750209178658155394,275.02091783914415,65.81553944858133,2185,19.92791175842285,0.1808863282203674,1,0.0408337861299514,2,3.5333173274993896,0.0267627015709877,7.735098838806152,0.1463515311479568,set_2750209178658155394,candidate,C,north,102159196.0,20.65134552135085,3.3394514413064407,0,0.0,0.0,0.0,0.0,0.0,110.16814788868612,0.850708060656422,data/raw/cutouts/2750209178658155394_VIS.fits,1.0
2750347080659999250,275.03470801356,65.99992501309006,908,11.209230422973633,0.1325931549072265,1,0.7882080674171448,2,1.9991750717163088,0.0263478606939315,6.01629114151001,0.143475741147995,set_2750501045660009778,reference,unlabelled,north,,21.276060507881173,2.958085848521085,1,22.86040431198018,0.0602720075025438,-0.0737264228092855,0.1767011778921399,22.860404312023768,84.5385301437059,1.196195041857847,data/raw/cutouts/2750347080659999250_VIS.fits,0.0
2750395322669381491,275.03953221141444,66.93814911370615,1030,11.827281951904297,0.1714171767234802,1,0.2268694788217544,2,1.2465811967849731,0.0232935715466737,3.609201192855835,0.1377816051244735,set_2750395322669381491,candidate,C,north,102159779.0,21.217787624676543,3.012837224705172,0,0.0,0.0,0.0,0.0,0.0,68.99706422643602,1.154226301122937,data/raw/cutouts/2750395322669381491_VIS.fits,0.3
2750501045660009778,275.0501045526839,66.00097784468164,1076,11.849079132080078,0.1515905708074569,1,0.2442843466997146,2,1.6292260885238647,0.0235096160322427,5.033339023590088,0.1414532363414764,set_2750501045660009778,candidate,C,north,102159196.0,21.21578850037863,3.0318122713303706,0,0.0,0.0,0.0,0.0,0.0,78.16501428133161,1.2246870694880028,data/raw/cutouts/2750501045660009778_VIS.fits,1.0
2750794126664357787,275.07941263056136,66.43577876952128,816,10.178224563598633,0.138014331459999,1,0.2724134922027588,0,2.5558738708496094,0.0291148535907268,5.473089694976807,0.1613093167543411,set_2750844512664257993,reference,unlabelled,north,,21.38081992864211,2.9116901587538613,1,36.65082024354619,-0.1261979373264701,0.0251994335813794,0.1939815944995971,36.65082024353345,73.74759168795894,0.8267328686141072,data/raw/cutouts/2750794126664357787_VIS.fits,0.0
2750824707669377189,275.08247076699706,66.93771897129089,923,12.129034996032717,0.151166170835495,1,0.3819123804569244,0,2.722655773162842,0.03156229108572,5.026956081390381,0.1555060744285583,set_2750395322669381491,reference,unlabelled,north,,21.190434377176004,2.965201701025912,1,60.57264606523345,-0.0273532475005389,-0.04763552367926,0.0681875279907752,60.57264606524991,80.23643735232278,0.6657808856329178,data/raw/cutouts/2750824707669377189_VIS.fits,0.4
2750844512664257993,275.0844512045072,66.42579932527879,770,9.061348915100098,0.1383503079414367,1,0.4417440593242645,0,2.042734384536743,0.0263963304460048,3.86801552772522,0.1432217061519622,set_2750844512664257993,candidate,C,north,102159491.0,21.50701786596858,2.886490725172482,0,0.0,0.0,0.0,0.0,0.0,65.49569025126955,0.6931907739401576,data/raw/cutouts/2750844512664257993_VIS.fits,0.4
2751699681655051907,275.169968160899,65.50519075416895,835,14.27192211151123,0.0743263587355613,1,0.0837020054459571,2,5.0086517333984375,0.0281434934586286,10.760238647460938,0.1448675394058227,set_2751699681655051907,candidate,C,north,102158896.0,21.01379383276902,2.921686475483602,0,0.0,0.0,0.0,0.0,0.0,192.01696886952243,0.830252671397194,data/raw/cutouts/2751699681655051907_VIS.fits,0.5
2752026869655299115,275.20268694962255,65.52991155577804,929,17.6787166595459,0.0849550440907478,1,0.1264867633581161,130,5.538434028625488,0.0262204743921756,13.098844528198242,0.1540094017982483,set_2751699681655051907,reference,unlabelled,north,,20.78137316164259,2.968015713993642,1,101.50265312462598,-0.2324206711264302,0.0463292385100397,0.6627081432159455,101.50265312461896,208.09496185608165,0.934615001301442,data/raw/cutouts/2752026869655299115_VIS.fits,0.0
2753177022677082972,275.3177022115333,67.7082972884899,1135,11.76938533782959,0.2010353505611419,1,0.5122156739234924,0,1.8972049951553345,0.03091443143785,0.9818903803825378,4.8251729011535645,set_2753302178677181551,reference,unlabelled,north,,21.22311554453954,3.0549958615291417,1,39.38757139067566,-0.0027490729237769,0.0463956897672241,0.0552280308248938,39.38757139070011,58.54385959970809,-0.7151281354683514,data/raw/cutouts/2753177022677082972_VIS.fits,0.2
2753259104654747327,275.3259104887559,65.4747327087615,801,7.232158184051514,0.0924988463521003,1,0.1172940135002136,2,1.8008666038513184,0.0197491329163312,8.441634178161621,0.1544641852378845,set_2753259104654747327,candidate,C,north,102158896.0,21.751830208506306,2.9036325160842376,0,0.0,0.0,0.0,0.0,0.0,78.18646901305162,1.6773624587674625,data/raw/cutouts/2753259104654747327_VIS.fits,0.8
2753292139657573928,275.32921393076634,65.75739281706402,2581,39.500267028808594,0.1868078410625457,1,0.3212937414646148,0,5.438807964324951,0.0245144963264465,9.38478183746338,0.13075952231884,set_2753932087657433468,reference,unlabelled,north,,19.908499921139796,3.411788004543869,1,107.28420144325638,-0.2756699284928849,0.034117565209546,0.8833448623274862,107.2842014432895,211.4486565667412,0.5923011411190633,data/raw/cutouts/2753292139657573928_VIS.fits,0.2
2753302178677181551,275.3302178031157,67.71815510602629,1020,11.739623069763184,0.1769245862960815,1,0.1353748440742492,0,1.6265469789505005,0.0296097751706838,7.259284973144531,10.99718952178955,set_2753302178677181551,candidate,C,north,102160063.0,21.22586461746332,3.008600171761917,0,0.0,0.0,0.0,0.0,0.0,66.35382518355614,1.6240680854902876,data/raw/cutouts/2753302178677181551_VIS.fits,0.6
2753656448654532086,275.3656448943886,65.45320868311356,921,7.508152484893799,0.0993271693587303,1,0.7968394756317139,2,0.973791241645813,0.0181113798171281,2.8141069412231445,0.1141387447714805,set_2753259104654747327,reference,unlabelled,north,,21.71116728942232,2.964259630196849,1,97.63531000496457,-0.0406629190839851,0.0606271141126115,0.118435810363008,97.63531000494784,75.5901183268128,1.1521868331244731,data/raw/cutouts/2753656448654532086_VIS.fits,0.0
2753667463653374141,275.3667463470952,65.33741413234296,2579,34.24981689453125,0.1711339503526687,1,0.3108543753623962,0,6.160299777984619,0.0269723515957593,18.02289581298828,0.1682623326778412,set_2753955585653465085,reference,unlabelled,north,,20.063354364947664,3.411451342137937,1,54.26343508867106,0.2642401425351366,-0.0364815234542428,0.8116064674405885,54.26343508871669,200.1345543882441,1.165556813579847,data/raw/cutouts/2753667463653374141_VIS.fits,0.8
2753812141675803216,275.381214191122,67.58032163184535,984,17.738677978515625,0.2110844999551773,1,0.3324632942676544,0,3.8048970699310303,0.040558710694313,11.6577730178833,8.626994132995605,set_2754014810675660187,reference,unlabelled,north,,20.77769687558288,2.9929950984313414,1,58.532216686295705,0.0140016833571188,-0.0915811795029895,0.2147933727790102,58.5322166862853,84.03590970574506,1.215681706059266,data/raw/cutouts/2753812141675803216_VIS.fits,0.3
2753932087657433468,275.3932087063792,65.74334688765707,2386,30.643054962158203,0.1501758098602295,1,0.1086328625679016,2,5.730186939239502,0.0279618836939334,16.175167083740234,0.1794461905956268,set_2753932087657433468,candidate,C,north,102158896.0,20.18416984963268,3.377670439334323,0,0.0,0.0,0.0,0.0,0.0,204.0478755578417,1.1266999625763598,data/raw/cutouts/2753932087657433468_VIS.fits,0.7
2753955585653465085,275.3955585466052,65.34650854459173,2805,43.68721008300781,0.1740705519914627,1,0.0713691934943199,0,8.21236515045166,0.0299817360937595,23.3586654663086,0.1936427354812622,set_2753955585653465085,candidate,C,north,102158896.0,19.799114222412527,3.4479328655921804,0,0.0,0.0,0.0,0.0,0.0,250.9741572207484,1.134949438848439,data/raw/cutouts/2753955585653465085_VIS.fits,0.9
2754014810675660187,275.4014810086952,67.56601877143119,1215,17.968917846679688,0.1704832762479782,1,0.0608476176857948,0,4.03880500793457,0.0332293473184108,12.520806312561035,0.2449344098567962,set_2754014810675660187,candidate,C,north,102160063.0,20.76369519222576,3.084576277934331,0,0.0,0.0,0.0,0.0,0.0,105.3998857960872,1.228448528242487,data/raw/cutouts/2754014810675660187_VIS.fits,1.0
2754209539663432568,275.42095392587424,66.34325688672256,1493,17.236339569091797,0.2151625603437423,1,0.1010839641094207,0,2.4490609169006348,0.0300324689596891,11.08299732208252,0.2012307941913604,set_2754209539663432568,candidate,C,north,102159491.0,20.80888739641361,3.1740598077250253,0,0.0,0.0,0.0,0.0,0.0,80.1084516820916,1.639144101458652,data/raw/cutouts/2754209539663432568_VIS.fits,1.0
2754371045664002714,275.4371045009382,66.40027147768242,817,10.841132164001465,0.1670965105295181,1,0.5065789222717285,0,2.153918504714966,0.0315309055149555,3.5030672550201416,0.113023854792118,set_2755011419663940993,reference,unlabelled,north,,21.312313402680594,2.9122220565324155,1,94.94150308542493,0.1196326188003062,0.0234810958495228,0.1805338199816857,94.941503085435,64.87946474553307,0.5280480199733719,data/raw/cutouts/2754371045664002714_VIS.fits,0.0
2754428103664554291,275.4428103158437,66.45542910323735,1298,18.91649627685547,0.2108009159564972,1,0.402463287115097,0,4.136775493621826,0.0391607135534286,9.788408279418944,0.2107322514057159,set_2754998495664697720,reference,unlabelled,north,,20.70789825183071,3.1132746924643504,1,96.90484539715,-0.0647372287883811,0.0184543121095503,0.0631305763757899,96.90484539719635,89.73630968832816,0.9351253092492726,data/raw/cutouts/2754428103664554291_VIS.fits,0.8
2754580859663626733,275.4580859066217,66.36267330572313,1212,15.52802276611328,0.174596756696701,1,0.3471851944923401,2,2.8587234020233154,0.0288784429430961,5.63431978225708,0.1262581199407577,set_2754209539663432568,reference,unlabelled,north,,20.92220960221672,3.0835026198302677,1,88.09480235150826,0.113322205803108,-0.0905571878947579,0.3543566772640494,88.0948023515365,88.93649034436321,0.7366733883349839,data/raw/cutouts/2754580859663626733_VIS.fits,0.2
2754998495664697720,275.4998495991057,66.4697720252383,1244,17.821563720703125,0.1509199440479278,1,0.0455158539116382,0,4.4674153327941895,0.0327254794538021,13.888764381408691,23.795330047607425,set_2754998495664697720,candidate,C,north,102159491.0,20.77263548061909,3.0948203803548,0,0.0,0.0,0.0,0.0,0.0,118.08620678419754,1.2315181996698523,data/raw/cutouts/2754998495664697720_VIS.fits,0.9
2755011419663940993,275.5011419637375,66.39409933306753,774,12.103965759277344,0.1101792678236961,1,0.1200861111283302,2,3.661071538925171,0.030687928199768,13.866724967956545,0.2017985433340072,set_2755011419663940993,candidate,C,north,102159491.0,21.192680783880288,2.8887409606828927,0,0.0,0.0,0.0,0.0,0.0,109.85701755293532,1.445914216481769,data/raw/cutouts/2755011419663940993_VIS.fits,0.5
2755106528650579192,275.51065289092827,65.0579192640042,1541,28.62824249267578,0.1823699176311493,1,0.1025828719139099,0,5.971375942230225,0.038460224866867,13.011497497558594,0.1733527034521103,set_2755779933650642467,reference,unlabelled,north,,20.25801328198594,3.1878026387184195,1,104.72647415223652,0.0942397669135175,-0.1931318246122826,1.040579783656578,104.72647415222254,156.9789736406943,0.8456321711133762,data/raw/cutouts/2755106528650579192_VIS.fits,0.5
2755779933650642467,275.5779933217906,65.0642467250097,2404,31.22414779663086,0.2086510211229324,1,0.0696079730987548,2,5.443665027618408,0.0328052565455436,11.370184898376465,0.1907984316349029,set_2755779933650642467,candidate,C,north,102158590.0,20.16377351507242,3.380934463330702,0,0.0,0.0,0.0,0.0,0.0,149.64771142066112,0.7996903344505455,data/raw/cutouts/2755779933650642467_VIS.fits,1.0
2756278870670295576,275.6278870984032,67.02955767856233,792,16.604990005493164,0.136600986123085,1,0.4379215240478515,0,4.55487871170044,0.0353826731443405,11.399577140808104,0.209682822227478,set_2756662804670356994,reference,unlabelled,north,,20.849403453666017,2.898725181589493,1,58.289113759201314,-0.043391717074865,-0.0312043784950946,0.0481761999110276,58.289113759226346,121.55834651538429,0.9960298120392048,data/raw/cutouts/2756278870670295576_VIS.fits,0.0
2756655685656428937,275.665568556114,65.64289378995373,1752,19.65898704528809,0.2370361536741256,1,0.514988899230957,0,2.898035764694214,0.0328558906912803,5.470436096191406,0.1382915824651718,set_2756881489656234545,reference,unlabelled,north,,20.66609715877946,3.243534101832062,1,77.60281105400492,0.1898502064099929,-0.0085904506735823,0.4074868573257659,77.60281105399426,82.93666067630774,0.6897955207856559,data/raw/cutouts/2756655685656428937_VIS.fits,0.0
2756662804670356994,275.66628046371125,67.03569943116706,851,15.954453468322754,0.1317481100559234,1,0.044628869742155,0,4.517884731292725,0.0352607928216457,11.690229415893556,0.2125763744115829,set_2756662804670356994,candidate,C,north,102159780.0,20.89279517074088,2.929929560084588,0,0.0,0.0,0.0,0.0,0.0,121.09815815612484,1.0322197197496306,data/raw/cutouts/2756662804670356994_VIS.fits,1.0
2756664546654694735,275.6664546329766,65.46947354435169,1159,14.794310569763184,0.0901891067624092,1,0.3375497460365295,2,4.014262676239014,0.0222920831292867,13.811259269714355,0.1582235544919967,set_2756664546654694735,candidate,C,north,102158896.0,20.97476317151419,3.064083435963596,0,0.0,0.0,0.0,0.0,0.0,164.0365571946151,1.3415687265186906,data/raw/cutouts/2756664546654694735_VIS.fits,0.7
2756809079666872768,275.6809079901682,66.68727680140171,2080,25.017831802368164,0.204724833369255,1,0.2427691370248794,386,4.428907871246338,0.0355957001447677,16.228137969970703,0.2490196973085403,set_2757401848666955732,reference,unlabelled,north,,20.404375829039544,3.318063334962761,1,89.56411760477175,-0.1959235398219689,0.0275835216320885,0.452410091020743,89.56411760481232,122.20223306883528,1.4099301126357242,data/raw/cutouts/2756809079666872768_VIS.fits,0.7
2756881489656234545,275.68814899345534,65.62345453548319,1787,23.41538047790528,0.1708946675062179,1,0.2901630699634552,2,5.077724456787109,0.0320545062422752,18.096874237060547,0.2113642692565918,set_2756881489656234545,candidate,C,north,102158896.0,20.47624695236947,3.252124552505644,0,0.0,0.0,0.0,0.0,0.0,137.01644890150436,1.3798360953987792,data/raw/cutouts/2756881489656234545_VIS.fits,0.7
2757104345654485884,275.7104345667624,65.44858848603725,1000,16.623947143554688,0.1023493781685829,1,0.5506197810173035,0,4.464413166046143,0.0255718138068914,15.172200202941896,0.1804910600185394,set_2756664546654694735,reference,unlabelled,north,,20.848164626599555,3.0,1,99.88694886908844,-0.1265985449146356,-0.064083435963596,0.2893010900415192,99.88694886903797,162.4235285159511,1.328210461256794,data/raw/cutouts/2757104345654485884_VIS.fits,0.0
2757401848666955732,275.74018485372426,66.69557325038375,1952,20.8872013092041,0.2362647205591201,1,0.093231126666069,0,3.271547555923462,0.0333940275013446,9.258298873901367,0.189359039068222,set_2757401848666955732,candidate,C,north,102159491.0,20.600299368861517,3.290479813330673,0,0.0,0.0,0.0,0.0,0.0,88.40592560655934,1.1294448969282007,data/raw/cutouts/2757401848666955732_VIS.fits,0.4
2757478845668392003,275.7478845083818,66.83920034252644,2261,53.045875549316406,0.2798868715763092,1,0.63896244764328,2,6.041697978973389,0.0415485985577106,16.201322555541992,0.2542232573032379,set_2758061785668493660,reference,unlabelled,north,,19.588370944854628,3.35430056234536,1,90.27372975984052,-0.0375970830903007,-0.0807470789946047,0.1856950273829016,90.27372975980606,189.52612979152835,1.0709786430396075,data/raw/cutouts/2757478845668392003_VIS.fits,0.6
2758061785668493660,275.8061785213618,66.84936607130929,2723,51.24043273925781,0.1826322823762893,1,0.1506222486495971,0,14.367231369018556,0.0489248894155025,29.437406539916992,0.3333591222763061,set_2758061785668493660,candidate,C,north,102159780.0,19.62596802794493,3.4350476413399647,0,0.0,0.0,0.0,0.0,0.0,280.5661303278452,0.778816149935132,data/raw/cutouts/2758061785668493660_VIS.fits,1.0
2758066062650843967,275.8066062674231,65.084396763564,2014,37.0269889831543,0.1928038150072097,1,0.1939055770635604,2,6.803145408630371,0.0343665070831775,23.8855037689209,0.2836669087409973,set_2758066062650843967,candidate,C,north,102158590.0,19.97870400783001,3.3040594662175997,0,0.0,0.0,0.0,0.0,0.0,192.0448979796884,1.3635616296534836,data/raw/cutouts/2758066062650843967_VIS.fits,0.6
2758097960650763722,275.80979608494687,65.07637222333551,1710,39.6192626953125,0.2309192419052124,1,0.2395099848508834,2,9.931062698364258,0.0613073222339153,21.47947120666504,0.2856370508670807,set_2758066062650843967,reference,unlabelled,north,,19.90523402708812,3.2329961103921536,1,29.29073579260761,-0.0734699807418906,-0.0710633558254456,0.186961543530413,29.29073579261964,171.57194163826068,0.8375696542610013,data/raw/cutouts/2758097960650763722_VIS.fits,0.3
2758134942651174253,275.8134942182329,65.117425315732,3195,37.63015365600586,0.2658983767032623,1,0.0900569856166839,2,6.062684059143066,0.0404736101627349,17.670392990112305,0.2474748790264129,set_2758134942651174253,candidate,C,north,102158590.0,19.961160020781577,3.504470862494419,0,0.0,0.0,0.0,0.0,0.0,141.52081002736028,1.1614531790729217,data/raw/cutouts/2758134942651174253_VIS.fits,0.8
2758162341664766113,275.8162341933964,66.47661137561158,1405,15.94949722290039,0.1943922489881515,1,0.3104831278324127,2,2.178749322891236,0.0309328474104404,8.791120529174805,0.2012314796447754,set_2758162341664766113,candidate,C,north,102159491.0,20.89313250671473,3.1476763242410986,0,0.0,0.0,0.0,0.0,0.0,82.04801017489405,1.5145924231695953,data/raw/cutouts/2758162341664766113_VIS.fits,0.9
2758326199651019643,275.8326199170233,65.10196435951698,2352,29.440519332885746,0.2776162028312683,1,0.3653865158557892,2,1.4190342426300049,0.0263338033109903,3.241430759429932,0.1404483467340469,set_2758134942651174253,reference,unlabelled,north,,20.22763633320241,3.371437317404101,1,62.751451835261,0.2664763124208313,-0.1330335450903179,1.23481991862239,62.751451835232025,106.04755425885328,0.8968596837659149,data/raw/cutouts/2758326199651019643_VIS.fits,0.0
2758540873664980684,275.8540873419863,66.49806845788086,1259,17.437728881835938,0.1602615416049957,1,0.0688820481300354,0,4.006520748138428,0.0308435913175344,7.242502689361572,0.1506830304861068,set_2758162341664766113,reference,unlabelled,north,,20.79627519734958,3.100025730107862,1,94.45894950782584,-0.0968573093651521,-0.0476505941332359,0.1686511708587302,94.45894950782946,108.80794423415408,0.6428031725638593,data/raw/cutouts/2758540873664980684_VIS.fits,0.0
2758626130661770946,275.86261307502593,66.17709460267002,4462,73.20271301269531,0.2734764218330383,1,0.0993321910500526,0,11.86655330657959,0.0445423312485218,32.104026794433594,0.30692258477211,set_2758626130661770946,candidate,B,north,102159197.0,19.23868205744252,3.649529565947819,0,0.0,0.0,0.0,0.0,0.0,267.67467748055714,1.080587286739284,data/raw/cutouts/2758626130661770946_VIS.fits,1.0
2759191585654597340,275.919158528756,65.45973406947864,814,9.731640815734863,0.112896628677845,1,0.6108940839767456,0,2.2032644748687744,0.0245640259236097,7.110469341278076,15.570188522338867,set_2759635466654599708,reference,unlabelled,north,,21.42953482195453,2.910624404889201,1,66.37415982682285,-0.0974037641836957,-0.0021288987821219,0.1093069283341347,66.37415982681121,86.19956972767083,1.2720790904496393,data/raw/cutouts/2759191585654597340_VIS.fits,0.0
2759305695661878210,275.9305695386945,66.18782101431748,5666,59.80202865600586,0.3745575249195099,1,0.2313502579927444,2,4.037721157073975,0.0297301728278398,7.104732990264893,0.1388698518276214,set_2758626130661770946,reference,unlabelled,north,,19.45821020812407,3.7532765701844175,1,106.07173636059392,0.2195281506815511,0.1037470042365993,0.8142055567854763,106.07173636062096,159.66046515513725,0.613528593609796,data/raw/cutouts/2759305695661878210_VIS.fits,0.1
2759403264653300178,275.9403264361868,65.33001784310324,1985,28.93815803527832,0.2450961470603943,1,0.25203937292099,514,4.500932693481445,1677.215576171875,7.907959461212158,0.1800572574138641,set_2759494948653559960,reference,unlabelled,north,,20.246322789864603,3.297760511099134,1,94.52997591264725,0.0176556819493178,0.0858394267906246,0.1953348778286256,94.52997591264328,118.06859627274213,0.6119047893074349,data/raw/cutouts/2759403264653300178_VIS.fits,0.1
2759494948653559960,275.94949483817913,65.35599609764981,1629,29.412582397460938,0.1574498265981674,1,0.2180103063583374,512,7.984011173248291,0.0427525825798511,1.8410521745681765,14.320165634155272,set_2759494948653559960,candidate,C,north,102158896.0,20.228667107915285,3.2119210843085093,0,0.0,0.0,0.0,0.0,0.0,186.80606408367603,-1.5928875991775864,data/raw/cutouts/2759494948653559960_VIS.fits,0.7
2759635466654599708,275.96354663810604,65.45997080685525,818,8.896610260009766,0.1033948585391044,1,0.0976517647504806,2,2.0465950965881348,0.0256115794181823,6.113138675689697,0.1650516390800476,set_2759635466654599708,candidate,C,north,102158896.0,21.526938586138225,2.912753303671323,0,0.0,0.0,0.0,0.0,0.0,86.0449966827415,1.1880807963478917,data/raw/cutouts/2759635466654599708_VIS.fits,0.9
2759644348655704248,275.96443486289223,65.57042481753366,1135,32.47625732421875,0.1545859277248382,1,0.1427877694368362,0,8.224688529968262,0.0400110967457294,14.888890266418455,32.58404922485352,set_2760272555655712464,reference,unlabelled,north,,20.121085065348662,3.0549958615291417,1,93.57695810319665,-0.1978008783525524,0.0248010761723906,0.4576090532672707,93.57695810321523,210.0854702766105,0.6443571724054133,data/raw/cutouts/2759644348655704248_VIS.fits,0.4
2759952576654365704,275.9952576497475,65.43657040252394,1315,15.016982078552246,0.1680758744478225,1,0.0714786499738693,0,3.16632080078125,0.030441204085946,11.49835205078125,0.2145026624202728,set_2759952576654365704,candidate,C,north,102158896.0,20.95854334381619,3.1189257528257768,0,0.0,0.0,0.0,0.0,0.0,89.34644622785599,1.4002017188476388,data/raw/cutouts/2759952576654365704_VIS.fits,1.0
2760239474652997516,276.023947465575,65.29975167419644,2592,61.21537780761719,0.3275308310985565,1,0.4618649184703827,514,1.8370181322097776,2451.44140625,,,set_2760239474652997516,candidate,C,north,102158896.0,19.432848664485977,3.413634997198556,0,0.0,0.0,0.0,0.0,0.0,186.89958927621387,,data/raw/cutouts/2760239474652997516_VIS.fits,0.3
2760272555655712464,276.0272555248371,65.57124647764964,1072,27.06734275817871,0.1428435891866684,1,0.2028427422046661,2,9.050124168395996,0.0477938801050186,42.89920425415039,0.3185246884822845,set_2760272555655712464,candidate,B,north,102158896.0,20.31888594370122,3.030194785356751,0,0.0,0.0,0.0,0.0,0.0,189.48937724329397,1.6894867466133598,data/raw/cutouts/2760272555655712464_VIS.fits,0.6
2760438323654450672,276.0438323488125,65.44506724317458,1233,15.630512237548828,0.143690139055252,1,0.4578641057014465,2,3.48414945602417,0.0296206772327423,9.21928882598877,0.1937156915664672,set_2759952576654365704,reference,unlabelled,north,,20.915066973010955,3.0909630765957314,1,78.85576732955018,-0.0434763708052337,-0.0279626762300453,0.0458810779199897,78.85576732960331,108.7792964800358,1.0565016118382011,data/raw/cutouts/2760438323654450672_VIS.fits,0.7
2760551239652909771,276.05512394455747,65.2909771169575,3470,67.46438598632812,0.426706314086914,1,0.1151372045278549,512,,,17.9648380279541,45.47590255737305,set_2760239474652997516,reference,unlabelled,north,,19.32731356982446,3.5403294747908736,1,56.55227005406135,-0.1055350946615156,0.1266944775923177,0.5277809080003055,56.55227005407362,158.10496296660514,,data/raw/cutouts/2760551239652909771_VIS.fits,0.4
2760871650654303966,276.0871650825683,65.43039664592615,1282,24.712066650390625,0.1364646553993225,1,0.2789412140846252,2,7.11478853225708,0.0363348834216594,13.550048828125,0.2384296357631683,set_2760871650654303966,candidate,C,north,102158896.0,20.41772733344648,3.1078880251827985,0,0.0,0.0,0.0,0.0,0.0,181.08767122210688,0.699447159551593,data/raw/cutouts/2760871650654303966_VIS.fits,0.8
2760975684657287517,276.0975684684393,65.72875175708243,869,14.173219680786133,0.1241946890950203,1,0.1565248519182205,0,4.042119026184082,0.0333713479340076,12.962705612182615,0.2452468127012252,set_2760975684657287517,candidate,C,north,102158896.0,21.021328703463105,2.9390197764486663,0,0.0,0.0,0.0,0.0,0.0,114.12098040635476,1.2652164008579692,data/raw/cutouts/2760975684657287517_VIS.fits,0.1
2761265756654342777,276.12657568830105,65.43427775833027,1497,23.260677337646484,0.2086909711360931,1,0.0987400338053703,0,5.207766056060791,0.045318990945816,16.519704818725586,0.2338106036186218,set_2760871650654303966,reference,unlabelled,north,,20.48344410754007,3.1752218003430523,1,60.62047221085784,0.0657167740935875,0.0673337751602538,0.164482009642186,60.62047221084419,111.4599122857,1.2533770408134286,data/raw/cutouts/2761265756654342777_VIS.fits,0.3
2761524548657146077,276.1524548065114,65.71460777240583,1010,12.529826164245604,0.1706547886133194,1,0.2396581619977951,0,1.7921977043151855,4245.70751953125,10.050426483154297,0.2518245875835418,set_2760975684657287517,reference,unlabelled,north,,21.155137385649617,3.004321373782642,1,95.88092898064131,0.1338086821865118,0.0653015973339763,0.3134309277867174,95.88092898059573,73.42206020738445,1.8719964361463712,data/raw/cutouts/2761524548657146077_VIS.fits,0.7
2763155366665581648,276.3155366442535,66.55816481075969,848,18.371320724487305,0.1653190106153488,1,0.5020222663879395,0,5.06546688079834,0.0449941046535968,11.162938117980955,0.1705258786678314,set_2763503362665481671,reference,unlabelled,north,,20.7396490522487,2.9283958522567137,1,61.48352888000516,-0.0696951152263416,0.014581999872997,0.0625280131406766,61.48352888003861,111.1264860351254,0.8578975926097249,data/raw/cutouts/2763155366665581648_VIS.fits,0.0
2763503362665481671,276.35033624887035,66.54816715405106,820,17.229089736938477,0.1748582869768142,1,0.0890112742781639,0,3.8945157527923584,0.041319366544485,11.357911109924316,0.1743270605802536,set_2763503362665481671,candidate,C,north,102159492.0,20.809344167475043,2.9138138523837167,0,0.0,0.0,0.0,0.0,0.0,98.53173123686734,1.162112501532848,data/raw/cutouts/2763503362665481671_VIS.fits,0.7
2763707929666514857,276.3707929383711,66.65148571427727,1135,25.38797187805176,0.151509940624237,1,0.1928409487009048,2,6.904032707214356,0.0424469783902168,13.81326389312744,0.2257679551839828,set_2763707929666514857,candidate,C,north,102159492.0,20.38842997855135,3.0549958615291417,0,0.0,0.0,0.0,0.0,0.0,167.56637731788837,0.7529836716340416,data/raw/cutouts/2763707929666514857_VIS.fits,0.9
2763978221666573641,276.3978221090639,66.65736413095264,1619,21.54962921142578,0.2012687027454376,1,0.2836913466453552,0,4.335336685180664,0.036281518638134,15.61065673828125,0.250034898519516,set_2763707929666514857,reference,unlabelled,north,,20.56640049505941,3.2092468487533736,1,43.98509345573758,0.1779705165080614,0.1542509872242319,0.9484206905142,43.98509345570879,107.06895268600957,1.3909958585833415,data/raw/cutouts/2763978221666573641_VIS.fits,0.2
